82603
992278
459235
504880
480898
612217
735331
721932
802190
378925
144502
616173
781953
880482
531056
200145
21145
521881
202356
589074
990567
350190
647136
857940
464606
453395
711541
22548
548715
47163
84292
776042
526406
394155
910376
17143
425089
22559
283862
382450
451314
538121
729230
287561
265409
619838
553693
570612
819292
896005
971536
830161
203915
41980
464827
861881
470006
903695
68883
458343
771448
29980
971211
913503
550768
582482
577460
985504
526344
773459
613829
932311
502170
365715
19661
161156
463021
832832
53613
71656
346555
673881
377540
650912
692783
315493
236133
240640
186351
643059
492801
611816
793503
869593
901441
918499
757390
239376
881108
765820
426466
155708
986776
183810
469320
274600
426657
673565
906311
32249
442017
613131
186912
146585
992191
444053
769280
787875
758885
34556
504007
735688
898041
295450
432621
577174
704319
572914
975660
442743
467454
980513
744963
39068
434169
343263
773754
652350
277654
456477
889586
148767
46187
245701
465151
989009
879949
632283
98842
16931
54216
556420
307132
446581
394275
975469
644721
256271
221697
332700
920680
861575
464794
900554
69654
193745
373601
876217
276319
756070
510272
497406
64165
125149
952336
952934
952879
824540
507036
783741
176251
969877
157109
878321
964062
473142
744369
590281
411135
426930
14498
816914
381951
184549
192293
862186
992445
26500
621835
724136
106225
892967
277824
782729
47376
441581
731355
255164
727229
973432
431940
861161
693926
123766
71395
760939
952028
424869
885408
202498
392370
79211
232064
870759
230874
484601
363587
939883
801161
114872
712259
264967
844150
820029
301602
866327
283997
437524
991038
405057
881705
326447
145298
877899
917255
835504
164053
356218
340708
880540
763589
922481
522771
754642
752036
538812
921901
275857
769333
325977
925904
344717
813706
314223
782320
806367
642785
410763
351875
242123
644205
974093
998181
621524
361008
996625
170666
550016
979873
427430
89760
881945
281955
951400
118692
483104
195035
184804
97737
714947
199683
55996
941775
395382
149090
562904
720109
306469
20198
52625
35192
691930
919343
714738
114276
726182
129353
847625
938398
627937
175970
411990
38567
440972
181063
375048
403218
894103
822037
375088
151351
37621
26961
914420
479055
616834
655621
943299
850429
447923
904207
812279
124125
820734
27124
45692
239992
76749
295054
209489
675497
423968
620506
904548
224136
978369
920059
563708
677438
847849
582415
231180
38264
749316
589146
2304
757370
244501
547439
686329
229079
494273
440441
801452
144911
711220
683206
322778
789364
340398
329044
352897
757868
100734
506319
249187
554087
498116
340393
882690
53453
523600
336519
835192
636643
302395
18956
937479
782129
370453
985496
544793
981926
862368
601094
566970
418508
471653
719700
623832
505120
95112
73978
117205
658691
16939
725310
921408
859594
229823
93358
719809
719554
934791
195449
904085
586055
58010
773220
176981
104522
167572
412137
281479
295691
931221
863918
574888
9199
344309
95667
61332
540213
70584
41314
990727
473796
952880
671425
67082
617841
281124
882060
187280
912367
352231
484122
153061
123289
127652
656066
998898
460089
29978
702864
973764
918105
937085
248140
639743
256234
559755
901469
36035
664093
982713
492513
715118
228704
462624
705194
901730
91115
222435
304654
322814
854711
119880
883095
124755
649278
918912
711098
288184
905915
821081
331942
358719
50769
418212
428632
675826
59616
950971
395298
615850
292607
936376
70149
673019
178461
987007
480716
700237
254796
401350
821042
991558
719453
200293
982188
874594
910021
471243
113041
204821
930309
553264
412013
227975
206268
109444
797679
126367
403396
789123
806758
734504
557499
102817
520469
884962
248765
332350
576549
978043
389331
201511
137096
214386
431628
255351
54595
376369
359555
47319
388604
14508
49794
29692
365208
338258
150029
320841
608584
689968
857777
6408
351871
934699
23638
732258
180773
703163
864202
676089
759143
909012
45144
821087
996738
109921
727801
999620
899827
596982
462512
699189
288758
547942
46882
476106
315973
358040
156266
521815
499182
266041
877695
733164
884719
829424
392307
922976
459359
218527
833320
974370
892558
636279
771867
637584
107128
828563
763374
679434
225953
241965
261607
365814
29880
223532
163716
317459
435232
331483
47791
924416
408490
666440
851310
329743
271146
492064
175976
228227
10541
808793
424976
857142
274049
32211
174747
853545
869031
844301
554660
122600
949230
26450
774439
196854
263512
888551
412045
209765
546445
799929
80481
291563
334371
523534
874923
293249
756423
436119
704910
168929
797853
105476
259840
382909
976592
843833
305977
345861
45452
344604
288450
698465
153712
468007
477708
90579
713446
284576
799478
836116
138958
153701
288676
946675
52585
424492
84030
689007
901100
831365
295509
921405
98659
640536
5924
301102
213464
173371
844039
159383
52427
218098
703588
603924
894231
529348
716460
923817
254187
471817
583493
550119
341446
669594
475412
718307
669455
840934
187355
215752
984668
521604
5215
743483
735409
664782
406741
854912
14439
655326
486485
847213
516040
321081
810228
489364
850792
819585
323452
484146
909424
783369
97756
464724
360167
349987
406151
202064
715874
260937
200813
170972
699552
77900
452805
842036
23242
836514
308749
24886
440691
214409
377508
72914
401377
865111
101335
998964
30070
418669
369117
613152
527537
216797
604737
320954
374528
38121
957362
49718
981660
237006
190548
325213
35922
321275
354681
133222
417220
482714
692478
122101
898686
441230
481308
440826
967629
120086
621250
812106
809548
26730
279815
781852
988681
277497
524330
512246
302088
526429
978462
418944
751462
250145
615785
881038
665538
218820
25039
357858
987541
84025
757642
184882
550737
855416
24069
458626
649396
268566
751382
265045
435651
730059
887474
754178
842793
110528
174317
726684
561170
494001
938834
948102
365302
654823
423327
814428
125069
516226
218063
695899
53646
267135
551359
943706
698845
190239
771458
842116
823949
933171
99885
880410
647691
591383
594670
314390
736507
830736
340245
244375
734061
889171
368055
240213
701914
72744
687789
950232
895894
782562
350498
838505
935191
729708
523142
428782
198768
742830
355298
846641
866511
256380
782720
980774
60949
208687
252716
817236
455333
578388
868696
259927
590222
313849
85375
327976
405127
12883
309689
368721
463423
726839
729446
967869
720365
575046
736463
816577
85627
417725
496068
892913
521551
706553
728333
214678
658089
328988
376954
264111
363122
284773
921644
422244
601838
102668
212111
880807
934278
807489
545635
270789
118006
300235
772049
892588
389048
205382
806923
267889
45442
205839
84118
143778
540999
752514
758396
712576
454300
826921
412900
467336
327354
888224
688677
375950
528876
482185
590630
833085
585863
222968
510101
105728
332107
332220
168215
919560
871565
57018
869173
567638
575164
50695
576548
205138
563414
782401
905447
68022
902194
139693
759383
392536
133823
761020
933709
199738
195043
542993
562242
150327
472394
150524
610433
458580
672893
202848
723295
499282
448193
487500
93148
970615
576831
224144
550251
997
809920
638653
27289
720456
880816
984635
700610
748319
543988
40835
809499
437637
220554
254856
567139
353901
526966
76396
683942
991825
581362
263693
380324
840511
200902
815123
352315
525135
477616
181467
782713
745185
606949
613221
265769
270217
83249
727425
401167
780765
126443
765930
695480
257447
568884
718930
357109
167969
683372
272719
84258
504434
101424
241258
981050
216930
111236
180297
170726
315772
310764
608208
782828
141823
554327
904015
752586
608841
363126
211656
155211
122855
351695
31505
141782
329462
930351
418830
174326
226315
156383
801287
403079
624678
146220
478061
945804
217921
932528
738267
944884
430432
445733
217045
117786
243024
713348
422142
264016
52513
347220
912704
618394
86802
479960
819229
265936
566647
653368
446317
525019
909366
5370
166525
464089
4301
212446
671422
606589
547708
156777
229128
419845
468662
638483
444158
274781
703403
150357
26578
868062
246077
884876
68672
77973
875610
70475
380909
655626
619905
206604
135697
616911
665507
740781
116965
47115
915931
250713
58412
779209
608717
986470
175658
926561
281389
735678
108738
825451
408170
517678
275038
655979
524532
919161
224160
149163
45026
525615
249553
941584
74589
912721
352198
906827
189405
659778
84864
38963
996835
558472
940584
34513
134109
957663
284855
819876
507886
757341
874051
553810
549226
932371
663976
314347
556998
550023
233828
940378
518343
166510
325508
795496
790215
740004
378337
838166
191748
509658
901794
338728
863345
415781
744536
571492
600854
847291
473055
757722
783307
843421
192208
571147
708058
580759
912737
774617
727315
161454
571908
486945
514671
791568
65017
796573
744194
88614
129680
936673
293934
673990
852976
695962
41206
930193
261903
996648
870214
748635
255039
15977
485860
761779
94424
353942
206988
21529
101842
12288
921768
74026
324041
291398
590722
874891
555778
800804
946673
27423
967997
631118
761056
206759
713457
116426
934189
441459
399335
753650
728709
361476
317925
592121
152554
509413
514989
120990
472761
121418
200866
631982
351537
592959
663336
353068
396691
451572
641144
517411
1177
688266
124059
797575
960949
796786
670384
905234
106691
372320
456430
776120
422064
199762
793090
643387
329190
664480
902844
796438
223895
498660
632825
182889
521934
281207
916998
773638
493767
611162
644665
330002
478718
84946
537554
339762
113350
349929
925672
200165
33125
963028
885774
348624
492642
4672
533071
348246
656432
148732
167285
391977
414566
62349
135048
78348
739448
902504
479071
700575
181211
116911
406531
845747
753099
939269
870379
941855
326910
665366
515639
978962
90629
930565
865791
388250
159530
352946
98271
533784
539294
298639
779106
232874
255940
245869
96315
961110
533489
538214
461120
565636
737212
797575
307817
540879
690922
398840
700981
645103
139364
935106
257217
677120
260787
2930
472423
789910
523442
985512
148253
230312
392497
714841
527030
513133
702304
555815
856951
457064
920144
713174
861329
513809
207184
433193
113825
47649
837339
728621
522532
200240
927896
43539
214006
420240
201742
127332
124955
818248
444777
932334
516562
791368
207711
639793
404986
807286
865534
545705
540774
360442
861664
502241
646626
243647
347809
880
652241
766410
922980
254188
183222
386235
881340
694721
519540
837382
126162
135210
689379
628087
488597
455685
777494
946452
264251
565964
300775
151020
572075
470724
674886
38918
413233
309069
980699
396899
877761
163255
937934
691227
790508
448342
317422
7266
690078
466005
709401
167729
754509
12387
240800
796970
445948
765710
720857
570735
303988
313643
951433
272986
267686
630796
328692
556098
254102
759079
206274
1308
668903
907744
226074
209023
316958
4813
630736
655584
65673
986676
286989
259850
869496
646020
465561
256385
542622
158051
138956
336214
763818
210388
921894
809701
70586
664092
748823
49963
743024
622855
4272
683723
243093
794127
146644
839399
917100
815641
385820
260762
934940
266312
583156
587976
855103
563695
37865
120790
273764
832257
229458
694476
902104
411088
603204
396984
430487
823298
239227
12803
980491
912977
987642
258085
539835
429694
508911
115548
32930
19935
733291
170125
622491
499309
680349
604896
553148
995508
530066
717310
763355
697504
124383
811655
704725
230054
408148
933107
28834
40900
950648
359775
444851
975320
661056
10858
698228
425381
39859
232375
256904
484278
558175
647093
151204
907449
491289
549357
992570
549455
959115
973946
476629
697169
917273
41203
461021
514266
562695
752255
845042
782793
534270
293256
131404
415028
242331
800273
938779
369785
260878
535317
339665
602957
560204
306603
860976
460633
220403
513215
366306
790173
234281
90444
155418
682833
230965
286287
133164
98475
279233
801320
390958
711798
609883
36777
895196
223967
436314
645168
521656
635575
916545
877632
604726
716978
755380
736013
603858
377202
423593
415923
125534
230599
310346
133280
145804
535583
964569
787524
88084
527480
14695
265275
526077
391488
623867
195350
897737
929084
586986
294617
220334
797101
330661
284870
657100
587863
910064
596604
307121
73449
265187
409120
339545
452553
448654
654262
390552
68143
387231
638099
162886
925011
407392
488980
397868
6829
638900
261346
688192
441302
648285
262634
251908
785419
641923
73422
35728
847952
356530
794331
381287
577098
850919
629229
626533
323914
561031
821778
968623
749721
840195
690708
912379
98752
709763
236273
74184
931025
581223
282190
811633
121520
576918
764468
223661
503683
939517
202626
568123
566639
324721
562789
65605
749610
117700
37873
626850
754513
969826
132552
929620
148225
504249
859194
44051
889795
573220
646176
92214
169303
591993
999781
553085
584540
934241
771165
612346
166407
697662
9935
85533
81900
301928
500756
747263
157971
507969
322874
539480
947982
125828
30143
353867
330614
644071
988365
194096
694392
381239
571927
475563
753896
607598
57687
514556
82967
990789
947417
514653
269122
831199
590449
788383
172677
419126
309309
162279
458971
93751
938227
570489
132234
652124
562140
859327
199969
191391
858006
673973
211997
434980
415909
411196
578008
139144
365975
133338
71784
499626
625537
468318
657805
315728
573194
287781
888591
423634
719638
662224
684416
380186
164038
177351
93553
391257
270998
52535
916896
508511
148750
990034
644122
115229
826462
468271
304981
415341
822632
661558
904177
842086
643368
63900
542400
641749
334630
590959
138053
715844
826420
890682
724159
113299
731285
260367
494770
111424
3412
237761
802392
980398
892354
207112
533280
583724
949391
95944
588272
12485
597221
811227
24987
792775
21339
786360
313749
789342
206615
400529
742067
902309
160372
126315
886126
372945
300341
955510
53271
550990
451125
329325
547216
556443
939194
662644
798528
476523
884570
702053
379695
985132
193646
859853
343809
973636
197088
907826
148675
36429
645965
777095
479438
578667
987444
189496
114579
100227
88870
853900
72381
229593
706800
408778
283012
801033
560371
154554
202921
348515
145611
814739
946375
98960
8685
371959
662715
28257
656832
109595
878309
432944
860583
770502
707443
721571
373967
731001
953791
16079
636763
229875
764296
148331
513171
928729
337674
117731
357874
252475
444805
946386
398051
924264
785536
891837
362383
774784
300260
572271
851788
892930
661735
256245
996035
614660
81011
238197
753355
26794
155442
73726
376699
978765
765366
321075
364728
820738
327680
79753
45126
643238
281326
348633
749409
308800
346850
352295
510160
544658
519376
847737
340248
282232
263278
93065
126895
707125
736876
87541
341274
407504
469921
392513
646533
183429
655420
633740
350944
832157
783255
851053
382169
98310
277966
654744
887428
862728
367025
653555
900070
838758
624132
586213
764212
361243
865983
322750
607371
852093
777227
262700
939848
622830
93459
322581
698764
923810
994954
934047
869110
529720
981858
729888
246042
500403
345512
182914
959725
292282
809609
766540
238139
747513
142869
400055
121307
528852
73638
61136
370025
509993
302531
249862
314336
152821
833035
655043
76519
78855
163948
898126
394193
354962
658426
57082
511586
57521
854963
353602
9126
931507
495866
823826
291327
56855
973289
516833
334253
198755
173087
794953
948994
272809
722240
301697
551496
735478
280098
692444
334130
193085
163861
307030
689080
659521
886020
171460
241247
479382
908748
352604
829939
509678
546476
516420
39619
487239
22043
273335
82610
847461
210984
233220
85490
900780
590403
830076
498231
378930
539110
561239
130817
118250
988378
159192
413423
991328
410609
668971
304297
425627
444986
510902
51493
414790
921963
214223
737510
765631
778857
194628
948821
264766
28273
309348
48203
881641
984481
713538
433127
760703
300297
302841
78673
729825
251915
924078
8601
865486
817465
608137
920926
445556
66803
685605
799345
854293
976249
713153
110536
191734
881301
253156
776084
946344
67005
913381
168322
226676
927183
527043
92329
323868
509990
460353
259563
159185
204648
639794
863868
803288
96350
92579
29041
492267
373760
205287
210085
147871
520398
449996
533987
399860
920432
407617
118241
178313
618319
323719
801962
614440
548050
2123
189901
721277
681221
180259
586083
521464
806202
453558
179775
479727
451262
369260
958932
468141
581128
746740
921291
439469
602008
947894
57763
473752
771167
383666
251446
585486
478986
240442
26948
270534
498348
853191
336256
506777
143163
905090
318098
243577
386437
626342
637484
575844
45538
718711
602028
71518
265295
153284
580637
993276
743407
516789
288522
451582
101207
673448
850423
730499
854722
905193
812063
658025
84360
700398
552117
503008
214941
858487
772577
372229
909049
428648
75534
352035
342764
614825
100059
510509
797744
153320
908275
173121
161563
313390
727976
658116
182736
692559
267913
312671
272692
26930
810117
76786
420581
33100
478359
519236
562903
821883
589497
477337
287119
293188
618254
939961
669419
556265
304682
223091
966328
923802
680897
588338
504100
812381
203141
682373
433866
221857
378552
418843
806178
458893
382777
205852
744256
267047
91292
862652
894760
563938
744603
254489
652946
790175
693924
950719
5495
319253
997810
351456
37193
448035
598539
730750
830669
521503
470938
890401
508219
455418
325867
323932
422939
146234
485194
594512
334647
240281
650823
375220
625268
251654
363422
985553
455577
493102
648948
702155
279918
928367
917444
262285
369709
97397
717683
252720
270077
925255
222335
353593
935530
431093
266191
238231
79089
746476
387998
281912
678142
490758
882299
376957
281362
874801
331312
918487
450899
312200
132369
737345
386419
491156
193631
534469
703499
212983
753770
504622
264305
614844
912701
802615
659534
9155
157093
696760
161638
250392
450898
285654
306014
583608
28757
640557
699890
407524
523388
150116
988812
997476
524650
926193
241653
962129
642875
198013
550574
778843
941645
614913
451769
774266
483856
141828
443484
146454
140311
683693
480967
819501
19575
158253
641719
896761
70348
67572
814886
759329
564020
533704
928595
769510
968574
864542
681508
419347
635525
286229
359351
48395
886593
513103
602194
683253
153104
231540
908703
812190
111903
914950
334612
945930
216884
438455
38113
911964
697798
479218
111944
835930
648857
826023
539858
237045
41020
517496
720390
258104
609842
774029
952144
963244
969315
844790
562693
619734
352447
787778
107210
143751
427750
388035
49921
714345
425707
728272
402693
560252
305060
773111
467465
786305
482473
73254
633335
221145
690951
348550
259614
471272
9317
775628
975048
704560
385397
688931
804769
488023
238389
624712
196219
952209
842978
776387
170929
830918
241914
433568
359773
805060
772062
771608
243076
249629
487373
235847
824080
460432
979446
347017
943232
956993
330512
6509
460545
362520
1378
521692
825092
418725
520280
206558
183898
453884
63153
641413
79160
247556
918244
579651
685770
544642
363951
11362
76161
486397
895179
267028
14385
339601
658838
130783
19802
802705
958276
217764
495307
242474
53734
969536
663998
491552
466484
761300
740525
166048
526774
981398
266177
656146
492761
123974
783965
783853
35230
940281
553119
952922
738156
571961
119952
327897
691707
79302
917528
897259
374722
217180
412374
892011
131469
196908
659472
976417
44453
652444
229997
599276
392975
369222
906235
382668
482438
644982
999070
212748
824899
734347
334556
753146
229618
692556
521871
578624
915267
38561
29026
334538
932336
618434
699822
428909
468898
209021
628979
537651
413102
491791
455039
235389
277863
151931
254298
693907
925551
368079
29548
372421
303296
756134
655407
321102
348989
949193
637528
667930
327213
34049
273526
248442
141263
16120
263945
828889
143967
230097
191300
356974
776374
522127
18237
415192
119874
401075
42470
906787
922114
292188
534514
707343
499830
403734
998966
6406
298615
386985
362789
557480
733488
955768
240509
694497
432766
903932
470472
740176
114466
259605
718947
151920
729247
413462
775657
560779
820082
965027
379340
837734
39951
191210
136454
552184
91288
489887
799831
652364
26623
261140
693766
547202
507275
426676
611349
485922
590047
792165
82196
630115
674900
287736
320652
389129
201685
172478
175497
887047
218317
248148
674132
566683
678901
988478
279469
648482
159369
506584
281395
228013
449772
440853
501140
109148
546542
604424
501338
416746
708571
585062
973299
68763
485440
906388
685850
726217
909684
712461
470678
306649
563206
393015
205713
409936
745034
553591
192501
454951
750019
465828
802560
837342
426432
850676
979573
211309
774958
232239
771395
36845
538298
634279
596643
582218
197457
936791
651516
505357
42390
430473
961785
153182
934467
707906
664509
414559
249746
630712
534091
985607
402778
471623
155875
796109
34017
358242
478872
105510
502562
473229
263898
956781
255435
322922
362280
333472
985665
530810
835900
394396
602696
233839
110166
368265
342333
569704
505449
703661
458071
505155
728395
533375
531382
508416
516144
988280
458149
415885
339767
575662
198149
204830
815332
886743
375476
420993
924092
320768
194343
593046
462643
712774
665113
847528
669077
280552
253773
861566
926442
334657
948484
186977
143423
318262
997279
198675
558538
628578
322495
863113
588662
626246
811198
505564
289773
362123
973654
808981
153262
510419
170309
24162
438312
858117
876711
259270
488052
300621
546738
893593
310351
257998
594536
835489
432450
272392
611525
877198
755527
521055
479026
670264
603105
637744
945711
402533
194615
362526
31594
149902
36358
12704
503796
333279
649893
388584
740173
400640
934531
320328
360759
478302
980881
73393
573632
435079
67038
885843
837420
483742
577929
323586
450067
169767
173814
313800
364891
312288
203280
155661
822703
712626
54750
429758
573876
431746
787542
41795
669605
786919
429521
496948
293546
304421
674806
733880
174061
897847
212490
815170
341042
854621
489884
411703
273750
872940
291620
867481
245229
47404
99266
781745
431568
744508
11306
237513
603182
362638
993553
182849
626360
491624
952435
485493
774238
263774
930457
889332
752659
790319
802099
512986
519259
682430
36484
508427
806009
371581
535128
85720
854971
174138
257143
904484
35823
323343
787600
641866
834425
710881
424085
445992
381572
27911
800714
853770
511682
81600
393563
572936
753290
79270
912983
694349
166509
972407
598034
739779
765270
492178
688203
936529
424965
807192
158800
195776
862690
582784
283152
596404
360701
245844
934364
642405
213215
382656
572802
765415
363337
574272
152882
464173
768266
867325
160283
758568
616716
249738
509576
605789
563687
357870
965634
993727
176719
403460
939395
196954
277479
986073
431103
76686
527632
119643
800264
451657
846377
173139
698219
817033
542381
770252
251125
973894
273762
27719
183263
346759
400286
866387
629253
466158
313203
416511
987616
862353
813956
290898
118171
273189
767553
656607
739371
27624
251339
347850
955352
708797
519408
22980
700092
532165
701933
903748
140121
638782
9310
682061
831145
130996
77067
12488
936832
144958
590202
501530
501028
165125
186906
770022
347717
242884
228542
698915
103311
573912
5052
24090
866503
586575
733289
446882
974262
705991
240422
792914
773910
452224
242736
578824
992478
659596
747199
610326
549247
562211
708737
470471
610533
744168
999266
653851
643882
365928
667863
726717
298327
593715
239033
245544
239476
335625
330648
897134
692255
455916
845881
607268
663719
671819
559333
637213
587178
166401
791701
6808
650898
969794
473025
851059
39181
793587
515695
738989
158151
901873
524888
137215
388085
466705
469470
467808
847135
919686
833475
864099
891428
616127
115414
681472
496644
454140
484445
215839
601220
820139
942173
898589
794968
708572
220470
319383
555604
230352
871604
258408
955764
569548
467984
115572
975282
318187
509462
580320
329428
300757
994417
148878
37333
310594
334092
962994
831554
76311
762178
548696
540223
827424
735221
285228
894791
34647
603017
515656
205405
598183
99989
922156
358497
197640
798860
43420
896684
409697
49397
226738
795488
541773
913084
324536
590543
158746
291242
878239
455202
218126
970366
927468
315860
675896
927107
786808
384212
260303
721120
626436
13571
540708
723427
101549
66074
156448
838775
530012
153262
806646
343169
138909
864163
590011
78927
372826
174840
120683
109535
935900
589368
862538
788362
207164
690287
215040
123788
68217
710283
672058
524510
158095
325993
179735
839837
62281
260783
783374
403917
557506
1582
411133
923785
495673
280185
704218
871385
201371
612722
123096
881186
980757
412366
427307
697967
600608
440930
741609
354007
842227
774614
611912
457396
507840
309572
373894
844553
355541
413526
260321
367727
177150
21266
901403
78985
224976
765483
426879
383296
144560
718159
572419
477141
303528
488281
161710
973633
433887
553049
350575
481739
474341
904919
994901
210856
853023
16358
454365
157245
219901
458805
7704
567072
325454
906329
95749
319968
821613
936931
324026
234822
734920
91500
714527
633313
499131
374329
607400
34431
570939
454214
914423
837252
158348
980842
326057
320639
402042
363432
599056
713739
197885
166147
514792
885322
632722
673172
463633
249115
731750
267307
826426
122897
808635
8773
354498
262746
168668
62495
37391
441529
485968
339902
713436
47413
613745
817447
683864
57593
722142
495430
946791
626254
331344
843128
485575
182601
849669
730972
812536
880253
436711
556397
488096
104504
991376
293835
840636
923507
608779
431297
41115
887865
899539
902755
892031
571171
799937
403612
420027
348665
576207
642945
328710
181413
439509
674582
396495
135685
597647
919198
474942
138566
799533
610756
335712
756983
221880
557692
316874
366975
700622
653930
255668
519381
329336
261975
469179
465606
462160
624655
132870
203648
899478
555801
643229
407275
279004
569067
193365
832520
829300
161890
890924
879309
420721
14013
503374
822516
690552
467901
191843
54283
470825
666864
925355
577948
18695
219283
408410
427783
971569
440152
816100
765959
773627
708408
269103
130857
205390
542251
596638
203791
944654
546981
120998
117609
734625
150429
855687
308123
74088
843270
773514
570419
307444
808229
166029
144483
611712
23265
449167
681238
438247
526197
836871
390215
945973
309137
219903
651341
14890
605497
18742
725178
482413
766745
672750
862247
224763
271893
483023
51454
668289
210971
898276
87195
230687
871694
414726
806772
310166
787415
971480
18200
622597
836358
220211
290006
642637
936636
960109
794897
2161
880584
205608
32294
242568
24566
907767
662659
4431
73345
317395
135543
804024
875939
326180
836462
919134
451754
737029
853383
965770
862989
760213
102544
516026
329468
905078
907348
15882
524114
747655
195014
170552
602485
239428
317019
967719
406835
680473
263808
723944
366477
375201
59852
152827
572466
569510
682287
65116
230815
656626
799163
96916
938824
949143
748198
580872
597645
203164
150071
580366
918234
72994
819590
116947
940739
71705
108595
555549
927439
373491
557588
475982
838832
200215
74509
97618
867662
992473
179422
178090
437591
986158
215785
89562
594110
287672
856769
580722
91244
745675
56429
511933
859951
555120
61914
470361
394558
896903
401875
620453
591919
846891
367910
593000
243056
479214
812969
702495
208100
59976
490148
535704
754517
504902
490660
303053
92296
601656
172421
849730
670385
296636
108615
625337
188960
31146
402880
635013
880547
340298
131286
112346
584073
266186
987764
576399
654668
840655
374516
51669
141641
793947
158643
853417
114833
566195
919817
754211
234771
962682
140567
758826
936507
300305
255832
494603
786945
956009
538454
931706
637161
4450
679637
853722
380491
901605
387922
852485
293181
193661
465470
506380
564654
109686
797195
108085
318199
928447
106016
176519
530275
163418
687923
73578
134196
741782
301041
369881
42367
522878
371857
15892
929488
269181
917901
340698
173945
116565
486928
851386
867395
891622
958554
460823
71353
189634
406116
819705
3250
464174
266625
815445
18741
432111
710085
352653
710269
411463
604358
748046
317176
912708
394684
935347
226491
602205
800202
356865
125687
439998
288933
936350
910447
257202
936945
81493
438522
682723
772731
197283
792908
789040
294042
953050
768283
148445
65530
616599
924767
408029
348508
563050
669412
753624
200623
710334
685610
74664
942855
238218
529479
144507
289955
746399
394904
700659
877584
871252
59352
861877
78110
670654
628903
900553
172082
603352
535573
487506
397305
854585
436250
965772
38040
288716
804452
439157
284627
296805
446194
517361
354627
614740
138156
957213
914158
828402
479607
278276
168470
722936
929478
673103
27707
206520
808572
148331
991375
89754
274277
758841
338867
365996
297510
923881
586050
858164
731539
716088
288107
800216
90148
664500
795146
798119
633703
353387
653216
345163
928129
605635
848021
169842
758152
972947
856485
998438
454707
573695
905579
581711
734859
434133
316268
6865
553551
744810
483016
327895
799545
60389
902510
639716
894799
168923
778421
786700
657624
146180
692246
338217
430589
308673
596063
371572
70439
881653
242060
989246
967760
247675
423569
859705
112154
323445
768763
257649
834567
100802
726691
125333
440771
372892
793667
330568
555582
405021
302750
961206
86990
868690
526723
110554
524780
413524
29129
488677
574566
82884
796302
663975
534816
840467
344944
3906
839025
328136
636014
769512
383769
34947
443865
313175
468768
349259
294800
101379
600350
582122
309400
534979
205946
308645
569175
541818
187800
605344
234460
497054
661391
334428
363151
70460
406081
170404
856285
124055
269660
658812
634267
86998
484010
276703
871491
426417
789573
704610
739799
737116
30709
717648
703726
851485
422436
284294
756145
274393
851808
45493
777761
284010
204449
596851
80346
197136
24701
656990
595648
653012
32215
127766
301121
417631
873981
916946
938209
520235
992175
675345
252135
964067
270224
192292
45731
333319
615891
466990
650389
337939
595801
897182
755834
605993
933197
392031
417165
199565
761900
777425
429264
684409
900578
703707
924672
524560
562592
311318
338378
592165
461338
792102
93644
317958
116748
83276
605815
401259
704006
579338
124369
949818
782876
906754
196343
914495
706592
986352
398174
974019
571505
76559
492779
908756
860528
524709
679322
236923
735456
584843
733003
633717
451121
181865
574119
2849
415204
827278
667458
996940
157189
498941
53244
578152
126210
43091
248319
962999
579948
186420
184819
99594
788264
209112
618085
8874
273301
574418
883494
667431
612936
838171
453270
50089
535559
832858
771803
583485
234523
153677
431139
599151
506821
69571
296624
569412
923433
750104
22484
218319
296014
763230
646229
11050
616697
485315
167492
822278
153014
597143
845125
730867
407130
851351
906473
974609
617585
449251
364525
327364
817487
68505
454269
979721
485194
305680
387114
21857
234176
97192
948605
926206
626469
568883
107996
210505
396701
727069
221259
838206
387772
810127
585940
6860
489046
418423
33639
254795
906939
730510
605287
429764
345325
854762
275918
476009
736592
740372
671432
928530
697042
714566
319009
452286
79408
173401
604227
452438
629073
118681
373944
636911
960226
874419
882947
359816
321681
431237
476337
846548
414553
507117
944137
277525
438753
387521
227310
628195
919282
521047
452831
582630
502891
75577
655811
865676
59988
43449
187033
732598
446706
551046
401668
516018
89933
335797
448775
65504
611989
875628
625357
648930
841473
831488
205165
922002
667163
383431
531539
577606
118941
163254
44758
723831
713062
946025
407057
619664
187134
313795
812751
768348
565840
488241
530499
537555
821481
671893
628230
243737
56682
820153
543229
687336
396658
385569
148236
4951
123936
877818
565676
588146
822733
664522
246684
767395
475136
154558
110721
6051
786482
405148
333141
254424
877791
128257
907155
703283
966743
384087
878188
545747
607704
638894
792507
485981
475892
537635
888133
325810
829167
63598
300756
48216
642427
648992
189001
725516
851415
801486
569484
518705
250633
876513
915112
823954
534060
484748
931679
993214
112891
863097
254556
16242
748754
544196
810346
942133
615876
173218
377714
590167
631589
798703
949423
582229
156766
870233
960466
857626
634028
125263
735015
921577
269108
163179
864524
446836
390769
861269
21439
147351
672817
637616
74429
307966
588378
556017
111103
537179
369283
595185
715109
240629
450674
402983
639416
491815
152770
496572
608800
712726
375056
818687
299750
157491
791445
672395
508850
121523
598709
943646
34443
298594
554757
441744
838158
451570
326582
850222
919645
49192
338857
650467
836436
717296
106488
556356
276663
644251
539372
651010
147095
727212
342191
916674
652484
166680
361158
54162
891811
150851
605660
597160
558798
680034
714398
340668
58707
763389
400873
316808
643981
247579
18393
426574
266404
980223
679842
110682
954001
494800
168377
433860
75442
675782
669817
17611
481813
251825
805070
185266
866124
406979
496978
297039
69881
598150
833538
416173
193273
798090
142273
402172
115
878240
979475
410698
386420
647605
824351
56521
205035
759952
435971
50692
840357
315614
812037
992761
208422
774642
830943
632544
438799
38858
558878
772151
987088
806300
320186
752199
954773
198079
269135
503475
951931
710001
144868
238082
626322
80088
12690
135769
441321
307190
274735
33415
687540
506574
602425
509652
240570
703877
880921
875085
310081
359920
761614
965332
154814
684353
627009
399189
343506
664161
421006
44821
640841
672159
558823
727650
695629
618450
487645
278374
364275
518989
556745
585767
61186
300873
747045
573
687744
860004
809272
55652
627879
518972
964508
583651
914903
676715
2163
854474
334020
341399
101568
993647
397431
44609
930153
952507
623681
185583
697237
644671
812069
859575
411613
977502
131615
14284
598572
973944
126251
350950
530617
643573
488140
666276
29723
753787
90194
10113
838551
360098
846672
576288
768448
753543
332421
172514
753952
362412
973524
33061
889627
952383
72726
615646
224102
647387
51854
434180
645482
446773
568438
629581
554809
450785
372690
871789
313616
581225
846314
891749
447996
341966
620121
270274
709022
588822
289696
122264
487019
377904
596858
692025
847573
999633
724458
605723
485917
659156
236503
623847
892716
265477
254475
201937
795118
877980
621736
743711
928165
145276
649091
5310
141925
575248
214573
501651
563973
201713
233301
803064
309161
767959
909644
357620
309534
52865
614771
223352
48388
290785
792666
481056
307532
41490
940949
125677
820791
62012
191412
122899
716945
865583
932304
330464
488430
603665
67709
408077
805750
112860
243367
967790
230
354081
33416
314221
665537
228060
359907
484493
827795
181747
927765
205366
182324
93179
967118
607425
539927
453842
336030
239804
629664
462418
977966
10420
276160
635956
949728
675174
42076
714072
32314
628184
543518
282902
282655
632604
138877
550498
793664
956289
797390
493200
62611
106453
120793
317496
324276
163763
630738
415409
324185
857509
965620
927421
378528
770653
973159
683379
392693
818371
977077
531108
863772
370593
82433
498655
250539
306167
865776
206107
897601
211145
10369
701450
378486
613936
174514
252295
288137
635284
289890
593559
652050
692070
328860
159484
762359
276249
586411
313900
503117
941832
884518
609117
884993
330717
133817
765642
386177
402178
136935
380604
379867
974358
206854
604139
87401
796338
609528
303430
338643
320549
155956
986202
910130
510258
920676
202141
819760
282977
290016
406920
799129
749726
496849
203568
401782
955750
259962
563107
679233
699667
870074
857643
393432
560404
959001
511383
494860
357095
917227
609899
844930
536004
285418
792584
984207
429327
106931
810565
500866
860977
772192
688556
236682
717134
65304
946178
561226
894599
940436
233307
200506
989690
587359
783634
218391
758870
490800
159318
496645
908507
606815
764401
46842
415507
209615
424731
933706
908594
286937
333403
950710
384349
219160
247560
770026
305652
504831
407557
643916
421218
314085
388609
822093
798407
447232
749257
230719
590363
594821
734603
24697
447666
873106
616635
917099
86906
342696
886761
528311
626891
638592
375330
832886
269802
146911
561044
149432
845706
995774
791913
739982
837834
643175
634422
943390
98076
536652
622160
802232
25640
108634
142773
337032
407157
124724
426426
968078
348507
778787
825409
877378
236408
757281
162561
553168
714913
960354
981240
291083
270801
259089
7263
563604
676572
131902
612214
559926
815609
476693
380399
769202
490796
245079
954798
382277
723187
467393
382687
41488
537879
808106
31494
750456
104461
104657
443526
424564
548345
727949
171035
597910
709887
540341
341732
429554
192051
643822
406653
649912
276068
8583
697218
845134
990472
917173
563826
616681
655006
586564
641686
794762
889038
741838
33665
908456
886613
852227
728861
22484
457771
871113
453120
805881
450968
616482
10304
392115
750055
302650
204397
662297
792885
881915
103540
853228
275309
329996
195427
260704
247070
911400
986639
847414
775575
999611
671878
324947
98913
793132
80552
139776
767633
431673
524224
786690
476607
237003
436094
927944
836885
801221
991651
48161
697855
18403
478100
212033
438030
24144
929649
606779
124184
621843
122286
805616
967633
450125
357566
149275
319720
280522
754770
535011
759940
321723
171620
485302
245588
60480
285088
807526
993060
415123
340840
550734
278942
981618
930807
373689
897458
644313
201519
534802
643434
290964
482056
532538
483828
93976
736769
430584
411146
559836
458630
678918
87738
487080
823231
851520
560954
390758
484905
533053
64316
630750
599383
963108
563346
69288
854012
134204
865355
510850
79245
3824
92114
560881
244184
448118
937985
195295
211347
61305
130078
549951
599371
941951
461179
698801
465064
470758
698114
700854
749237
967231
964908
687280
811863
342059
729181
590221
296337
951157
659722
123330
488193
294616
435732
848741
965197
367521
440370
234742
940165
438179
975062
300103
350470
248222
293165
560093
378161
214051
868227
417704
666964
581932
59355
762404
85669
542296
583436
310912
412239
829249
216128
726426
256880
347390
910526
876729
15956
127275
930422
573590
144801
726477
236490
820460
670436
392582
469044
416254
343341
549212
247852
879096
486524
591339
783526
251589
337504
209393
254682
15561
256736
524050
344871
921823
577416
975484
603428
153722
132033
777787
376054
207819
235472
199329
669355
499535
920337
302365
877991
274625
781220
466982
892606
126200
209535
406860
218609
200764
755852
863807
264232
659858
950194
75579
926307
285328
780683
767039
174545
224281
812774
322813
488105
987777
881744
594325
40279
311845
588471
716592
607703
329925
256327
474760
145226
242058
529331
109506
47490
477557
247498
598403
644802
411441
359751
524410
448439
952389
503181
626278
865511
978571
351991
69952
493945
794776
799733
619404
29956
328343
114379
934979
832764
642246
24368
632460
895932
865461
171114
507170
564776
348361
89919
122816
984848
566155
666673
917257
106085
469412
113714
349240
273379
734895
754848
27850
862551
23041
812281
633841
76740
593572
16529
696883
745881
141048
341538
391301
452622
272544
8049
316862
691103
782584
50997
148515
465337
730850
996463
915364
481917
309818
838812
912159
773476
1559
460715
854694
870601
235020
105420
554819
886074
230714
208416
337343
862971
812868
548615
598657
809538
255001
64196
692553
310939
946022
585570
179808
156425
8817
163741
341054
492608
528635
434801
28719
387263
443748
917962
655010
131070
470953
805882
915093
411257
402716
933480
89234
418426
722460
724536
267795
174234
590276
474366
435128
22742
826260
418196
793091
7588
58187
583429
566431
928207
991253
500740
958130
569703
829146
649864
464094
563873
302587
598552
381692
141954
24235
298508
315885
329596
60123
302165
52905
773955
332959
792888
107450
541560
288721
958432
55265
219992
867555
613384
722823
588279
685029
966333
138312
51645
866578
189117
339909
338893
412616
973363
435942
946246
330949
432982
772781
208690
565755
743366
842562
765301
281261
74430
295596
696451
940013
343235
165409
156094
298831
323588
515894
974275
468146
889170
670563
202334
433991
274125
189073
641558
21035
447374
566066
111632
239785
999638
245466
19931
765379
520554
768044
645744
824324
449027
824071
537423
918565
710238
523300
317233
196361
971153
830213
696217
190262
386082
793168
612865
766155
268430
237556
392194
449877
668498
279595
981282
206188
366551
268716
771226
118269
727946
80716
217149
726076
905416
924643
644818
601694
891238
405448
214560
485855
287972
626141
651405
94432
7003
379220
985318
516265
424740
863926
358094
599931
706484
312343
902323
106382
517853
459323
824441
284426
796124
288078
379222
639655
791660
485625
435476
380439
832334
831221
797532
754020
670953
839174
998982
291158
51604
885185
793652
558413
485653
317617
168411
746293
709891
718841
351920
923743
512007
935534
475563
895203
222810
345916
152266
545328
47755
16521
427412
298130
706140
608322
794728
914078
454361
266878
455107
986970
78761
136374
27392
257840
244600
15758
813393
413485
341225
747233
518636
548399
175354
974275
656143
877686
423135
524639
780036
111621
342008
666375
323994
811242
451987
42551
72123
107814
515785
853672
559749
968078
919966
381848
354130
760963
952255
491697
143294
390143
419283
994274
376714
137754
15375
978149
77609
697978
869777
670980
197857
847939
537831
265777
238954
418770
144193
96054
488471
858220
108894
365255
573479
97801
408
381153
196305
938463
459434
83992
442538
980138
212103
270059
386202
869894
481718
978004
79456
168427
437307
806713
157352
28214
957443
900906
394152
944939
154367
66539
908988
174490
296204
765409
318819
635244
859279
323936
517396
345961
310219
596238
538120
510226
251626
581002
777126
211822
973811
338640
91881
393144
622380
344346
384997
66309
58485
598262
289474
405823
700211
742511
416348
105779
764484
845331
641751
360684
81165
964514
618460
293248
767589
617600
579435
304638
962463
271570
493618
460784
103559
177163
568614
321132
51781
153187
425050
485360
159386
927939
663360
114199
431824
494166
502121
467078
298464
167939
272146
465830
6588
49972
521159
488798
933893
667488
437719
66620
120760
644805
113948
241293
301805
764739
766741
838211
399497
123485
482197
397646
926237
212641
56835
204639
71422
25153
838434
732585
124132
273278
274584
720358
208862
981587
373116
61933
596157
932988
464660
659722
775114
178961
472352
656336
28037
106615
278236
920076
817243
770506
65347
792084
810703
10482
775128
588181
912261
471809
956406
303518
273329
96626
883073
966812
375554
70105
315916
110587
111617
100364
492849
725532
235571
756668
708563
109766
462223
768532
825615
797185
668225
404258
218270
825304
582395
99854
980872
742228
835250
525826
334379
125491
599983
961401
821283
647854
168401
58199
629366
311042
357277
492343
282965
455385
539791
344074
687993
326521
787079
562631
902323
970791
59026
785532
70878
509456
551274
785731
58981
352038
963683
997692
43219
20991
528268
861812
18271
799663
130559
749255
89892
607225
986326
104883
722401
808839
258805
902807
80136
103768
377555
752192
43561
43222
754185
817884
841901
806319
603532
849297
941456
505386
648742
322759
561546
527874
561360
796646
106370
663293
576337
355022
488250
355207
272614
837652
539387
822937
801025
466491
796697
364467
254844
874254
275539
691333
359291
648625
707487
355694
421550
771328
615967
989013
802361
191223
199683
328778
412593
252449
221337
460224
894643
497301
923610
355400
521364
775013
843526
963479
935403
132879
3166
761169
264929
753364
793861
549477
227949
404130
627899
268480
918191
586988
994280
962894
318630
419702
977285
248239
280046
868017
697014
849027
699548
769728
776348
279497
608741
868768
349982
821910
704956
879964
237993
93379
506174
569141
233393
941180
143263
974783
81311
593157
328995
861411
814212
339268
256119
335918
762228
301259
399633
938899
606550
925234
142477
129989
331552
267657
201218
994868
354150
481010
730917
832242
130645
180494
355486
202550
229393
415378
469583
648284
376183
176421
517384
234988
59598
472722
681704
82460
374386
755070
395081
102035
791788
265149
398355
954835
207553
508511
56655
716346
175010
171132
975946
301190
931531
600793
134556
96720
113007
339243
506037
309783
409832
753847
71463
766963
298173
852133
198666
740626
413535
292458
379813
880153
700917
313666
145347
956426
264552
893156
464193
538393
439796
712687
564518
813363
680989
135014
124480
935803
530384
722966
684108
395843
775221
828142
106789
957895
898694
53569
982586
489435
282700
340413
290425
651010
499527
160819
491960
213911
279203
111202
379218
563523
842796
566841
254090
243404
404445
428784
798829
255028
338890
350643
263775
261984
942263
10962
562809
142570
463313
911995
547841
366330
564372
565893
139611
622903
291855
500438
730758
987253
559089
72034
668921
520173
545546
649479
822800
583323
585109
584127
671454
533629
403914
772330
297925
218296
369101
35933
227468
644451
292017
90495
288981
60775
328136
654420
109151
271779
902827
401061
232445
335017
674402
335551
878464
558034
26617
748892
732716
752114
41683
707013
215291
915652
691843
297237
461149
147660
123376
85677
356796
446366
236182
578668
150456
460754
12690
827092
304932
677129
168345
572852
903183
182298
746381
895369
793218
922500
461551
591851
322516
423160
761626
49544
718172
10508
140525
80162
778432
651988
915512
403806
654946
569554
832760
205600
167767
3806
565821
23193
249134
279879
423486
237038
827962
360587
19992
578612
814790
915322
123594
604889
90540
860654
960181
470081
174173
316537
799482
217736
799390
701592
850425
552922
221008
870395
905673
469699
638252
642763
693782
862915
113726
175404
589810
484701
224526
886147
593935
508653
863078
42226
423737
887319
267995
487396
83572
333288
252243
547100
592084
527741
438059
400647
321623
915784
403499
866715
579396
716126
881016
649904
131790
194638
65144
98439
99040
248056
573112
899410
320199
845090
410177
478146
793694
623552
561652
760082
579009
608183
571361
301586
22390
972588
73066
234206
880512
183687
197580
513150
369442
49654
342630
302527
688754
199295
390437
890840
191251
867249
347623
584403
755846
888523
945059
51877
429073
33301
575371
316050
742252
664032
388935
655349
330442
114298
792233
385385
231742
382004
706026
142077
749765
549010
838579
394129
170229
746137
726376
959342
429721
918324
450373
635470
413640
319684
264382
992390
828268
32255
319896
569119
419546
440868
29778
972204
143227
874668
146736
501151
436902
494912
319212
160393
379222
21111
62579
484085
430603
677954
3485
332538
476234
918024
630414
422857
976496
156502
134719
70116
208942
43822
29447
619698
841682
476686
283020
310237
619886
972376
140767
383389
153021
536468
847727
952466
663317
891477
192450
377533
467212
639112
544660
942415
839938
668678
235744
789769
304694
80719
551770
59470
512746
934350
142984
69471
607751
630997
698648
195410
750953
836249
686098
88759
439064
178727
62556
263704
952823
851572
802102
785702
811744
499189
599680
463565
387911
257578
921484
300832
333052
583677
828702
901213
20463
677971
803327
140455
454457
284282
521849
206031
673307
37388
562143
318767
510558
400377
591652
427723
175441
686760
81806
547820
170222
533440
489561
891520
703735
685433
303840
983855
20774
736116
678332
779821
209312
317175
786932
253305
566930
731509
435456
335285
304117
689841
533913
139035
187194
93089
856980
19896
200244
224151
854941
650174
863743
333176
440034
740039
758433
597375
443732
230453
218408
456204
673306
994460
752007
244315
921667
586300
937365
387171
925559
104197
260953
10080
573841
810892
122640
164062
358491
506444
137808
757460
154
617617
348529
431981
856967
466424
612125
910583
275780
885626
960819
489763
140045
781605
617667
283927
341776
98649
803582
883809
885080
605293
210775
737131
225504
118128
626007
689935
460602
537819
248376
47498
466089
172379
66724
318633
147026
318557
838803
107210
320442
783634
346595
16374
728653
632522
251594
606332
319829
166576
99591
406209
355004
255874
548442
398649
82604
126329
16238
763668
326075
990052
38438
353670
630314
970860
535835
542346
625527
229513
816071
860861
210180
442011
926143
590271
579949
477069
251882
927938
954659
625693
319223
453484
309362
366362
569932
346521
285372
313028
159117
201686
746967
275690
146053
484644
388184
272541
644963
194465
255618
57656
481384
823820
428798
798554
683845
868817
9804
274812
729427
418608
663286
642980
24144
314791
23614
997813
629231
923277
207167
709125
70521
45383
597114
118062
663760
656108
634140
103350
110493
864064
18940
854343
173884
858887
310216
333837
599407
790376
655393
320298
407378
846542
858108
797910
214718
170037
487438
161013
202899
418829
922700
300890
868075
871074
44453
980388
659788
886382
932044
126819
460224
865241
425068
453769
229113
321946
211800
699234
567006
341011
321666
221784
778492
989659
364810
667645
615668
593665
459651
472495
648363
467992
593492
477791
358108
314421
31767
135396
744690
77150
70167
831855
596179
699786
341239
61918
962581
206613
246617
19961
111167
375628
840240
556879
863326
687412
134496
190318
886361
338553
808749
300512
358149
545165
893579
67925
970470
438248
496084
965711
527068
724031
873471
422450
789295
835646
252757
582564
579823
487298
125682
282309
956920
251980
814179
560098
255488
598812
772156
81282
164736
666585
694230
464370
642850
852851
901984
545216
51382
520000
708085
387043
891340
184423
311481
826260
792224
715524
77771
995963
184524
374286
458043
609455
748540
86372
416485
440542
424313
534555
955295
640300
683089
211768
569784
668131
932031
788773
484134
873617
851706
289040
152001
749364
637520
504178
689547
948730
4454
553425
933201
423695
959134
465084
401473
662725
117416
872953
244363
893971
718092
687852
838461
881715
78794
929985
864575
31591
262804
56798
345409
857129
361549
839257
535447
417283
516161
972516
668435
609197
895400
898678
268067
17029
122551
850552
755809
278912
681307
468408
324804
925004
316824
606530
317254
71012
275902
644644
747610
578816
994547
769460
967813
965998
969571
526836
434207
220698
51775
101523
116522
302897
217147
733774
538556
710819
987302
864728
667988
600783
227488
666331
350792
788394
105270
390028
556586
858091
765085
704974
751281
79797
986961
755868
294820
345927
943788
192958
365774
953917
382095
569015
636145
418882
372110
167711
338284
277065
219909
997077
938743
92347
639954
652030
684103
673777
61913
634801
672037
289493
99813
518666
672959
131213
622683
835770
420811
685181
131680
651954
575749
343473
332890
52593
670111
766459
285979
354678
710110
905036
945087
490099
434067
159373
384685
974304
994231
111744
887369
295645
782368
213255
204641
461544
930122
504188
293849
776212
267321
814152
272338
725507
450302
808948
692283
203179
670940
22871
432487
43686
17630
984465
849231
820565
338711
863866
36028
612472
525262
357335
29711
426629
617462
880464
523079
719473
358533
310781
6873
918724
207002
955125
7023
920953
999485
35298
407569
466660
856845
426246
694054
217557
406388
862440
636277
312338
741067
200552
354176
974064
770436
135758
18712
136191
588514
11078
303398
16600
799879
768147
139293
802897
280302
571641
760767
768091
287648
313351
729562
931203
264152
726380
262271
830654
80084
893437
357004
794863
187175
346579
29444
134974
45565
928436
524220
298603
669278
411723
901404
151417
882135
232142
148235
730176
603723
377036
788107
257689
734286
220003
972441
911149
535190
737769
510881
682250
49405
711402
552184
103491
779305
318195
943872
940
977123
829942
793579
63480
242423
607702
435532
552525
104198
217089
68903
985733
33949
567192
105204
604656
258998
949045
967771
874685
697850
128014
68135
481030
827720
508612
790509
231571
594743
629682
989255
260768
646992
153186
778900
618984
271422
743405
634058
595955
781572
132464
34855
881340
723322
716541
160231
561334
84599
967676
290903
394600
819190
594334
781627
135696
557080
634061
976717
643945
142794
158106
519264
765403
963715
263824
734444
522519
660674
879988
908873
530308
788812
794953
652837
312858
736978
155179
764245
889624
278744
30849
507298
197559
471572
575237
3656
68049
340879
219037
353582
112752
938781
103768
867145
957052
65069
553839
294129
800592
174837
306428
356710
519730
117952
907721
281682
272554
138205
356033
334266
614394
527285
511058
834394
813353
617066
812952
592270
625259
846128
734874
698522
852759
501659
308317
857662
711772
961236
341578
274790
620535
799823
589852
824720
860219
45467
752731
812833
711757
774981
642397
414894
519380
352100
614820
619461
625662
436858
109595
765820
4442
780461
57100
368492
676361
676420
482779
104416
350854
427617
985050
213900
2549
401999
2760
159121
24021
156598
120279
678726
170870
460866
157367
860089
273411
196861
845764
111543
824132
634453
326726
176716
730634
399832
948477
788890
397582
944673
991524
694942
645315
426101
53311
455773
128419
903743
367868
584382
709779
716773
84471
68849
625926
428700
434661
855535
562235
928660
251189
38690
931792
627396
69784
959103
458224
283183
2785
478850
198060
398676
81080
677656
400308
357181
871162
351861
891308
675316
597495
770197
423655
499177
320216
56374
507723
533007
391364
470989
72615
419009
49610
781630
7973
726742
750160
162590
157822
189309
125745
506461
854865
771856
125978
848886
978821
812494
733917
197480
539283
360552
194213
904472
222970
312334
184805
662765
484946
360625
29565
635595
106604
170764
329436
484425
878137
41567
61748
506902
417410
282403
404144
233533
492889
930051
1134
144803
506668
620548
179391
253470
469197
972370
470893
757610
122080
17843
46608
927278
522471
38876
681525
7870
772597
156224
923192
96343
662972
659894
850242
216027
801840
591370
925375
892610
122589
5101
788705
883483
264554
298151
424076
725069
900520
441798
821173
618250
909750
895308
123613
207535
803858
124621
831087
971457
852018
530001
369015
346685
765830
527791
809519
746060
983453
123285
646747
711309
141149
446983
595201
363482
870587
369157
609730
79118
145876
374356
988942
866293
391909
811470
104481
684671
613272
437146
764585
344933
100196
185509
788695
815641
907517
799053
737252
674175
587121
393168
102946
159528
185467
44680
654404
394750
136005
944719
142352
502712
937046
734692
358457
798465
448501
446795
230366
453047
903059
845340
370883
8127
86250
194585
921057
929985
427121
277993
712716
916556
573502
518467
735044
940780
609560
917753
19263
819725
17012
730564
280221
957824
244530
852352
108661
627945
495095
733935
524202
26991
774779
399733
162260
109881
99351
691247
200547
97203
846437
513576
678262
177685
852395
571209
769046
163036
798914
409472
76210
698468
50021
504403
134106
63799
854627
796675
331897
775210
64449
437549
294752
989844
633092
368149
632941
626111
481905
787529
831910
977140
98202
423912
597829
467257
432202
716952
915489
741460
877394
477321
770627
713272
355093
639285
956532
550090
40415
459558
848690
581832
549331
210978
71412
768272
502280
61945
156319
910143
3054
351749
600905
454381
9861
782964
569541
896625
787151
540350
343852
749949
855223
345416
720931
457814
798694
986189
152073
931975
288984
474930
661951
992958
619992
784377
732986
598248
859764
146141
822424
159414
933394
877968
698588
460490
209504
860434
863680
581100
698524
812835
281261
322866
557898
907526
893607
597838
219399
345280
710568
728889
978977
287006
5286
529399
665978
549037
156697
984950
21289
958179
36243
274174
403948
796630
251331
750018
674683
326165
851983
370918
693013
397131
651401
580265
755122
120880
327629
178956
350487
517032
591189
340998
260283
715295
710209
135575
956906
664084
535668
561564
956124
156067
8996
508672
180632
653883
875005
965252
802786
257639
708958
534047
477157
681474
245877
383852
910105
52831
48229
459511
322185
580532
34464
305001
853399
909969
270215
590145
892029
168345
601137
872493
23109
694097
500372
903606
537141
83076
348133
79358
521049
980275
101509
321776
451891
303487
805458
164475
994435
730325
437240
599076
980183
319669
355633
177868
710591
578872
38720
640349
902495
622037
232829
370250
621376
894403
335466
808844
409573
661205
745761
694617
637136
255540
229858
435359
326187
129685
719266
915242
326347
61325
403906
494913
349646
727424
995650
163993
779048
122370
425744
776315
685399
107578
450241
186812
698258
267740
999928
44891
529731
164892
700872
531467
207032
86380
129964
528724
444347
992079
684147
751267
424724
400462
369254
494733
744518
834483
199207
745673
455212
319060
982165
186411
656679
142958
292034
782447
552422
207901
949736
32113
676506
124044
893133
137757
742125
659796
355474
564293
306223
824677
96937
226122
296817
703481
611083
278513
538918
380826
185164
863645
198801
85794
197215
522401
966933
222438
360506
208187
81128
193905
558551
165722
77544
901818
382398
764741
305997
749867
21437
415894
81341
420303
625454
742811
518665
242491
897486
590865
446650
337878
509929
221171
274025
910577
484394
402951
451108
86046
413323
402349
735423
663254
453389
900641
728290
624321
352577
73273
800536
199491
137887
417411
400815
335927
425509
395626
668670
179211
731
310845
712708
745767
357200
966805
669620
833409
728899
887718
109764
113095
154706
281212
408576
347817
175446
401746
192017
723203
295502
204675
476742
783584
890034
624848
949252
576240
892664
988449
974379
530917
723301
525323
154421
552201
689502
329665
233577
429313
863281
891238
982477
849537
378734
883734
151034
71079
832776
911603
49964
72822
829653
248276
665455
862707
19928
657382
237904
400820
732208
726320
11678
71244
799375
993166
381445
949390
186316
614767
192982
200314
465509
325032
675184
914024
222627
788998
599098
889917
116853
292170
938535
22006
760666
828822
970018
152710
500319
837504
20779
221535
512943
19223
417790
619075
208570
843125
426901
378479
861265
728798
113451
509794
754907
390389
433226
171744
409904
397218
350035
704965
360002
515899
843740
699317
952640
619577
849111
570092
906301
954561
539140
295260
553639
346053
198900
679240
360574
916553
405086
698493
960248
167212
383844
13306
407402
943588
472045
531552
658713
700009
658974
878750
311176
941250
414270
748001
393230
390910
811805
450106
431670
79061
745057
731456
289105
679894
520164
785108
554917
510617
936343
996346
800146
917332
947108
513255
754494
821040
758888
11949
697973
14208
197923
129416
790201
871986
876796
332461
417285
661957
237147
881483
862258
194926
619800
881342
463695
201681
68406
871659
82427
770053
610069
341275
44551
533887
766225
845391
957832
472912
789579
349723
383565
48160
331816
241372
501947
396350
551611
704079
413315
589458
559168
630003
678297
611130
402385
302303
159761
231531
926287
821649
227643
504128
322465
686405
940672
619183
946596
423248
300078
259519
676342
845963
55475
306728
114186
444448
100762
470383
748938
622753
978422
707605
206490
756816
244910
969339
881268
619916
865928
165570
479629
80824
818764
683963
853973
12477
756270
939054
854526
933882
528132
967068
560251
749889
521351
770587
42099
951458
127536
712283
503759
908095
828520
421049
863649
528297
572875
625187
182903
135413
267209
924692
44915
726666
556600
774512
265785
144604
262971
775437
859421
85573
645373
361763
580294
760008
808476
529971
307150
155881
781269
847954
924228
878544
198978
711110
940708
417754
49717
265299
650950
675813
413160
368127
519961
784038
675395
63122
860457
605816
326343
210480
604437
334683
398613
862213
351035
511584
302357
522295
839247
1003
422948
882933
815526
144312
530023
607593
516739
42119
23482
480423
491939
13308
291159
286858
221700
679683
575047
143382
827258
499199
953966
94718
176777
259997
332677
970059
437162
811287
685714
736382
745968
117205
112215
278067
712347
956234
315364
723827
220980
272405
501394
310318
854829
736163
849219
741150
979752
679655
715045
928020
265365
608498
703377
396138
707846
771223
379237
851719
769961
446969
642992
541273
633302
867534
984887
37812
55526
569148
930541
459200
60232
1189
928426
386140
164316
544458
977815
256987
298662
667880
621943
288925
62666
49751
908273
125409
512729
429365
292169
894755
952186
355038
373453
883022
57568
499551
784742
155255
387290
104308
306767
446107
539008
248938
994805
3464
707447
261692
914274
586264
719995
905637
691319
444155
350709
325648
148162
19541
525225
126268
189062
817210
362084
97651
936452
897243
479881
969095
229799
166700
2956
325746
180085
340804
523980
112174
771557
287113
112132
354321
372463
61153
632948
730649
209529
33147
582801
256627
900553
296971
343500
392981
680
757626
30602
285681
891708
989096
887140
157364
201706
942722
408432
284264
104045
649792
304896
16554
235372
883067
280922
592038
34258
644912
391553
58548
613188
740947
694560
770967
934252
961450
111584
41026
428842
944735
695424
619484
24363
688203
661855
656588
303421
475852
693486
579426
130398
336563
711023
852685
777905
608568
294383
791765
554937
989597
988930
421147
291601
104378
649359
587265
32810
498871
440679
390209
4021
384175
67996
320088
952991
662901
464034
61920
373015
309766
855137
164471
241493
424015
17826
173555
132887
1265
723082
78674
375011
424049
212784
567843
717587
276482
118531
752883
559468
579718
65005
279644
161661
760272
288220
893980
972904
334988
218416
119950
722522
105114
366925
113016
142818
412786
242705
558432
295097
500079
850764
523289
986282
548987
335490
820065
509992
557776
99583
481299
903444
938221
9383
466982
774213
639967
455262
74188
592487
24169
904932
204259
50096
833882
530672
696094
118288
93725
814803
362302
465850
446439
298869
731048
913975
377411
635241
574071
95501
441768
357366
593221
117071
749718
310490
466897
116526
855548
565146
439982
858694
396427
516207
347178
14494
152400
971151
243774
329171
105597
107552
760986
314420
704366
546960
210004
323015
378045
753742
350725
855663
425699
382878
249454
412970
810893
7374
336442
163549
420911
271123
549095
401394
457549
322414
759251
763744
330578
310585
169733
339838
238889
722893
411193
819325
425137
382949
642783
787507
729557
938636
668609
936200
166334
827714
700799
248433
674735
625864
9926
617577
816095
874310
618967
627165
408771
735734
563179
466176
880069
259910
761003
414755
211186
854354
800689
341889
710746
349657
268458
319768
768005
249355
843640
68449
275441
177271
958092
146440
533291
50395
832790
404974
651228
786976
645266
20549
780697
873740
870802
648249
839863
599446
591337
985458
48832
950831
269460
70073
931379
337764
657735
433213
972046
2412
608078
281664
151081
315378
301190
626628
821908
244723
651563
892847
482363
531793
627843
430775
254213
16945
116211
350092
164008
947835
853516
360052
472939
89876
255256
414942
913084
789882
414308
603687
441119
121990
573748
97684
240886
592649
744576
335609
753193
321625
398244
78338
590891
749448
387131
147638
384496
700534
33921
493840
919721
897722
7054
292719
783972
501616
970156
20271
884571
556243
639041
762047
733969
360272
929217
538111
745533
601440
314459
518262
579195
117814
509121
767906
595708
474255
12827
590543
841064
997008
162285
947331
263738
305571
892498
672454
683931
517675
212291
776122
942100
464525
774806
302576
292423
457631
897241
340850
36601
345908
313189
581714
889088
781279
967565
809643
489124
360653
437821
675391
994746
517123
833813
349383
265521
859379
259762
663134
873242
837273
376207
878307
946435
840232
38881
914412
737938
470968
432921
127669
208071
862358
673668
916314
351009
413030
288465
130013
618768
23877
621580
284947
503841
791651
661118
284120
995778
365389
119766
222448
675886
170071
533539
505929
192068
339998
68327
226359
174612
607959
40177
288533
536267
643109
355579
341476
33647
541499
76513
371924
132446
513903
932488
120365
189623
312632
656415
438469
571647
513185
179591
200256
264807
433155
450034
675599
489136
343818
359267
52253
903418
328962
60671
363516
805652
766114
923712
887952
616130
900592
219872
500615
69931
336003
601040
643123
626729
270779
339805
321243
476984
446394
699313
775592
576871
480643
23027
757734
631207
406157
660908
552895
331785
606495
495395
76783
390727
419625
921326
978146
525479
794827
779664
677304
439530
867648
915960
846422
267669
925870
111341
633839
95538
299281
942749
164387
577935
370740
374841
634705
182441
171168
608760
572965
34846
629563
314092
662206
531648
762875
396797
289361
154582
700365
26997
767883
888265
454614
31295
380618
149794
49876
83265
614815
703317
784010
709799
621199
271383
855691
960234
903679
932129
298894
122111
625985
609467
416542
642461
103546
383064
62964
286340
151581
237239
627135
797037
621034
709716
39374
913989
871338
830286
343199
263303
719636
703826
324769
611265
669664
596655
945511
466301
214234
973068
509140
785781
168225
302624
319796
528845
659906
95230
791584
407575
558306
527245
157761
809354
902274
880188
904091
494441
338190
860580
305088
352736
380422
353564
81410
237787
139540
242483
775496
216427
805404
245277
231392
170656
999921
362710
606706
517113
737294
504550
116244
785333
248762
884359
542062
587624
455424
389513
72991
341892
860772
298694
119821
210332
679170
995165
94952
512737
231425
154254
14775
254288
957341
565984
39591
961894
463856
239365
114993
266002
198414
286237
119257
514050
154560
462156
111377
398699
408010
948368
796463
916245
276819
722657
612297
124148
327698
342614
629684
447831
731223
112984
755277
704407
928922
32938
606502
722914
842039
872832
757468
592094
386096
157602
745026
954677
137382
291234
366086
534309
636975
815134
948347
178416
180534
200300
981362
725484
199308
397001
236084
580445
608852
883097
334541
85104
857314
257818
408667
587215
56168
449987
759251
750200
117196
761440
991899
737890
159088
267016
926020
243608
898754
992484
304888
761595
485810
719297
902126
608540
281563
649121
726466
64087
859111
928725
292608
415214
560230
641533
311418
576259
446061
975113
709496
943989
15742
468519
387826
528557
262481
660382
57786
748803
648988
110484
926314
576886
927969
541236
54866
237479
647311
727703
450701
365580
701500
545859
353722
910043
727036
954309
93716
764627
708680
131438
798198
728633
778864
258712
679627
212956
148197
650588
259565
20418
442657
743164
459655
374148
751155
379910
477756
921848
762152
977265
732084
269728
740243
173783
827048
306255
908215
724217
573456
926764
494130
228867
359574
845032
46097
209351
781126
324132
928808
807840
746598
732412
121240
718657
453722
62537
623285
908068
769988
410515
217183
251516
949985
146950
847933
962459
323874
61732
380928
424289
833678
982050
130666
722226
793469
256448
720776
952039
15103
405865
798725
707869
215970
55961
814888
604913
16594
59300
915990
483095
423593
137136
921287
954716
912793
216328
153671
702843
648865
901598
325695
590428
650684
111710
860663
541631
681323
691892
913989
409038
823033
422338
89632
175904
961272
160791
114324
893596
88033
442093
520841
363662
196797
867351
234690
910279
315025
272636
506068
984600
494796
359538
170786
662705
502902
857711
47492
809149
136700
965413
170277
139613
776401
38337
159106
794603
505693
232535
537983
880205
509120
453545
234178
782981
880548
681207
812411
497537
545465
889926
525969
641059
627344
878038
815529
614575
119201
319427
356110
282918
375278
447270
495311
845386
869293
955933
546957
160795
582705
753759
285591
394747
824703
238378
404936
169553
548042
675932
411444
585055
615100
998614
356382
629945
744890
233975
601487
348091
818216
926794
55351
455832
629950
880376
95947
475677
343795
66177
830135
27982
701535
300613
489064
623345
820951
268237
992660
2688
142961
890893
765689
296765
778587
522567
668757
389829
256366
621457
323503
114811
814571
103507
613310
174846
43238
818935
248467
592046
969245
91247
286236
19736
781326
790341
681816
19064
585084
181455
796937
976282
434921
843893
801733
719034
245566
415356
168368
789223
146218
433699
354422
357089
347703
429244
652079
704055
214846
813355
726389
869840
203165
858246
326247
511726
629967
128332
5166
224590
373838
225293
675625
547236
662906
402027
392510
753234
10858
701899
127201
5428
470573
385805
359524
562876
222206
74334
241508
127106
465615
746505
832788
607508
624378
26475
977933
384321
231192
27355
496614
949626
454389
14831
911830
361571
550108
998243
321229
721265
962746
209908
568341
96734
872371
281534
691802
277767
89157
851921
774068
544627
843259
61930
636065
469342
482582
250926
194117
397468
795671
58001
306670
132799
899011
753699
472934
883529
463045
238979
200101
586551
592567
128893
849247
518418
388131
343570
682837
799683
646747
220698
108508
818658
330764
830521
27932
813947
663978
682220
877184
403135
213257
262184
424203
270511
486770
402457
713835
419546
100176
192283
120119
128269
682806
644700
638666
336913
976018
410256
644011
153411
325696
778127
713889
274996
175583
336893
287874
78373
355368
190347
873445
620579
681145
427841
549309
10064
115204
276129
195676
827336
709994
348328
880079
622313
829390
536410
959285
592661
745412
830311
342684
16755
971714
245279
32493
757730
610195
396200
520700
120677
941017
436546
188414
204706
841706
255383
730898
254524
448836
546679
439698
481463
845667
123431
45771
302420
107082
584741
41369
997695
659875
651948
538206
258884
286302
584531
579651
265980
800581
431375
927166
303525
106636
251649
421470
863962
871632
377673
234518
407904
923818
111160
595878
422227
131650
198236
622529
600605
845320
643611
923007
41578
519295
278194
250022
378696
594220
989119
468754
668693
820702
394989
415004
382843
758294
610836
77947
839978
797210
644703
525526
976390
623019
518757
225073
275820
265427
443848
733970
614298
815065
123940
631627
509862
99197
561482
447694
330328
347640
213654
140091
727647
17768
813889
463316
941777
605999
264772
433126
916259
589820
105111
960199
409128
809967
259470
967556
140278
224471
257274
582092
649419
440073
197851
916165
935494
216305
239983
726124
992258
444998
251562
534209
541683
862809
936792
298996
538558
730434
212519
908089
436180
37533
87613
189611
286283
467236
577029
415370
335036
911579
462200
409430
22706
175412
838703
791768
117151
931015
669868
876628
837886
908891
150528
309986
505375
592862
241093
515227
577567
435971
15804
806638
76420
496596
208686
468662
212670
274570
769008
588414
504875
765438
341821
113032
789437
950273
742868
981552
511922
635463
122633
851736
637077
199389
269788
698840
939157
89427
147926
5387
9131
619852
155110
726246
992245
811688
823199
906433
958127
618803
122982
297680
821067
775558
84524
989872
918238
882985
95769
579150
749016
89233
303296
508533
716609
632232
830058
282908
310995
115415
145283
814533
40148
206952
108209
375380
727593
434299
628010
159425
807996
862065
919752
802317
151231
254746
399470
796079
180565
303343
124568
529236
473843
182109
734355
389369
29035
68449
61972
185987
71922
320071
914310
788121
190970
840917
822033
16405
159915
251197
171263
873872
945583
489603
860239
759829
167677
503131
373476
117792
934814
407184
704670
892754
513032
608337
163060
470767
627804
685221
934093
153132
933760
724955
715247
360837
47326
715427
887205
748856
65551
211185
252811
313512
187465
102084
99515
610327
15475
744962
850432
911661
381378
217933
783828
415987
418955
948831
937186
72032
176349
382747
275368
97049
404589
698461
473210
331968
247346
849533
305279
854773
543823
936177
157378
42287
502130
521498
354913
482074
848866
143749
233794
890662
735807
77460
717039
399151
728800
893661
240380
359161
932876
264748
603817
887647
413029
55641
578506
364267
728324
862217
400416
518760
890750
119524
446079
333726
265719
862157
573451
77376
731499
288569
574005
900067
395373
667350
931387
416515
357389
689113
649401
684088
706169
750031
890441
25743
236418
628539
628343
945359
67034
350407
852836
953296
213079
370655
950399
939707
548065
805718
346350
496834
482419
551268
510071
611234
868245
714016
313462
694165
126116
781481
792293
217963
823469
60616
416302
389182
281559
132825
408020
326841
629813
246070
600550
690574
778619
665586
961704
132062
810823
768175
798244
794716
407408
337485
898607
140497
401514
5909
327085
918751
616775
111005
339260
205024
48127
196438
346712
726006
94617
374190
273873
852597
615901
310188
573540
489715
947413
199779
203457
674457
660527
765045
515537
147573
997979
554507
672922
178635
137904
230971
78147
355443
567862
975450
444211
554818
219703
653082
288715
115164
946653
745702
520153
384415
678992
476017
591753
404988
776031
428134
865994
996737
597629
359585
377824
114454
121460
65212
744638
576488
857435
127640
989495
502109
285368
281861
885315
379420
574956
360762
624878
554447
808692
91587
110633
827478
446913
665625
579729
392279
336397
22435
757198
845605
144900
456432
6866
929108
322267
344294
394959
213146
70045
332311
270651
61394
138684
332286
754871
150436
459505
597947
761669
931553
259041
864498
31716
652270
999163
388380
257025
280192
510072
306266
95462
622706
252894
916693
380949
703382
236425
689244
319444
309760
379801
880844
715633
669903
627672
130566
252426
152901
801083
221412
593089
944988
717730
18646
714416
486210
929954
912958
303062
349293
956158
163244
82215
885445
212028
861703
219116
903938
796153
192751
256592
569143
777632
581218
178684
251002
41338
210414
950704
940991
797558
299845
431073
39500
451877
211481
469723
63579
773297
61889
853286
97974
835513
488311
129483
242300
911838
898230
471729
16059
270265
496522
392492
952825
217960
664723
849637
637344
5289
388801
914378
366933
787327
109283
506726
318244
768950
24313
736726
825729
461128
823358
129308
371681
988458
382880
314709
717835
620707
891432
928740
142482
914655
13359
406179
666045
937092
308252
891006
777029
360854
726415
177731
141143
671995
373221
638331
351723
133951
569565
577141
255624
1877
201916
834174
690039
956564
352436
863158
403460
968561
939156
69360
88904
198314
435907
111499
810053
205356
84592
400992
766948
702292
623439
505378
635506
654249
239130
958492
851527
43926
239647
334723
560405
923498
841143
234215
315525
212101
534767
960350
1776
625870
403124
771119
370384
352048
147875
370585
635305
755663
532679
714424
708518
412361
584548
35107
778245
463782
935137
36288
883192
819968
388664
946585
507049
285227
605548
247074
109101
121133
588766
583030
95726
280557
163112
719187
91578
931065
477263
539320
162902
507343
465685
657070
73999
675586
991146
980912
240710
633348
86631
306628
56827
374553
69622
874314
592676
490883
438693
478930
563639
978360
40497
991463
239175
209655
804481
253412
794561
575913
680217
995344
572041
466921
70157
682887
250897
347510
380669
104819
309060
466785
217860
106478
631938
709027
522809
772482
724206
788230
793305
201712
891967
384772
232975
784779
699841
749083
315381
341043
848018
239925
991564
906508
601827
484187
250095
453333
57671
741754
486152
553271
515300
978861
353458
424051
587274
548819
792055
150375
172671
632230
584604
84743
633266
828666
11751
143848
978812
998175
729517
909096
967441
902100
369574
7472
825266
492397
192558
275238
707651
226300
64151
716881
53564
626252
182531
827117
857888
933704
828220
777259
332418
467328
265177
157515
304195
440706
604299
587019
99937
116691
140657
84243
955563
17769
366311
920208
137304
626802
166898
298634
325558
263749
631365
661459
897505
155199
275015
454604
170819
881812
711819
708030
489465
594789
407417
49870
504293
908386
630820
220442
503977
399749
187418
747717
916302
885143
18307
229817
533640
759035
163968
385749
625356
334639
39216
928443
820052
61114
848386
411591
229620
816661
676555
78054
348767
109892
309638
352676
190064
229375
757504
321739
914409
277521
929951
353052
335056
159036
988395
117390
549664
712734
466908
71784
97837
775889
392248
970226
148379
332074
639263
892087
643151
963619
357643
614026
345600
50134
524510
591203
447542
965221
405440
278432
504676
543224
978855
283734
938448
629210
986556
552948
871939
32805
474096
9955
149871
472306
789406
180384
168862
450386
449217
165829
279527
632074
549025
551675
609402
746727
916844
920207
175837
795694
734373
849745
869757
982901
583916
703412
881627
280060
410575
743843
255397
817876
437746
740452
844661
493349
987542
791263
582517
802751
307436
152805
345663
167293
578949
566551
306056
717634
692441
31916
252018
606915
43053
900661
887074
676732
659108
694300
450708
843497
140187
848203
811563
210496
734412
902125
864953
652545
525768
875353
244162
767173
623312
143041
41896
861077
943668
388174
806516
188953
323463
279976
840992
604725
816082
364709
388563
150515
223312
276315
493052
480231
802834
300701
621584
390483
40585
877691
544520
949011
763815
195831
228250
539684
220697
976392
226294
279944
808340
866607
476552
933530
728084
398974
448570
533263
185421
308643
850397
697309
430705
927721
329250
785821
116328
417890
616316
943169
877916
189243
169332
314592
830513
279830
884144
384043
46552
782689
739534
932078
48299
598005
642710
805597
604176
826784
986623
789587
106395
252123
224773
77116
42080
329328
632619
863625
400205
820538
3576
442979
73254
313350
939158
721321
990657
511106
611206
359706
117395
509092
865386
402685
715910
157996
977729
616325
702567
125891
895589
715516
474339
614111
720949
365649
216079
436748
381601
926428
885418
472288
196036
237797
790328
754785
505122
830517
945110
865316
496670
721054
726961
418148
764261
782051
444519
532531
707610
12200
469641
492814
79229
83382
979311
660175
258879
450618
732390
145298
410896
129150
857490
700777
150865
347812
216934
363881
431786
88865
58278
657151
741653
210573
862113
399092
159129
701910
578588
376093
22523
385818
194798
292538
344962
784708
943430
578484
191645
302129
604170
567017
118808
428999
443022
813505
771870
828008
627004
711992
124586
834394
345029
97799
173871
922279
992834
805868
457762
29808
550118
780766
735579
994526
976682
304446
233437
406372
266199
412356
780959
300119
522946
847203
829919
397740
797701
948507
324765
454936
57901
250293
839153
227266
609707
893742
941088
720781
44034
508319
721453
631676
588849
14553
809897
924552
696960
929840
172163
579124
107451
993998
444648
585316
416705
716241
236175
240727
168107
700793
725380
181511
905078
706736
922069
194362
433470
561114
156731
408327
602473
611196
947829
134963
501685
35922
222631
316463
650396
787440
841662
817853
55370
78391
49538
481454
438104
683017
360122
276557
997080
112368
628961
841734
124082
267587
250058
18543
467601
151459
85378
106600
389867
449022
626679
565934
762925
602705
764550
620166
692015
705257
715088
321403
880664
902089
185307
415543
381201
241946
666471
557028
335670
11817
796522
687563
153036
436284
186611
563005
225887
377828
563
211382
709547
773630
448665
557747
153003
583717
824241
702659
625495
913824
60542
991350
804987
128337
501254
284207
303491
760436
933682
870447
946258
212809
597975
968725
566831
821224
490688
738736
125309
919233
189138
40595
134534
519644
776104
213439
54621
668814
527463
378285
546437
264233
161812
717028
254916
373587
205527
459250
454694
575795
26477
848205
893837
8581
659012
27253
670451
333176
451009
891480
10658
366790
835823
427562
157770
489835
487522
694503
606378
484230
765848
315495
163795
481778
851122
988002
64794
596242
261261
856939
713814
545506
522427
836399
501223
894637
643909
774515
176804
772085
160909
733365
853368
876395
762755
85929
758334
13582
817723
844149
55009
648589
846195
772299
7101
665144
73604
546688
96290
343021
249863
957598
942675
103803
756728
388111
517814
113967
883283
828447
51256
569776
495430
763641
342728
570558
372946
780693
233976
672182
383848
945783
314206
700823
656456
846851
580160
887773
437377
59750
554257
144534
857871
987333
306945
315213
716533
366964
814959
870855
287450
41548
977118
335075
343419
588073
101987
494291
506381
969035
40361
721111
871383
194175
98667
156794
917113
57851
381154
349848
718472
913248
770949
470525
879196
314863
146313
663011
415828
216368
95716
218538
448327
296366
794583
794082
782197
975311
750686
465788
574562
517568
841250
454658
257169
782964
729814
67098
547405
130969
427968
516325
824289
504734
771786
585186
670416
220573
881708
449842
848661
489973
678532
661764
569777
346510
333897
508257
758917
16993
538485
440249
475391
317598
501877
48870
198251
9309
780331
236365
840283
380036
576109
41884
549470
331604
837221
28131
506865
564461
745910
635577
980344
39782
755931
610511
599347
562688
830204
549247
655178
302762
941683
269115
989115
696911
991697
775425
919324
263008
566728
675723
735657
670734
221821
794923
309980
616703
112254
687555
58489
5216
885428
298104
705148
448256
688026
128337
130530
797616
96161
88398
382008
22947
792195
256144
542939
960905
381529
316956
679997
366833
12699
628272
882469
461788
331634
247484
620359
355705
108919
798839
193779
984059
133677
818532
283285
463346
885412
495629
685162
381616
274405
584471
170679
582830
617341
197690
821551
799536
764669
316700
346218
338243
313655
479334
693368
755875
670558
633315
620925
770910
563185
894856
983231
267587
250966
978709
456364
703699
53577
130656
239894
401593
303516
952877
953118
59942
776734
321637
860527
618973
878616
381138
626035
492790
297222
857121
840356
580085
11167
325582
845334
403968
942601
412619
609767
743129
977086
840362
699580
191218
373185
64940
277332
800602
133413
486279
799625
500320
83767
962203
114554
170799
185122
441709
726467
198323
490546
486794
855465
158275
375660
847200
376516
396521
539255
969336
438614
811203
81658
940305
588341
515193
484604
502288
563338
541849
353716
219554
8378
272691
515007
928178
501306
781696
97771
209784
200003
395023
41188
301603
161037
98066
997419
186775
208784
432447
420782
82272
839467
360708
927425
585550
602948
485902
993357
347010
279773
799474
36321
154281
983242
993953
758356
396056
964496
719985
546451
217182
832423
444422
771475
271663
624599
689031
105976
290731
478963
553018
224832
562667
66986
287500
84042
921466
14806
635834
577565
131357
131231
477392
277981
760818
355520
748165
31828
403562
845088
782523
518232
943308
581101
63459
977614
806134
458735
847260
198782
200901
714514
974789
508789
271598
591711
547006
222952
364959
426606
497230
772747
224306
311816
594846
834934
933890
512662
206449
712539
404300
735621
405076
467617
106468
976787
788510
477745
321271
659882
342052
207911
687624
161008
525516
286522
369337
889355
64241
970950
743770
250886
888183
469194
47441
356926
816190
710876
955698
437512
51333
843532
119252
913625
146036
761982
320620
68901
359661
503477
667015
407529
131766
403813
232299
275776
394918
953175
73560
823106
358850
708234
750520
862539
322548
986719
518337
552193
630355
89818
988159
725896
508543
698555
642644
680792
743418
454077
17979
181399
577369
256705
900358
220646
483989
868054
64914
139611
435394
327595
482655
703564
592758
786701
57918
815268
37115
52037
916818
465589
93591
630376
495691
797741
596146
970089
252831
726361
252676
326452
522688
849502
895285
914444
300726
723479
703586
748184
434111
236644
735888
454631
128838
250786
286145
319586
668876
89890
876314
663057
728522
561775
161605
392034
159717
173015
512780
806923
778123
82163
760385
290657
572464
294516
576108
319357
718251
672536
331800
704221
120241
190981
691005
920685
475993
134628
998956
551461
409439
804339
772018
280977
449784
54776
183579
721942
239151
502388
758115
686310
626907
71993
42217
802236
888532
130619
322138
415475
871856
334727
154406
850089
157112
897928
392558
469634
596738
292839
362103
56129
177542
117349
388587
140275
601465
785094
665407
725117
681463
92209
260366
72117
564096
251739
498058
756980
706775
590949
420526
956464
899996
739909
74201
343068
491482
759018
422301
853561
624601
632977
612196
352417
85120
711178
307078
707601
39649
252046
574942
188678
180930
569838
962375
638705
984152
655350
535770
286674
99693
938319
39226
450528
584697
835053
744480
752430
857262
352773
758079
226539
463188
244329
679358
768942
326229
658696
36968
345322
747563
968915
720669
609078
675194
674360
935598
926018
498690
895585
826811
781242
500484
300608
155631
718139
662959
50416
165063
151248
862589
736184
154009
307617
929492
362601
584253
874143
533973
216063
807672
254475
159698
15938
410636
435388
235954
737565
302638
723858
930974
489932
503160
671780
702773
252390
642774
204809
283361
274705
609325
583589
162010
800556
188022
712122
132177
198393
264906
915495
642580
876807
133912
81752
310078
627167
529223
735678
424828
460820
654292
292228
831321
864926
506183
771576
426578
660650
243329
874999
357340
852911
42344
629935
499535
470564
115627
202281
168801
769064
901333
938678
443807
412113
666983
135257
427386
552866
724755
789058
584664
940984
969314
10478
144520
313876
825726
96412
172687
87882
627653
166788
310249
116844
566332
183773
300990
418402
292997
535522
360725
107579
576746
237081
170500
755871
813783
656087
460777
829300
966044
147037
595568
745324
837607
480562
110728
228284
594
400640
570257
389776
49956
173176
678688
853316
611366
330249
363661
115175
555607
688051
489301
80559
973009
960835
245638
558221
1562
808045
526623
207082
951616
192544
42292
930668
283274
62951
165694
914262
662498
108491
846857
841451
686916
723859
683526
497383
56532
920995
942527
517711
39859
92962
984719
368315
793034
415626
298435
751053
734402
608612
843291
153085
140997
308890
218965
913419
954657
179813
845562
618621
330751
647504
62595
480720
279626
861870
297749
2822
577786
624909
165662
317651
813181
303220
883409
698643
542419
331085
895869
764076
64624
561824
434336
998175
253528
394439
837621
229398
159919
611119
80133
972084
79092
923667
403579
143720
759498
845530
764930
734639
410655
516561
298457
524395
925829
587821
782904
161491
512015
726400
557295
527445
663664
5536
242364
507392
753474
457037
191912
805853
549277
13977
860487
357996
51810
606715
88884
880777
386389
969737
962198
707824
982947
878389
135536
493446
254861
279924
646758
262351
342420
33347
670390
175330
707921
314505
994686
575693
255632
438735
774089
767533
314511
56509
125679
86801
478314
642612
347598
459747
607000
974173
900325
855668
707571
289667
864725
975298
169294
266343
403780
696981
332908
646713
703929
469651
685166
407470
940808
531844
900396
844857
352836
198542
603745
988161
959828
308700
131360
69592
108171
25697
343450
716590
219695
900143
24407
842983
26524
930140
229683
892138
874921
209518
505402
389636
974963
181378
399994
104000
108824
127990
230789
203448
823892
636960
307323
770049
14063
216240
585192
373274
192328
409390
626026
74592
680616
224967
541777
975263
88442
578171
693149
237003
98126
695746
383890
267220
17122
348444
893714
563194
885614
858835
812426
125009
49441
699572
162850
994810
369563
147594
704937
240378
220668
439221
383067
689132
359200
298088
351105
373553
969852
458491
276771
506874
637826
274567
678790
127962
556411
203878
360403
761163
861220
92720
908177
612074
117530
752576
167469
982587
477803
30557
171922
44659
16153
95696
723450
752917
736649
855753
770589
720763
243985
140932
899497
802554
784672
759917
465695
91872
915353
210980
982734
270300
671490
87891
222503
579651
114118
446489
139702
16453
443176
542128
539560
797119
703797
13850
759744
6068
571256
965365
657023
842807
384367
713466
17203
772866
266453
480076
645752
742766
703055
612257
210852
820968
589183
123369
706493
439817
54493
91458
182846
222924
484068
909410
289022
920751
94703
534128
24395
979391
484570
453863
936404
648528
901682
715622
504389
243782
508139
363571
746049
437033
79266
508169
387766
909967
540429
726264
116950
837688
520425
468830
400228
777447
800600
328107
162636
102525
474978
59597
780855
931393
576714
419972
430198
955159
259654
69002
909802
137918
935535
900828
636850
56232
583538
224396
807250
571537
232741
489532
40396
29641
588987
46341
991856
990103
407750
662050
390315
760465
148599
295381
501104
694077
915468
610155
993189
987447
278459
26069
641570
571489
66050
150584
62354
739989
955420
363851
902845
911418
194854
105901
737086
255372
941248
258238
352572
545344
670576
289425
72739
855617
344687
277972
441095
752905
599334
248917
794359
908415
772467
211482
670227
880258
10948
507362
46419
464654
38231
310546
519076
209982
613976
164804
746933
169036
10654
648543
588027
327593
499226
29485
619125
157711
805957
291199
861750
80236
106980
281592
722676
196699
368769
828719
604119
777890
256377
168942
666841
197819
603461
838522
226526
972405
649080
615967
20148
883472
41969
163180
82874
445442
706521
72953
758410
980469
718937
216753
788644
422971
524585
318769
812289
472160
801454
454123
631856
4869
662379
569933
388287
99655
339047
209783
774109
408695
456875
436792
996708
70715
200630
325148
664879
900773
972789
722919
407136
332095
179032
453151
492252
664041
727643
5399
328597
713063
115506
711587
467383
105454
546784
102003
988793
978903
215186
574797
942557
422863
623746
793174
322724
569631
355552
74921
891647
179262
177286
513483
934043
4697
111196
958046
772307
656967
186355
478349
520856
367737
531525
873194
910066
575892
79752
670810
688260
322051
924827
478475
851839
702683
453661
44382
208301
321434
52289
310282
457096
239713
673486
244398
662534
299357
407581
421828
190649
446093
985005
445365
681346
486899
487742
205258
904832
58843
468866
428385
59525
15953
464388
37655
671046
637452
743488
728089
400319
193882
236279
469744
61144
85649
746129
192122
277563
583343
980732
538195
982690
614555
933724
973293
662419
351761
197552
708481
482291
829755
120905
63766
684201
842682
613895
500218
163976
913258
387866
924399
645904
158303
774740
786307
483096
566742
930198
140528
916175
99548
149240
180989
300338
894499
941400
843741
756283
21797
616548
825629
889323
404782
682657
96870
923179
966839
992626
137431
20283
399165
593644
744900
563196
245587
107747
631560
567159
799583
355341
126095
375854
159556
965699
742473
53261
183299
45610
212571
409971
103933
622109
466062
562349
138546
478960
228145
699022
364461
977405
789335
580073
588216
91916
607137
441648
100702
987930
304828
899538
501755
294522
619298
461856
82118
959679
568195
2808
777154
305532
752279
377966
776291
795214
835952
410704
640803
72881
632909
958413
631251
487582
222947
201714
907613
510005
253679
348514
389575
824041
145287
673596
619512
267627
957777
617826
513713
373453
56271
764715
579089
554471
628712
761983
627990
644183
778855
199012
785569
148117
459342
37000
3489
975068
914540
846261
614429
726869
215712
656990
849979
530014
346898
776329
715415
837063
370439
964376
183277
876830
50348
649179
872173
199065
970982
996693
872909
88791
318518
110559
734241
854662
179572
270563
498360
540383
289587
992768
218425
4153
705358
458654
331961
11686
831449
686890
785869
223987
977354
957833
618540
349210
966206
502019
390006
545389
844842
100394
131113
984324
268585
567794
641554
785974
228465
994811
218712
814799
732467
652236
146245
378605
728466
311944
25998
692424
587342
161114
171246
632245
649424
90600
383852
474231
98945
304690
174975
479242
979169
478492
732952
399378
547519
873544
226199
380752
645091
853855
862546
840915
981028
786178
459461
891324
166898
339504
194291
382405
448326
425044
739917
944567
533172
104810
929842
671395
463792
881653
692343
87570
270475
972369
585246
665691
387850
886122
252607
657073
588024
634829
373625
845943
272980
338909
274632
639216
286641
401526
227758
957569
466553
392765
359663
681883
954025
605580
988645
4827
352446
722702
464106
421410
889702
709220
436111
648066
836529
482441
150524
396762
698464
440053
960435
431256
681160
952853
153806
481265
322761
923947
900159
604063
197868
921691
789846
359317
666748
692195
135736
196180
674026
252540
241459
318945
73037
588884
301021
360367
996438
670444
580312
424473
993449
32094
87987
388273
686008
592897
27679
157655
246319
366953
258721
755638
845839
932098
263972
797780
959641
53163
585768
421926
199128
69028
672212
990296
704123
986476
791299
763500
903830
978675
328634
130644
679759
748962
643039
122803
63464
931040
81858
790317
78882
485448
637794
911811
133869
154196
605304
868728
72728
382338
492295
40334
300617
371682
10433
153766
411039
305864
379173
30016
169088
844197
998109
377042
574087
917740
663169
460172
234944
587096
242019
400553
712897
447551
330258
624926
770971
877095
811337
805834
266399
650165
507401
910660
132680
130014
325930
582888
667652
28771
720162
41571
519493
382025
115308
852930
556015
931637
60370
455724
246890
824769
290827
524289
170128
16227
846167
162208
761943
670911
641349
248942
207513
414083
261093
108523
22606
325210
430644
945701
880678
38309
892896
700795
263269
738149
22829
415163
864287
421502
595423
259059
765173
210659
46441
308908
267962
319774
215159
375882
881792
459013
598231
167243
809846
795042
165097
736317
523820
170351
937970
123156
18006
610782
39135
677865
814005
943532
462100
835032
453799
495850
852583
34796
929092
458878
512586
618214
321226
947468
586592
750474
215700
694069
161935
350550
663177
128869
872234
971232
379852
276267
649913
644715
343513
952947
725281
7758
294316
197334
996155
801579
315593
288893
723806
479131
913329
733700
767128
330681
54030
702187
36488
776443
995869
835601
178953
512743
862484
299259
680628
826382
673137
626396
530061
2908
905768
433053
74555
658786
262585
94976
195834
275712
41926
927940
235956
556493
205728
256928
752349
656242
860167
924761
523597
470435
798295
777978
257489
608321
201304
506880
185236
157887
614998
274405
962013
452918
411654
728061
824098
775844
785136
128769
152881
382643
581817
248430
879156
992948
737696
645868
583977
880662
456600
272843
459269
690632
646387
63108
913749
913727
192458
19250
640526
736528
35098
475706
345311
882260
431058
733315
884613
723534
195236
216792
753082
898347
201964
382607
170706
74456
460588
14219
671483
353932
909405
177268
747088
392011
514780
996568
836766
839667
13416
232556
703080
741691
198662
621314
482992
94339
598838
73125
279119
964820
130376
204535
935948
896514
586542
780563
360754
328067
167787
736060
944475
452577
369669
969825
797120
843496
246581
590011
755085
81825
184056
179940
988182
526050
581946
813356
301430
546098
371667
576832
254357
120765
591160
11899
332047
87119
85573
603505
300973
469210
553247
92887
255585
764229
796100
730822
637456
461273
267377
907524
496829
618574
914430
902637
341547
343029
751803
380250
426613
382219
928338
72038
650734
737368
989492
1469
891167
963180
787775
154131
321705
613352
586336
654535
102381
785929
482298
457252
776177
521721
154971
456112
193165
253545
20634
799044
934969
953388
435210
997035
35360
298369
825414
865398
36171
732426
934221
468853
441745
145458
485511
521796
859855
791633
949091
543764
259960
968011
300476
350682
771564
377464
814698
417897
74994
465610
979777
556752
843646
527546
504299
881258
71206
813435
138174
560472
845766
902946
513276
714580
199651
212413
695787
907169
920237
18898
695765
921195
334625
648606
770663
19643
711087
108408
864515
536594
917855
295944
287778
965689
876053
392408
879771
861610
603012
628159
380218
114083
187550
535660
374615
646636
45551
428017
834767
268914
768127
455874
843028
604851
183402
18
700167
937490
346612
641515
232300
812720
5738
844942
974183
560411
879099
894230
283580
527712
733478
318243
122649
450359
988916
655101
355068
820809
761899
520718
948062
917953
489912
218777
121580
315587
728001
516037
693304
10062
289869
110280
159123
573007
504773
573800
663452
246814
456905
160303
947882
154650
451813
471182
201306
81645
582532
482153
21519
54516
459313
188832
586487
776841
572926
629441
348396
535506
280366
314728
612772
551658
550883
86930
882553
836846
989063
50146
742779
992605
224895
714955
510398
108353
104895
72041
629314
2652
899811
959387
409034
932359
239340
899355
927985
709239
170487
216079
809691
441644
833394
552910
374345
727716
347045
897424
93356
448233
766066
723326
444928
853739
244386
882294
212359
473261
868373
692466
952965
504558
964463
740558
910651
714996
427605
944484
749161
757136
411325
347657
721571
866753
497902
739720
149430
803751
771001
804929
758414
561188
7414
682287
883924
248893
596572
828255
693500
858006
609747
41672
272209
450430
773889
806487
542196
830141
803081
88842
134575
543384
630062
383971
653736
923298
230591
465525
425657
484171
658696
1431
697815
942591
600829
362082
749287
373449
274144
725909
755000
453386
332074
851429
545180
949618
809488
91082
902120
781327
827338
445912
312853
818048
988425
47597
56562
41632
131804
292537
428104
606613
78517
382860
244594
263450
798961
982358
246843
869338
528385
956881
419813
547368
73020
327364
62173
408136
156060
615301
513996
874985
449938
78011
974931
475767
408568
370551
485720
893203
636158
592457
20829
579087
583570
736240
254907
753986
11808
850578
564407
911731
159160
103412
522372
262219
344954
195737
517315
238527
316218
222603
757752
644024
115321
424396
946900
556883
107238
811328
456017
723009
955183
107285
494929
1736
143188
330642
25087
678862
484175
37276
27694
849272
292138
325546
776353
459479
824030
87228
458655
362254
216023
693935
595293
933345
763138
597151
480698
923665
809480
756000
387011
798862
222592
917392
944821
246275
147147
566960
682480
79068
287608
396329
416340
320132
300944
520783
142269
369429
502136
967946
189919
339777
339907
187665
513581
463575
698559
208379
461110
361437
743808
540636
322366
147526
263271
793917
47540
370506
153926
827100
431996
918616
543977
198150
803773
384451
243118
60257
222095
845991
528012
780651
210060
627605
298127
894715
381705
234226
584372
839270
381363
439874
797764
700260
960288
359032
129058
440361
365318
679415
208979
639073
546621
425471
912342
637760
212447
401982
337597
863937
893000
412923
485796
529778
289489
773042
524876
176737
339361
643602
969351
413751
394375
670460
638702
695703
689359
403894
170290
243259
594077
809963
247433
100527
167262
162675
856017
228655
505697
913205
802583
704509
857068
538822
590441
868378
302187
377821
668853
491055
103293
641522
637685
216380
660553
546729
528443
438126
893827
299501
889478
610786
808219
237122
199720
225395
519842
999036
643753
389811
198041
380485
855724
502962
252172
853286
338537
12920
722853
184872
838297
545085
321628
865382
684530
850168
883913
597372
643643
888580
923189
89994
35713
193265
137787
115404
763117
201928
474647
152273
682119
846554
363288
857932
732289
135031
244547
486748
767863
275525
566296
516983
399178
840222
653712
647337
575873
646494
942106
81739
738290
542863
930129
426506
747846
626629
710793
90493
983567
869846
763198
654447
455969
311012
343677
761226
398856
681744
522354
366602
967107
305104
749290
283875
219648
76645
422132
849007
598312
125278
4897
911142
736384
662712
43431
553861
296659
49434
979886
120668
271040
176577
935453
217278
71238
727484
564906
617235
712639
729125
415638
585387
938594
940103
559881
449770
658165
569457
734400
293369
777598
563315
479727
513585
447284
882328
884672
992299
922884
510379
781692
903294
603867
983521
835419
179658
713391
109112
388864
999066
897218
969455
28914
762171
979556
274126
256171
923644
55519
78235
394439
474740
159767
50871
770532
848933
329325
478523
122455
458578
438038
909623
345416
597021
795489
873240
925011
55120
157315
100617
909455
390137
760545
107408
274238
582228
469859
917242
433951
939408
128445
306633
337762
990076
923977
760315
689374
575100
637593
56395
157653
98260
865863
211432
373469
109725
366124
950620
941820
442654
383175
413078
190651
250467
98424
609215
186823
475454
28945
829670
340520
224776
781027
960428
633603
960513
502326
517165
326633
515531
131199
318798
522294
118041
199364
239107
441455
314793
503737
368018
672973
222802
560403
385714
305359
510007
299528
864810
973193
672965
305666
290737
28500
289500
379540
624757
398853
179129
473605
376150
954500
991407
42197
64611
138239
727290
977112
476624
202703
884472
931030
434377
860235
310915
835916
899242
652909
604363
175572
271224
681500
909438
461590
218492
81462
71184
328331
913129
945646
719688
892307
170054
101400
229052
562863
905375
469226
36542
362728
384308
58993
479080
396566
545058
314978
840581
680896
339239
829346
811214
795182
608108
804238
676173
956529
511091
191421
187967
713817
356821
226730
301252
92645
965427
720337
436307
959323
407933
454442
73353
161830
742173
144417
678427
138743
377593
75652
666461
824407
171213
181491
823076
886923
445904
331598
136050
83289
151172
917794
366786
314009
542326
560561
417850
68914
29070
139222
780937
128280
144600
725747
45269
435435
376196
778187
477861
596895
688416
294483
666452
626231
897171
214783
866305
395122
276043
350543
781136
627267
989691
842774
138274
388310
114019
763977
657190
77491
3963
992497
546101
131148
444575
877235
675201
898093
378094
705962
692410
891865
912552
639045
687390
657375
186764
70735
661554
454677
236747
813645
340542
408893
743193
626204
690534
223860
146378
238863
302583
86010
201323
101837
989950
303114
754911
22049
706022
217417
563009
999996
759329
890275
242620
725711
218929
494018
703721
287190
889636
415354
154249
130493
791129
459144
84977
827961
606164
27201
162814
336689
434266
426337
419650
688214
636274
127006
850890
253993
55380
289054
957385
505871
17606
973424
77912
149693
648247
307816
250415
706879
930430
321439
662375
147226
729405
583234
715597
813875
338421
642534
61986
597269
323586
847200
98401
653721
101680
147172
18678
975607
78820
134080
897064
514655
723021
45941
14639
148990
693103
117724
151206
671230
220959
404990
260414
115308
539967
986311
960145
26467
463091
462446
89437
531661
452109
909189
500894
782403
525272
511779
410614
379486
315886
169394
280155
768283
514966
761591
716913
784838
293238
142918
488951
209136
962293
417857
154434
767405
665531
604958
350747
738323
681947
716059
712176
470039
19872
736284
137386
852123
72879
446991
619873
67438
362373
311130
572160
128236
594032
133445
840075
215862
393709
946407
506319
802240
405632
202822
611107
783721
286611
667348
542618
604511
978862
554158
454367
918756
567422
828451
688857
409603
999710
221934
619857
999909
384398
725340
286606
905820
65690
556601
636863
13150
941187
875309
664799
31818
129995
708574
703762
525548
198763
655081
663655
497782
458952
297668
412222
64107
142923
64619
389497
417297
906823
965089
319943
248626
171729
959197
533503
906062
605510
228409
852780
667320
581935
412696
275106
31577
858378
296415
762847
216966
873260
387260
189942
43977
716707
501063
75541
973345
893446
676709
78955
297869
72411
399571
139349
726674
603059
344977
294486
664947
276026
799376
586039
959608
332335
523397
903492
258683
122971
984222
932684
797365
223521
94138
451272
736681
323712
768079
359148
132035
996722
241755
37630
619130
228609
769652
586226
816228
417579
116377
549348
51792
657431
881714
826072
548026
521046
116069
272605
735831
412504
528672
990449
219565
807886
184452
135532
918902
182635
548378
347661
507310
697564
468088
523507
272279
140595
217947
163863
286644
404766
937412
688224
85795
53046
47031
11634
953509
295094
43388
17608
659986
367499
560194
919161
624310
752588
850014
323297
133812
275838
563066
417076
313230
576724
375845
399313
867589
445057
444821
576449
490875
367716
344100
960329
6009
257865
959648
76295
414582
385571
454947
11941
724136
587074
921078
30275
712256
664475
668552
209201
48008
61694
145693
415706
328643
312113
397867
80067
296805
46245
774985
108674
367753
259365
785422
408936
826237
399874
260149
231963
955027
352987
909128
935835
494226
40300
326220
419401
411148
543233
305656
319355
239841
937652
189336
592728
371119
862183
708378
526447
509323
724381
873800
777296
112318
887913
358222
231140
538410
403744
853108
517387
434821
473605
78475
9866
958545
276844
384578
826738
378418
972075
671629
758421
657565
798304
594868
374060
733926
844594
832184
692414
894694
449452
636758
250302
279644
323583
883459
980456
967557
732575
503333
757344
218167
616744
739703
935325
746678
473391
114347
463529
844435
216548
663948
578301
839760
751859
735426
832697
220387
368059
32592
283994
436462
959503
841064
773951
364660
274686
442337
247305
448618
89348
160801
929349
633697
464979
137680
703373
794439
320206
646948
889434
139956
624674
283128
275126
381332
668945
494400
950017
68280
644673
650345
904006
797316
643041
21047
642176
119785
134511
165790
433898
35666
315649
8953
650563
337513
551870
937857
832961
862653
42156
331857
468566
244754
485093
190817
61989
9069
488546
622288
586173
46304
877357
543583
544233
949337
873861
765380
699293
821626
397716
45118
528777
626409
330391
397446
790965
107132
598589
964378
210266
517309
982446
789897
4827
259303
822846
537002
543294
523642
550025
576640
617708
780450
446910
18321
434286
186081
294409
11711
872438
516938
391095
643553
721087
137834
892723
782802
125408
971948
665682
480150
27233
690436
989092
592559
988084
552935
430553
100298
546502
118956
457047
585524
784191
305957
911289
816848
105770
497345
143310
259313
733305
657840
323158
279407
803099
227381
931920
337185
641488
864030
443074
382639
425788
74338
107522
966105
671883
932485
389788
430902
471217
949439
995864
201123
523222
468281
496109
532615
828119
532659
13888
795567
246202
414701
565650
724967
479690
822135
296632
556189
825523
57382
800461
193590
815321
344539
857689
750695
6614
859508
543902
92805
849921
600808
646972
341330
94464
782305
585504
104154
544201
802198
945048
256385
869552
737091
901677
201724
484777
331079
352838
834884
118091
679099
574478
898079
141405
656799
437996
100167
84585
790985
742363
460459
64993
868283
198770
465349
376538
248645
75649
680505
33226
628076
194099
883055
171278
470751
542734
782772
378432
30803
892634
861675
182372
669915
733797
813530
902170
716708
899223
212816
604318
883806
520688
240143
979949
240463
32875
19025
829315
980088
27546
87815
179280
626923
151627
129265
509881
821123
977354
890530
89745
568210
269175
654427
976729
231644
941804
557979
287195
950572
817289
518055
434026
131652
701938
56356
962974
688153
179315
281109
342019
429831
134785
303601
434293
276551
753965
388413
850807
694759
993702
587344
674781
644350
277918
955762
250133
298528
321301
94069
748962
97681
277939
141531
293280
356983
214357
470907
761856
366428
836663
890492
842657
212852
846521
449992
931824
651446
964388
162199
385888
374335
152258
691859
755475
964841
151715
995774
514413
670208
574264
635237
539096
103957
139360
709441
5030
219253
179504
858023
829473
834890
591063
389729
208052
334905
681745
376352
8689
213675
378272
314389
656745
820189
252230
972287
51871
743385
735074
909447
25674
674710
561427
73571
891410
932039
854326
438143
109310
245431
436993
110871
808303
670360
267384
693656
339895
402226
758240
673580
879731
798905
670712
520677
105062
697336
85943
716851
9427
696011
331008
426045
749959
979249
299160
967504
211961
39551
695394
751560
602047
733320
834309
621119
552956
596200
805743
581863
217783
710850
715052
147806
194055
222692
888692
748676
284144
585299
327671
368606
235620
864757
235312
25968
337884
577890
800077
759965
156386
185
561695
416861
285112
264979
141599
63213
669487
330642
514119
990063
606982
652360
52117
544788
410370
453225
50774
127108
426356
252284
366305
163885
861536
140421
2239
687816
710592
214580
737057
688463
635796
788143
144088
872741
892792
800798
944932
653073
51534
450895
895457
279488
996267
699148
761350
553331
597808
959033
759740
198117
56177
745255
166703
749939
921112
187389
317273
86256
912664
965019
967668
630627
57680
204891
203997
388678
111541
426693
5442
609996
869416
305720
401603
531575
530483
128388
74422
948757
41516
131548
671158
556991
674683
1675
972228
631646
204397
543223
838377
196897
871923
895704
217062
171461
224325
916705
210348
675931
781206
541169
673172
827300
273687
910577
487911
612047
754407
457883
577905
301429
887506
842150
69315
389104
194946
669644
69893
885318
192988
426400
35583
207806
676161
7418
21559
980188
426123
221410
347348
454567
317858
562529
665012
133248
214558
964900
602355
907991
141110
7615
891779
931413
908680
98381
398149
959810
643399
847843
761528
714239
793238
287353
612738
225072
617515
633866
611647
592658
562381
836230
12791
579723
785461
684104
315160
821032
626013
598
169081
988792
63032
827148
231578
391142
861485
258182
537252
268253
235910
922467
999093
234322
246
770012
762266
510182
608512
78766
535820
270310
404941
404776
75932
341827
405778
614706
60429
459989
622526
427092
147591
3547
133462
612217
591637
333372
617846
49836
92447
611506
975569
431569
868683
67754
367240
169557
157484
114191
209451
601481
344877
760330
315725
73416
513487
515726
212209
397525
323505
667330
46469
913213
77667
179151
239002
393218
720551
694200
181915
665174
57599
367204
672217
347185
483897
945694
349444
119161
153809
423538
925702
714648
901507
879160
764637
45794
734131
674955
784535
552476
662093
781568
780858
672054
680148
937211
342365
769642
641924
994522
762079
760211
31065
533523
568230
258909
726721
871710
685507
385012
215760
407957
745302
673255
389832
645313
386891
443273
545160
563930
831762
553467
359853
979348
353971
642947
19382
193870
320967
970742
102457
568515
634713
849196
105015
842482
458490
43746
268667
847949
608969
78844
713324
574129
688388
596496
74197
641376
525866
33119
418426
760606
971156
427807
758806
889854
848093
871841
747402
244000
50477
51662
299939
606422
809988
873851
550641
757336
239557
159616
888509
130535
219048
379798
564968
724430
705012
872844
776120
883704
915458
559379
372495
840161
122800
988458
401564
930388
997101
757923
791516
279085
575578
577094
244003
578251
161841
701006
346098
281738
426628
299997
456590
957113
68271
397411
667707
137208
894616
743284
737120
347088
924856
642029
164781
199825
798717
280946
245413
497788
539506
6595
64937
661830
929792
247765
817891
721515
60295
165840
188201
56214
753640
485416
611136
962692
238765
51146
674566
793196
900898
818110
297773
434060
856488
670764
300021
977150
310509
930975
274754
299177
889013
950664
191938
689521
281473
649433
381919
214158
676707
303110
766427
955251
296389
171486
363872
203040
648319
848936
759412
340448
877815
720601
704635
679299
44915
308714
101800
463406
975268
648938
599
442527
508255
101413
645481
555539
271672
258546
911907
265395
390224
46608
132874
460935
247723
157594
447940
237013
383567
490544
864208
729271
643858
294225
681373
268378
447482
95741
139799
375357
708827
809379
675539
579004
886283
291547
401540
828189
802584
77852
787903
941520
242971
134276
738663
830243
526582
490846
702200
415943
295443
653684
308790
290919
940543
663161
718577
646799
883119
82529
937230
858127
368191
173840
98980
333541
830505
139585
780210
737985
352816
621162
921045
359852
409332
148500
192346
46019
478743
191503
480060
788841
449871
376332
292155
491964
902365
946440
707415
676797
320634
581558
848246
849370
318236
683316
456312
899328
558291
559045
262504
131262
233908
821738
553686
355747
739796
684169
107170
617061
182255
279996
27686
917371
868894
127572
904607
784982
840229
76528
872931
285299
433540
740784
82601
804726
588257
374325
708400
375844
733609
938214
503827
111339
78932
6450
789167
609579
355312
787850
522643
186025
54382
864189
590104
299341
881231
888102
79461
379114
120744
63660
102747
442444
762201
442691
651506
504245
903830
875401
10399
61266
554642
797395
147140
478000
851249
54569
19278
801670
603894
718198
135614
647659
786324
989616
341429
30116
931584
622368
613267
834141
490854
165495
976365
563994
974045
227408
853749
92690
746708
715177
723096
852373
552167
223376
455080
12954
301068
19645
158950
64007
373213
510668
867624
932511
923693
570181
829151
957450
660918
585554
716792
542026
13261
658977
475503
987747
164594
530549
692611
718211
118242
794548
170189
526861
91811
80946
724845
411384
841429
607260
205148
353946
198931
330837
73318
598800
157091
945334
435642
982405
773511
968609
385020
799365
597034
911778
1353
223453
411713
136384
140086
94049
779611
737098
707843
448281
111960
676333
808420
338443
363540
757060
529219
94178
122393
267344
945810
993864
90580
871563
186325
950756
542358
654750
197290
930087
316453
393270
630192
939210
810689
809035
286165
83855
720849
149339
33270
389513
87490
196974
506915
133499
873652
389367
49333
656103
501722
38940
427942
769020
633513
459875
475343
166742
697354
727276
587634
866861
598408
32834
857465
400542
394448
193422
177148
196362
19720
685242
612366
689922
446039
697409
660890
547057
793460
389565
380636
16013
49338
653727
134990
197725
228541
979167
425986
592202
408971
980023
399187
750240
936849
480939
654062
553977
331238
999101
170380
423321
309678
845587
525508
951348
675359
224947
143045
994562
644194
223731
427121
572774
151144
330267
715349
621409
598079
687930
674044
856222
1991
818569
551141
882042
769028
651297
792281
731278
307191
668799
277725
23320
68730
944678
379118
95230
234870
260516
534025
626702
664338
170133
215342
940879
13635
146457
287321
566601
903171
997670
413926
780329
227609
279224
219560
924018
709093
852976
853375
93704
224640
409350
976425
697064
176713
7854
375457
456173
108240
91518
100938
863517
802410
632815
464714
918189
29322
325823
959512
335421
945055
716520
811656
202029
791293
124685
47622
802258
705007
206910
112497
572100
408842
644874
302728
739648
229796
975831
542888
125727
294108
726313
575389
840502
801360
43425
978549
151903
404779
196891
989699
857686
704614
611928
408399
447470
828534
361791
200599
555790
899634
696112
12891
295537
84885
374585
832332
721416
128732
772103
297587
953898
126156
430493
640178
788750
397058
925613
514321
165023
22255
234129
285029
653326
804628
244534
758303
931811
90490
263462
502007
874782
101956
279315
425613
382126
52398
316103
568904
870094
478335
99418
451336
14198
19826
225237
569844
811954
436101
837408
260363
520207
698460
724621
632893
648211
346066
586440
754450
766959
81964
519396
911361
610273
233233
565701
419232
927447
505020
577153
260152
236627
820210
930507
306339
887950
503111
638314
835262
505033
670573
746473
94093
15231
210324
951257
481510
926832
869972
848268
679129
87915
202487
655309
891536
66295
714931
67993
172338
592459
477719
840000
905340
595010
994080
573259
248685
506940
829394
20150
679763
687814
672145
498987
51153
650007
582961
298197
297722
255338
630587
974380
968242
482389
621745
668544
252532
669017
795131
665244
637373
916498
709505
973475
74284
70411
217194
341758
89321
736739
713676
222061
289343
928051
346786
424595
720188
185371
889639
56491
260291
455366
497355
107976
872211
301687
503351
591990
753209
890321
518550
4583
610746
560333
398116
639228
446795
957157
19902
845735
151777
89652
801261
915855
833953
267972
400050
563017
892665
392699
394497
709514
712407
366704
340753
460188
893680
85289
675942
152023
209260
483169
337754
980877
144051
311398
959433
600540
795579
75756
999949
933883
123651
681282
858099
79530
399168
454167
631850
687971
230547
593972
173839
859302
810099
868635
942219
517876
396713
23255
402261
47689
366348
5935
298537
438082
106034
798948
656785
344811
89745
712160
295054
119853
405066
786489
81052
292897
448900
321622
393234
508638
658286
378542
863617
771827
487838
819203
856739
476677
665446
174290
96760
474405
866254
167709
785432
635777
810770
345259
602687
681203
252778
584424
169624
564226
500703
852696
102339
949216
313188
120299
654185
869972
452469
57467
350188
952229
144818
407728
805799
393128
679907
776327
166433
108809
198003
147291
155669
903298
897074
211219
15043
292041
768243
833551
190861
852789
137693
133681
549432
885756
540166
886280
177994
673435
846842
432144
482443
650662
211376
890292
158447
753494
213202
986801
137113
501047
838538
565990
607342
771857
31641
894949
706385
561025
274868
593777
324984
600292
107250
491284
497880
377228
526882
345007
807724
889392
300496
562894
895257
177352
437820
999691
960432
584336
772989
890158
534175
692996
587351
750340
995920
233123
358729
861662
796208
547259
212924
557515
300716
294863
463208
9364
110215
272314
563590
594187
348927
149172
9573
642888
425780
657604
864784
99925
369150
997281
612191
165153
575153
870329
872554
563203
83760
737055
837250
798597
520655
30845
993713
963878
829761
181900
344768
844359
172571
770924
266086
892791
658274
865218
835601
418440
272559
676784
512631
674124
517081
803726
244328
8727
886879
827141
852719
560939
326950
421170
90698
476425
161570
828434
323603
112796
509894
695844
896890
681238
694897
275193
805073
343921
417981
46225
667932
698819
605654
628542
98208
345499
267088
163813
973888
857252
228234
635499
919371
470840
579484
378564
810306
809712
806351
119195
119858
730379
855804
481874
356097
628371
680209
256036
261175
937653
337416
576372
231601
94304
285404
98123
100843
665267
296698
849760
643625
236439
105643
429597
533294
819545
584597
540630
285420
974725
104438
601581
281958
507421
207727
632350
380380
517409
288809
231245
872075
684791
56095
310399
818715
980512
114496
864552
758484
161544
353349
504266
639648
393205
878610
9728
350606
820512
446987
125955
313138
905679
460696
860191
55642
842792
60086
319924
723985
459110
48778
818903
732106
220269
680344
963182
489395
978537
188975
91933
794596
46456
689403
630834
486752
309790
217334
549235
724755
570100
167073
705039
626274
620337
818042
610706
287882
893224
125126
480890
336369
692882
250096
71540
608825
553244
787474
672875
793613
464654
9434
127897
804683
413154
192212
559839
834525
389410
638716
412034
357389
530859
758358
169498
718532
525208
539496
881302
749048
809442
617532
725409
145792
495651
444693
48282
365073
114911
334338
3810
472584
582217
530937
439914
728311
168897
284686
635495
354775
865861
799557
828987
874667
92166
425895
562902
465743
783170
70182
192544
296456
748231
773226
298180
984203
921438
121927
830725
89441
110424
826880
100497
909150
973844
527646
67164
122890
823723
545797
957451
67010
847030
17641
280054
573143
812279
540655
919581
695504
218446
651116
741337
325066
733308
254204
433672
103230
682025
50700
618671
206496
611227
908932
736659
661922
726417
325557
276751
301243
455027
365450
383920
934280
486841
83493
387682
664270
311481
124337
485265
212068
467672
385719
802671
673233
965325
708362
136790
417543
872318
635873
661261
557063
47296
867951
729693
163561
742410
590435
577464
179740
807668
40447
275460
836152
829989
381574
842327
325893
620106
630675
88867
974251
748705
323592
555670
874713
818081
15863
273727
791939
332940
348491
115676
441471
748374
609148
494487
706257
483448
826451
374935
451888
627380
23042
584891
555832
399215
736110
326912
864112
874385
98893
452814
11591
846906
452633
530099
731732
323833
434904
30891
618937
703906
424637
271922
840150
859267
80531
713301
793087
829642
126988
627477
317440
261506
630918
897978
778156
480421
405695
108534
950267
352214
522901
551296
802013
65492
742551
835026
110064
867958
541938
901717
449545
621798
636156
280947
679153
721077
402785
349703
141736
462575
513110
941988
911547
643354
898211
533496
330822
305132
28647
974411
90208
365895
575066
195807
245000
629902
663449
90891
957974
169149
520844
38057
119911
459569
459905
931175
451461
435277
266008
843828
819957
980892
336619
18494
716667
251755
807877
386593
834712
428309
352065
271176
780476
712450
733851
946170
851465
290545
314665
806241
308197
312767
956992
718741
21511
224859
885422
534968
672022
665246
253339
520495
269237
786070
361961
402687
771097
565422
478008
915352
208726
163622
685061
744621
431004
942113
981310
143518
161105
576648
877259
868728
283765
794481
849105
319514
396874
833091
327808
387857
235626
582905
968116
269667
640467
55539
770031
498969
279633
774352
685159
580383
483600
721499
22073
692139
850553
570354
898176
412249
274439
319979
554079
673839
600786
193510
685744
121040
771662
691802
474861
734887
585458
284304
772150
957339
667730
939326
765348
465301
684427
580289
506180
209016
570043
813334
491398
699662
62272
318231
356733
983033
186452
585291
555369
899914
977191
604947
442118
216243
800031
271652
510122
383291
709089
4758
740908
168961
199116
930245
533935
119748
266365
953644
792882
684234
552349
685093
947145
719111
224668
446812
121641
470256
588005
474026
82830
479762
409902
148915
793905
95780
817313
126693
35392
273156
59037
615640
703901
446785
503130
332681
878273
731625
439251
791313
729836
749762
537907
969117
417954
181261
414626
675674
892080
522668
990265
349531
356136
755446
336767
66701
761600
789080
212343
474415
396432
380526
298114
414319
238200
356028
62605
277021
870183
97678
947941
888080
199710
45483
854863
913232
305559
276815
53609
631488
696794
92722
285135
908899
867969
804704
786111
803607
696002
222966
894121
718022
840802
697731
615373
169263
869074
415517
918652
181462
741243
47284
240725
947628
386558
916363
329068
817565
404047
24331
570683
861349
780637
168170
932014
179519
435863
628089
79166
852135
782802
251902
647874
4268
438013
919291
129657
48461
675896
917605
221712
616876
316283
522661
829967
9631
990950
774941
402804
277147
871959
605904
888693
869157
872037
909439
49708
391140
406789
999698
968407
977882
137427
666392
499762
94213
856758
101052
640541
567231
55595
202832
711921
533374
437255
778951
769021
304457
262601
929305
414752
411777
1985
262198
140796
348106
842507
701457
883008
78982
34137
360298
465860
617608
513997
652355
625224
253327
629735
303215
275035
784364
874041
851657
52506
65614
319148
678882
795474
42511
450267
568961
637227
953970
625296
252134
168658
593329
805385
99101
387786
550377
950870
107778
433030
642445
876978
97222
699270
155802
343248
999389
723472
729715
969260
489269
364559
895600
105635
234553
434142
566614
813647
107118
320763
545648
902999
999432
205329
38340
307389
765518
376388
811895
423485
781602
530541
593725
352743
205668
209727
493876
760838
683875
655495
50587
52793
657299
224213
427425
689580
686116
654261
2005
175638
489687
105008
659299
875074
953417
139996
356715
893992
923421
95401
20538
870811
205598
380243
139639
740269
612030
682561
246409
601847
29006
815919
785044
396560
5134
422654
791869
46548
997070
352917
368772
803301
102949
332951
566304
165652
904887
564440
329782
616635
970280
894441
155241
260265
31168
666508
159522
443530
423987
360905
617794
593174
439244
295949
777988
566732
1262
41114
739451
407381
641009
986647
541901
941304
339622
892638
830446
859431
577495
941090
715829
669835
521301
362659
49996
170611
103918
47772
740836
742556
363688
87912
915339
561582
419187
34713
742065
864411
290541
256314
984037
838584
941281
907115
186219
156668
835141
325403
296246
981147
894838
869274
419941
627154
174412
70253
613952
391696
927518
824554
465750
900441
975036
579201
400797
41462
247342
53478
908342
709881
339820
506827
486731
704600
886791
701641
949661
106778
146743
798154
94374
876027
852159
116913
925004
611465
142642
559080
980714
271337
970087
149418
735834
190381
39287
166613
357271
141561
752260
303654
495725
711579
535869
430070
863331
493025
906821
696845
544615
77955
316174
214472
701724
712334
229300
543431
338014
306931
163186
759884
291245
982611
18496
461164
936270
143938
542794
848086
341324
541980
968587
469154
455069
460820
323436
254171
283592
531073
172992
701120
357925
117414
319497
664191
306843
211360
649420
689792
292788
123592
771433
21598
825088
673017
707524
257248
854244
859521
186029
651520
669807
945653
165178
272214
115504
531341
923831
224509
310483
527991
790431
104614
47534
728664
205873
942725
52949
956923
953310
459602
564046
269544
1766
516173
635711
400426
67565
659664
470002
382625
826953
600041
85518
514070
498937
536746
864817
402147
454621
21831
811801
142513
52989
608864
988449
31210
857822
743089
777535
730856
751010
476037
299399
411790
989266
811776
766718
78155
271739
287945
190153
880747
498990
747325
247929
538262
507431
729706
961016
659397
479081
932828
60760
284672
996860
656522
323504
543166
625091
11899
800676
304103
837321
52758
234043
402709
437743
481551
835120
347053
653280
521286
13321
24670
332223
42961
813172
842781
847663
648172
947950
390627
639563
350554
766401
611659
967131
974372
188415
492023
590704
297555
245932
580165
519029
705373
642844
977219
454564
788524
997005
416750
536738
512850
346896
498667
698340
991734
259293
360718
100675
568209
943200
860506
578062
510518
558262
895189
675006
847869
672279
609045
197046
112813
646410
786209
945507
96095
138962
850056
725798
590953
440544
589051
722631
143660
957120
289644
888051
755878
427518
989559
991116
574250
221123
280076
286645
188718
99099
516369
112993
686627
189757
46367
844049
360889
249457
124978
295488
466925
541303
661422
474359
440031
587241
850202
948791
856417
251514
735843
609746
599365
297546
926807
478201
984030
910037
990893
578948
359125
210400
668361
336076
974422
652878
563166
896423
212455
77190
302212
59489
389389
686784
198408
69569
68997
254260
471252
275634
626151
996892
888241
892190
58401
853847
324161
584523
599969
61510
288959
55004
523170
184453
326386
499861
623323
760086
140609
109525
919488
993127
334205
213173
129391
181587
591243
139833
895132
691873
443369
818055
392305
688983
406977
215391
173835
664565
65372
494522
610788
18508
170140
576921
670248
491004
33072
692532
215648
518344
983960
617366
230634
43103
436370
756591
436284
306076
78350
810327
371339
560034
687887
815874
395810
645598
197733
439524
366876
783703
899190
939826
569622
359797
389107
670109
401396
624367
654150
477217
989843
547673
195906
151136
89689
597904
626558
576807
359762
244734
463230
29407
419046
228558
649861
941102
948071
693514
661221
560654
105531
883891
669084
654192
55776
403165
398386
145047
821022
801353
566578
556703
348816
208527
241982
413003
714029
116220
769746
254040
410667
958840
228397
858639
212297
294007
750630
466345
699439
831432
214222
792975
139902
78538
564718
969434
219515
963702
830129
975354
214863
895030
322814
916214
808967
835266
9022
262295
79694
674545
608322
38851
345111
223236
115938
712099
394931
506534
741944
955881
818212
112212
710637
309440
980288
735855
241344
342984
101852
841129
130438
781792
414707
163803
730192
978938
65517
143650
3913
120759
333560
549835
948070
820058
618683
996920
470960
38212
266528
702290
789545
774544
415239
899785
157309
968247
621051
197757
726810
73487
443112
333050
548745
349051
742005
368095
222349
247657
320786
379303
387483
105647
123647
593794
176943
436862
491281
98145
600560
460227
40968
952574
906298
806740
968
659604
549309
315445
389032
973596
812044
822489
110701
677089
480810
206644
606110
480761
136245
498343
565326
337495
868624
67995
999530
519226
764044
516124
566885
924243
119431
256772
871206
681103
883366
566490
76539
835444
961084
663793
712117
516531
156918
476214
821503
975728
500207
350168
51290
368764
997561
721628
774524
374982
760428
191103
715264
108087
401142
464782
244378
433619
817560
266057
715593
295851
271590
290357
295483
963659
800117
746088
207428
723375
729228
547029
181501
643579
572519
410037
213839
762211
449665
17262
329238
952139
927095
262545
122028
764720
534876
770674
982437
250221
380922
243695
569164
923474
545346
830346
210449
747758
1577
893175
350819
723244
527918
12221
866346
812463
990501
116493
56498
170034
183794
65152
445161
902389
697598
609694
313379
422495
71769
543394
836925
377508
155628
225101
83753
554016
324325
249781
319704
486538
927329
548347
420814
97805
744743
599414
476943
880757
907397
696230
869015
592520
71060
276454
177338
514566
392282
656977
198463
427447
724741
380527
709620
688682
609456
257695
647811
527428
220088
103463
710969
591441
93808
893613
386955
129085
9072
906349
690751
827320
838925
317305
771132
623556
833002
564730
119795
8755
994329
922509
361996
323219
80759
262007
994610
442823
139755
635621
945869
978763
518115
237271
231460
967337
69870
582572
77109
990799
191187
496650
660484
166824
786309
98203
471062
679305
394389
241314
332962
503957
102006
875277
901655
42324
5002
533963
151291
385527
376413
430038
934916
937487
992846
557593
827064
114547
177642
32342
545275
418938
550853
444752
986176
662095
294761
756188
626889
12887
110244
584828
599651
781589
205803
640662
89452
825554
6761
375535
538357
578349
207160
120281
711227
199435
639464
224114
192000
599953
617567
70623
601515
231315
845234
890545
995798
495251
608672
482161
713572
543702
687661
547566
777808
927866
485640
603930
576369
757964
470682
861210
85725
649366
399149
149259
527299
76082
884284
387701
725661
506294
208090
896440
290599
497785
365724
573376
777527
557436
125373
50096
797946
298603
269508
580449
327685
761211
924574
333019
766195
138777
719259
256408
942952
727985
449694
485973
203543
604796
808117
207070
732981
674481
462863
683454
215851
235763
91658
437641
745654
499868
398891
874815
5236
75683
626795
993927
336874
787646
261191
934435
446085
843201
228791
667217
614747
261202
315928
299916
102580
163747
978979
373541
128601
553802
237877
514159
621106
607120
33950
186363
792181
927144
926869
69196
554190
208774
743486
766257
903679
454671
727860
179271
17173
151006
639792
847453
207531
743382
507445
673810
64872
103829
704404
413153
560697
21074
871648
940610
396289
566041
732929
456968
304436
788434
307885
717098
737377
194229
715809
801208
826654
573772
32785
198802
271629
13398
147401
792076
170851
648900
943597
779274
554575
124635
873825
174841
139432
683601
155640
987148
810855
529402
921405
197016
185507
854308
787715
312609
547669
468155
364017
859676
646196
648949
838043
952862
249855
874925
179834
656589
626507
277832
298727
345712
671426
889019
253956
949697
193591
602273
477313
652054
313967
126059
951239
466999
273391
46736
600477
164453
393730
37321
37520
449876
629871
950990
199418
975266
36968
659152
124605
846146
123192
507073
78631
869550
69567
149420
231226
225608
318686
252383
204640
430890
900741
390687
787743
345257
169605
845595
627548
129185
783007
315548
746708
409972
748498
81657
545159
726925
785650
601618
934985
533924
904828
986863
363050
918284
465406
630292
29629
186560
613711
331928
107636
45479
559793
681112
318627
286802
702145
597738
430139
50744
67103
94843
595811
192477
721021
716660
475349
244989
519501
657775
628083
805747
420102
382613
441657
545685
734301
774520
566322
178101
524936
9503
199240
179700
652934
833916
942007
653218
281014
844258
329787
77831
853268
947581
33409
871343
610617
279951
157005
509221
214283
941862
142615
898678
973617
717204
829481
925855
950065
7148
633709
536836
972835
949710
842611
763657
967228
488046
669047
323719
260270
178922
356962
345893
79513
8033
927650
430728
200802
223096
884325
405681
697447
874199
778178
343363
677867
859665
74943
589780
257114
820999
961267
773994
732204
419811
239002
282589
64640
744153
52917
489127
557206
88019
999728
903402
634307
333240
609044
496579
336882
234207
867371
537389
679850
22465
427011
681088
997503
809691
673563
935047
523708
233636
689279
878217
341713
739524
844480
703299
141619
288804
230841
463723
295979
274255
769957
341233
934059
707026
207289
662962
369084
976749
431279
262436
689605
612718
724440
955541
797779
563701
342604
667923
360912
462862
499008
184216
96327
639734
665502
635934
837927
556672
966808
222436
452780
90049
959865
95615
328939
283485
611827
624358
454420
431546
65280
831368
5309
849366
604585
764826
921586
430381
502632
13581
28760
660261
203870
67611
725829
915029
460906
591018
357785
766836
316445
665421
493790
106215
107863
208432
652656
85558
590185
209037
411607
135823
902056
20242
649199
78223
439362
244633
58727
229035
826616
239846
525077
701335
839050
323739
492759
337655
829093
892591
606657
663759
877840
904315
657812
205241
550518
204856
698950
459067
16481
876276
599434
408300
948906
940454
522546
89355
95750
963039
143917
585157
353121
589217
648386
503847
123811
551703
557361
28130
158393
364387
996503
580887
930955
68491
883460
412424
256282
669275
243361
391949
822900
600534
751590
273112
568042
158039
718388
425456
20741
309687
145638
635048
396472
574279
671504
3847
576898
824703
979457
216217
957363
842398
351240
666668
157425
482851
827139
421913
719641
328207
991970
297254
313169
707233
97887
337081
887005
865610
485938
972874
404605
278846
167831
583931
202221
497318
795422
428494
245794
390654
665809
768974
383909
106570
127806
198232
587559
765250
315910
432741
415269
186655
398942
724787
190972
299289
223334
926109
968445
763009
68242
394023
746202
588159
463084
971837
773421
841514
528491
777633
384910
206303
28781
793628
119215
345767
278481
775728
736203
14117
959859
368948
576842
705713
137023
877754
133947
354233
619085
648419
71745
131757
733121
530334
98706
549501
415028
102617
426093
145614
312434
464566
588907
533969
488697
984152
859075
653764
557901
357547
11543
887700
485482
232628
665963
820016
221979
126473
425445
584167
213017
413620
272758
523103
198672
257474
556375
334046
138332
980882
243545
403690
32171
328607
31206
582405
610305
427737
846912
872650
535248
647479
192019
519180
873680
146553
587029
694099
940493
50914
681601
933046
374084
452254
631465
752377
25440
382609
255271
978560
12371
76357
760088
720693
534852
807019
415539
915276
121532
554150
98285
799468
146347
500157
587439
581475
586847
109568
467505
205946
635863
157964
732351
842208
454050
989369
352073
963156
998169
567673
220911
167043
667445
316751
912997
772365
960902
306047
379465
528219
921794
360122
419839
54953
378493
274267
212433
579653
754528
520495
166206
9348
412042
862857
443275
968249
236247
632640
376406
71699
740937
252444
735273
631765
606657
29967
345097
841005
49823
274570
928390
20568
182731
969045
212385
689270
690920
613226
24467
652569
274268
366671
332444
674927
356384
287285
547098
223857
349371
938443
44361
538595
566969
77427
154741
568457
469069
353106
988
391458
779819
604452
576272
566871
254122
789620
2227
235824
637008
859681
953934
800561
510523
805818
302281
852111
748453
951323
821801
296520
92778
642327
689228
546605
990874
865640
159568
575257
342907
16346
766963
812591
509125
301831
413016
292689
426103
58008
66953
371575
663576
513838
504496
661304
857287
73372
308031
748089
441768
249714
14663
368071
589649
580449
749258
481811
69263
810363
190922
421977
178856
391152
420524
686559
788615
262115
414404
189454
841738
763956
386835
760077
997667
21264
667222
381926
846777
706752
547783
709810
640597
149418
902665
239789
32267
840535
100039
843603
928766
524390
255048
942924
605286
808623
489956
905142
65120
923921
539118
414099
66648
219835
729104
59184
487816
390514
2349
572535
833775
127053
533923
17278
658550
353421
566143
370706
736486
137986
864180
232656
530082
881230
588535
147516
577773
905469
691712
158996
213826
516613
832856
940241
863180
798216
156606
393935
57981
365340
560396
176196
342041
493358
881335
525551
951492
961929
115987
410383
718980
942019
262391
343745
151377
873432
245176
261756
543871
749362
864669
364917
324139
6928
211
252060
205429
599187
411317
629604
617523
289381
419750
151514
171515
676111
343663
766798
716798
414658
469292
217494
661727
676744
271236
929545
338187
514066
162311
28727
128021
298826
511399
507194
541502
995943
721028
293317
380758
261828
478749
764020
385184
568129
86249
796731
715112
783902
123603
940888
422946
309520
212909
190364
821870
781942
633929
294798
162273
376259
921971
951790
819489
772285
233365
777805
229641
819962
735088
609484
221845
780007
409359
298002
232590
940326
562085
506637
473129
579314
732199
189773
886279
290377
909170
203357
317252
693753
536586
463600
265896
593762
925684
981333
948024
372660
136273
249844
729740
683669
105847
875161
763623
981875
517678
495210
181959
485261
259061
141529
799776
254060
199981
847924
811043
194995
848280
671753
745985
895923
221781
874508
32478
7644
241834
579002
570008
647107
888880
727231
829626
151192
501654
568638
271435
269210
716917
384918
143248
525779
644905
863352
685388
586460
366554
410943
233805
218829
513195
123470
532679
201175
739218
124967
132626
901540
540462
143400
710654
654776
162070
505186
772355
215605
786185
378755
523207
392816
697239
150882
628653
59836
296915
835748
444250
519025
718443
47322
831450
798540
651917
79747
35214
695682
195109
539569
622965
209443
991613
329613
303175
954523
2238
467836
819334
799418
592558
144606
865596
540571
421131
571161
306606
857505
413714
926354
768224
921025
164084
618102
488327
269059
750776
539748
332928
384831
924363
423421
494076
581159
14697
578087
871375
601770
440165
6967
957676
510772
955385
657607
77983
134746
767585
440024
862739
535285
93
350361
449115
978018
752950
717863
114834
302712
529356
20719
739666
38782
392786
278811
536817
252126
991648
118318
396641
776565
701388
273917
294834
169668
400048
907475
713057
723510
52726
814578
756766
592548
232450
847238
590591
219666
977974
148932
784738
836339
354084
600406
876786
51569
481009
460834
924253
905712
195387
823041
648517
639864
226150
426448
61423
517034
503107
878307
837746
945934
946449
947165
409200
127402
149481
214931
497174
421693
633267
905375
515232
301086
980993
487521
435718
491450
748388
661976
153045
76939
965555
185007
984698
523587
854054
557066
977536
157942
132151
470065
741816
817651
419073
520821
640544
329013
971584
246456
979217
981953
933620
407861
276390
752019
430729
640677
542506
801972
395554
824559
707347
853746
315808
497441
307892
199065
773916
762288
504975
937173
159930
119184
840795
84561
763401
474564
309784
526776
702534
93002
26114
34187
716772
100418
846363
691644
188646
429470
863717
391031
36833
788497
150004
964830
921009
688707
172886
839173
665988
185864
342595
896425
745488
980455
159182
777473
430775
960947
319450
830124
193432
160438
973667
994877
528660
824842
34905
152044
649540
279264
476074
963274
526261
145380
951221
456233
580943
759132
589265
805652
480107
384393
865357
708520
134819
264758
785445
634295
892035
253082
417191
919302
954655
540384
150509
982994
72849
272204
398607
434659
973743
330680
110964
475542
983499
470994
608864
217927
100832
566935
679143
927033
114096
403986
889841
905367
10730
960615
51984
641127
24369
964759
631867
38940
720763
420815
767059
698118
938412
760414
83540
912672
233891
177485
288431
787178
307843
243588
723164
368900
885692
315030
485199
528834
732081
309418
934372
184822
348297
534567
952790
468802
811751
719200
616642
879550
492704
10845
88662
537277
418879
317304
81569
102852
523070
470679
699254
961694
568043
178951
710549
360073
720618
870973
256995
439690
334038
200194
751729
668421
724114
892315
734440
671280
928869
315778
816279
755764
874978
267708
674717
465364
401348
555229
860707
348009
136029
173994
904752
827444
44288
911432
657771
716250
789911
717973
242955
604433
656232
402222
508169
174294
266250
740831
793585
781015
417472
233489
740996
152081
198140
757706
424859
525661
920858
677633
449088
368734
63928
878113
457266
262096
808771
526021
432914
599873
216427
28985
942845
111587
354072
151023
31221
397817
18116
619461
658390
911968
583178
832971
353292
113820
870115
740896
700709
964276
576495
928248
439164
18246
24931
882168
89409
343070
270301
530237
694515
615026
391656
811348
224074
279607
662083
113730
571133
571100
394821
870606
865343
675441
785116
339714
519193
941098
355168
893623
558392
5287
464226
12401
768756
490920
64419
170838
923158
492384
305801
152734
239165
27808
875160
295504
232957
572733
571593
513912
564010
218496
230098
353396
957963
693798
423062
802932
699210
409612
378747
879445
461652
207560
184784
132636
19625
250530
860140
305638
86346
86413
212508
507139
953965
207843
321852
678928
557633
707123
300924
793214
305793
899379
77094
127632
286362
806605
594049
545718
515962
456989
105231
190719
237216
445315
362969
200674
686165
811634
29466
206561
301320
264536
934795
916938
400278
498704
64342
580812
851708
972895
398905
888281
161433
832167
82842
928337
804811
463379
707215
459902
844073
986762
272315
337184
85559
778404
297009
416878
683158
277010
974680
657808
215056
518387
176678
959781
151066
817405
321845
11883
850588
602230
859160
405473
264192
813246
215633
146105
341978
557518
975802
266478
527018
78154
802097
738283
247610
169235
208485
860930
31919
39839
321733
933545
704731
294985
109037
627407
382413
977701
937334
613512
504482
535818
780196
593702
952372
51330
626530
118039
538614
719013
519576
76094
705156
471451
235304
765061
408979
686398
662423
308948
402844
938635
510956
618911
437993
682204
174432
125728
122942
725970
935554
325548
462805
154860
876891
635730
974320
582933
130846
137106
285240
544961
28171
659172
394621
541450
375757
702222
55869
412574
641550
85380
270751
597227
527019
934096
161209
171318
625523
410115
24768
182577
684801
715199
514469
972995
957570
769717
587317
304270
56312
611300
548120
783740
850386
438983
227502
196864
34863
10392
888811
823006
615457
968933
559565
907019
600495
289717
586287
533070
376938
957858
675867
52533
961594
241308
540561
381131
584358
787441
890603
805084
848302
235986
656254
689456
335338
299784
469437
132736
925336
30834
188176
225298
694433
431398
924809
905158
725831
732277
33068
956969
360087
113054
649807
89704
155913
687887
107492
464877
232094
307981
530687
44475
795030
939759
613147
853640
837651
946519
913746
368934
969141
541990
865456
276029
483218
203448
226948
5959
315566
928525
94191
780808
912850
284122
263843
127996
583194
86064
71461
54085
932712
728121
676102
899510
788415
324295
848204
249762
883843
466841
506989
886812
769708
76679
428977
297047
674337
305993
220042
474462
311405
103243
117171
790900
345535
373707
433048
226824
463812
697419
487078
918777
317801
951280
977145
870511
323570
458323
439135
239088
652190
265136
450681
193972
983371
483587
458771
173201
799394
239351
794490
89996
345156
567630
103291
169415
613495
766663
129015
739881
427672
749062
177949
89383
160546
399446
797433
284044
114264
686409
156599
843255
989163
258726
674938
706388
768519
673857
601912
283141
574392
103595
525826
184783
796868
93387
127122
809317
271281
628024
313620
644900
574945
349849
456601
460086
376603
958341
867026
790319
460355
413271
634246
45400
895183
951825
88701
134426
17345
78890
686610
708571
640356
472211
438539
669780
807281
840503
497654
659731
2993
366422
212190
847552
570166
853490
778410
753902
62735
994240
333124
967216
499258
968328
510068
932112
100752
406370
131925
170091
521197
280866
892077
170880
393791
847151
85841
593803
924458
111256
883829
890434
21231
173201
449605
515950
535731
371106
107677
18134
574936
437862
234436
627653
650870
341334
986914
827976
793862
228985
786843
507140
875514
822883
850414
410097
415192
706934
392155
213300
151659
251581
282423
297378
173390
663476
686553
923645
613719
449910
786619
681586
474289
609988
56787
374186
164323
929020
460183
979971
954366
442884
765162
106586
600259
262062
62928
407898
731861
339431
899884
654021
885692
30620
42508
633408
542010
881061
774869
554221
430994
290140
531296
305687
164501
497844
288032
148241
339108
778378
233402
661034
294694
820736
935114
210337
24800
141247
507281
551865
500482
996531
708923
848111
499094
81228
167588
775710
787229
685332
109537
801067
631013
956113
190416
766369
225267
609968
516790
44820
574104
622321
826614
237563
33455
769276
780874
115398
776899
386137
686333
680993
906400
695574
896367
54942
959075
269266
509138
347367
495959
901825
479382
884026
346499
243525
133892
393946
498297
138097
247007
734770
591735
380769
118907
839175
451475
986534
54949
694080
848234
106429
136248
647130
603423
766122
107102
855528
383384
184220
294288
534255
617295
457894
371459
462386
321205
883788
971694
656891
482968
371023
944884
96876
728940
950322
464721
581378
791064
761426
686090
634691
415180
616854
554774
415070
270353
349992
578902
801977
161349
125596
682130
189578
386260
426710
201958
197644
70649
655326
983701
831640
426576
118288
410360
902475
720776
756994
809028
601083
395251
951658
765081
936627
686822
6686
748056
173863
636069
85936
866796
594269
512826
845349
713025
549071
484013
150971
2884
165060
265407
511432
532897
142886
19313
446514
454944
386453
643864
626153
988204
978974
326519
838725
30912
66727
484353
163855
820338
247448
247051
784386
253745
31633
820210
507335
391777
343838
359279
304181
332876
381325
153839
163314
944365
527040
398293
297933
809970
385845
288837
814857
967315
923225
587002
702840
506134
944237
432567
593375
906389
639406
237110
30093
780064
72006
311644
404297
704448
42439
136315
355633
534522
254122
712539
123645
900483
808005
772953
321372
514245
725648
70146
757962
545897
144265
551537
744113
239
886948
631586
533250
193653
437714
219503
986250
384769
988312
507530
34411
750591
318097
725766
544045
899377
606243
370379
922028
637780
538199
69110
96678
978543
750497
380842
523677
891300
501450
614457
694733
454612
64818
538169
480830
892914
652997
994401
334623
683841
551275
734554
200086
976782
291294
16766
252726
532016
48745
526229
797072
326868
637008
136034
489010
128177
960274
600145
191464
939858
29677
89989
606617
300442
761865
498399
308105
787263
75166
696109
643234
427219
538021
454376
107772
315709
240102
102865
92234
40444
678842
270272
338876
345437
275260
849777
66880
533868
628894
589653
628892
573568
519368
329631
814971
717890
696147
450900
751099
801495
972345
721330
12154
983992
13381
586952
477460
552648
120435
935566
361476
504951
576787
403039
136833
931625
293884
450799
744424
439755
229650
422889
433511
308033
926145
284345
697950
543620
812218
76878
847498
703007
660750
603785
771812
135552
225307
27261
795244
502496
53037
547901
24625
805846
72940
387481
863356
641280
540027
712240
207866
838242
672649
734277
259701
713692
566600
726633
332578
269538
916009
76260
193784
518222
52995
168274
65797
99844
181563
999308
942306
346395
920648
204091
353474
930300
325157
849336
115905
461514
104767
197257
720760
188081
284224
892806
38198
904912
72965
124420
853331
72471
743695
190852
385147
417825
685601
648531
94220
726379
168696
147376
973360
513275
626301
459306
23012
900509
125493
969148
126307
832291
649794
510401
436738
738142
477467
362025
191989
212104
636532
230458
122498
917644
538177
941103
995198
5926
216981
836838
279592
715869
839078
955111
978661
15467
248864
155474
625821
243515
737320
631130
165945
961986
310364
971518
138778
804905
425670
433340
547548
374504
177869
940204
164069
433188
303248
822249
708486
189409
809956
562766
990222
337156
874715
254228
160226
100657
230666
122699
856039
140000
482104
875149
541251
641961
654197
982532
900595
901552
617402
303688
277142
184398
469554
946915
715752
921246
694748
125963
867555
564296
324681
936642
634333
277856
446786
918449
774425
792477
115310
8863
201356
85533
266611
694750
365811
406515
718832
810542
196313
658164
262148
476290
803688
586402
26166
632345
457701
125376
646253
382792
981979
675101
60952
549764
964961
923140
26880
738729
53163
453819
332738
661312
330850
682608
151569
984443
430482
537447
680471
43532
129101
303847
923695
404380
547414
888689
956381
785363
281784
233355
649611
932061
328973
250590
783368
37666
46503
744654
212903
320391
990547
777407
134150
682509
77590
761315
360766
673625
922580
198415
887629
616367
352571
399392
562174
565581
136114
863232
133211
847778
402570
66750
539460
915951
330047
40333
339450
40538
865182
286588
668346
86558
405953
428026
177843
503226
844755
801356
753182
941100
741431
527504
285580
140514
482082
454204
996227
969057
744567
61032
855271
522696
936023
706030
759142
207900
970225
759381
610381
428975
207897
141974
608491
312110
513245
989914
243492
518997
681392
792346
767445
646966
160117
119968
951659
151375
197272
864847
680973
833580
840575
17596
649234
310465
990041
870586
125152
74566
342849
328657
5390
361883
79424
629091
983674
500798
947177
101175
325456
847399
244717
811180
604768
234104
554503
948941
163133
341176
962878
69983
729039
686671
760682
633571
741277
349574
305622
334153
805075
275654
661248
170794
983736
160539
763639
546474
56978
344773
625866
644483
287054
939094
828139
774209
214776
845792
364573
967025
360882
444478
268902
41904
188014
604867
729276
839635
598577
644327
917057
943438
777996
764821
735265
884255
965200
92320
769722
502099
635645
824509
208107
316960
200450
762162
318229
93321
359076
488678
629808
778664
275182
421066
12167
850879
913441
696499
37384
108454
325566
164000
635095
409104
656865
173228
384498
284835
609335
775061
120547
451609
513094
954490
937425
553764
893319
472727
131302
641695
201024
954551
640076
200459
491649
384732
229075
368564
581348
925843
493677
344077
738871
978977
532231
139053
350670
279345
353639
487111
393881
531650
126365
751992
30742
202706
38819
981223
516030
937052
520648
932410
7403
291795
756401
679743
703520
382798
42622
805435
112913
805926
651727
645850
237852
61631
192382
21279
419856
709981
507104
234349
199164
659445
477239
808174
140284
531009
293934
1731
246724
664063
459358
197128
815750
918918
25035
362294
39120
506878
52288
446613
560286
525383
640252
715847
694593
163057
839835
299343
394602
89376
590521
490216
126307
92557
785503
591920
840271
247541
669191
82938
532926
880707
749664
146683
623218
423671
146063
357754
795755
335880
629757
457666
425040
897602
63120
511975
698490
332241
695676
428357
118995
830514
743221
575041
366553
695357
771143
14270
928614
286470
62097
905958
164994
482412
243148
116605
310646
797200
394428
429327
864705
362980
367151
554957
25635
146325
534122
193730
301479
802057
631336
311347
277583
450976
764174
383651
731660
829237
332362
905863
654144
772296
747976
728397
748597
995720
419205
787093
462567
735165
76424
504479
372641
947953
531798
30571
147066
799165
110862
33695
487227
814005
130234
971999
301746
477650
392986
538098
842198
905225
373785
309188
56087
561625
270548
477615
902196
689350
145526
513670
746024
644641
817215
49262
843849
173605
10793
498573
488649
237994
867886
39693
727080
135108
851037
325859
696904
394766
661850
993987
945982
600847
448145
966346
961134
672032
192679
992163
362924
210511
42881
238871
516486
769407
922840
677764
153372
768584
999289
253603
563293
708525
735072
983909
828759
507878
704178
976637
32062
494903
745884
953171
695680
87990
128954
658419
518511
930281
101738
329773
745869
321516
603152
721441
194463
225099
180967
32522
405450
526985
255122
174658
43262
495578
883009
16263
302425
694686
35952
355133
320641
705048
68210
411689
148270
46267
248905
214547
600719
607214
783990
541414
797236
596851
763502
472081
349866
428784
699232
79209
220474
841658
687225
187807
320260
178390
706366
929470
208798
111423
841089
712834
243899
568123
683721
973702
709456
500428
992749
485218
640629
51455
811163
458533
313920
936086
649792
68434
358833
117083
388341
917208
13056
347812
966445
203200
747159
835282
672832
257753
620252
819176
391425
645760
491738
501461
363470
712591
990280
379025
903424
799517
823035
686559
216000
117568
987573
115750
211581
268042
508651
254159
717399
959774
435792
173024
782118
71523
719252
226168
628231
400748
571245
86631
670881
658477
103396
670627
951836
114312
141729
135594
473556
545188
265026
614669
829170
783513
817091
878738
567165
495706
493102
283301
78825
94878
573930
327873
393067
12149
332771
321133
63342
82935
324655
439800
150464
77009
283457
427564
267118
598925
849540
480682
963689
14023
965341
745318
801007
108069
897127
87716
84439
829976
662673
509507
533511
176384
659208
432251
909487
589755
903222
485631
484808
736485
25217
868272
303195
639185
663083
242262
310328
467416
380131
790093
65076
609239
988922
684707
439434
241504
230516
627699
919724
715438
52414
305351
729465
671055
695801
855146
973504
999240
190946
376515
791394
455956
373337
128723
216372
999673
333216
473076
168473
406695
941413
727276
107379
978383
622551
320745
198671
273456
481983
76336
344619
720219
536973
295439
63224
216737
658216
999418
60738
219330
516432
321557
250545
137251
107831
650532
315968
982472
664678
276150
57160
781294
741300
760261
32498
275677
140385
834958
91873
260326
769346
199713
487848
748261
365581
556728
362196
638315
465753
744106
807646
204057
150767
484796
21472
280416
641140
508327
367381
61351
812037
211801
280798
920264
679496
291450
964632
451180
62231
143650
588232
788513
33571
899905
457368
556520
405336
478639
666853
73532
728310
423385
756756
565674
85495
405767
308444
946525
32946
798797
96873
355224
144400
88763
894629
550857
70973
81334
689408
654013
440620
909095
288833
543723
928713
159409
363244
548862
419015
633885
245648
494922
762548
203456
630997
781777
836457
928781
946723
644365
420621
492706
830803
317155
43019
827905
315649
418012
195457
995665
580569
31111
974608
147141
94359
941860
10732
709560
597834
714490
335563
749683
460355
143464
799786
467815
511305
778402
878976
795659
193085
568578
287252
419873
611989
67195
842285
77239
917044
553270
630794
677283
716912
479234
548107
190804
758579
894468
747532
963151
605170
814575
904172
926271
695042
125840
383841
151951
417707
583660
932358
118086
369067
272045
918913
525433
949070
395547
595574
531600
537561
224799
148056
829102
825613
884680
305115
905112
790116
611047
691890
14563
328933
655509
335447
244498
248777
367547
391171
742132
106599
939548
236658
162582
303984
50760
351358
642157
291232
717895
438174
739796
306198
984450
611314
465674
439165
833872
308753
473041
667908
547557
934555
257290
833050
352724
925812
883274
490868
802034
542476
662261
918097
710099
913607
729547
541251
574747
650834
555986
626459
81535
261668
354730
302254
174437
989719
991194
981890
992089
804852
9854
362868
930318
170090
730872
341009
585455
78160
686904
516413
793834
810459
904067
939008
750260
335785
374526
576315
385773
258569
130101
467968
945671
288947
577169
140222
655757
651800
503116
761732
587900
289011
574479
375299
272666
315095
876909
999291
14564
281859
450961
808991
298110
443642
652949
175672
214563
820552
662167
135805
49423
556177
478054
672542
531580
390766
220581
835686
392962
250111
752032
970988
921365
822590
658137
99941
858901
564454
236450
822071
544944
504154
27658
890449
460193
683613
45582
894079
862849
289294
438891
368575
909474
18555
249989
884491
579521
747712
968043
408116
173178
150271
954324
812071
731101
927023
503938
313377
50200
817611
798358
793669
677190
112936
272719
172558
417342
927112
916089
695566
838253
43469
160430
725207
409766
699603
515411
365963
939733
293956
97535
176092
493855
104330
171517
494055
602110
556835
618417
416283
540517
377898
280960
211477
470169
581807
728231
945210
590108
515431
148703
319274
74183
148322
296373
317433
326372
944507
201088
63298
796725
44367
844474
548422
54273
452067
960165
274089
982421
503295
800503
297925
690506
700237
434821
735831
785555
731715
417340
252330
676519
97436
971285
176851
535637
999832
781322
870791
502994
880176
128413
401520
908212
689550
390497
589259
486595
947335
285456
834333
145364
443638
830662
697113
235643
998467
324733
724650
213861
345902
241999
957751
187173
583815
644432
751946
549458
179045
360634
277836
314511
279119
143930
626247
239007
315984
721040
989190
439595
979273
116884
57433
114909
932487
696549
304137
563638
690573
993186
184375
747488
260167
412046
929823
437983
27938
217585
920737
607216
912389
959075
393867
61622
933409
508882
538139
559548
688452
548452
757093
138274
50376
802686
399225
99076
207885
208414
173038
71415
169283
11358
497420
247410
359698
816295
645593
518911
632477
137478
148947
492177
903970
704058
926508
706600
663001
55722
882712
774167
25829
905895
247117
420703
171622
771547
397662
465429
19536
705820
866869
536027
387879
217168
390293
171078
797096
101028
521177
219051
372278
709783
477836
851113
500398
435036
753121
433968
620106
947717
132319
319558
978501
114430
947415
818459
966290
547350
618623
689409
712934
477710
23968
437314
360496
595627
504652
532053
260155
421901
992541
129692
954390
321332
455526
901176
529270
112967
785557
744791
3321
528611
756026
697886
445568
61378
58946
153310
203102
8872
249834
196740
963947
559059
766617
953138
569476
750774
820741
563744
259026
801343
725885
168839
943443
857744
205105
111450
389608
42688
801671
437729
621059
354594
321550
604138
769116
974909
591410
706847
297774
22212
484525
942995
847563
521410
192143
623688
880173
195787
559785
657065
974143
129125
968294
375075
26196
126636
667979
63073
851410
639127
85651
91941
606440
769247
330582
270
929539
125240
7184
251043
102069
891899
687708
962507
676092
933316
883860
760432
166237
298025
116582
199853
827638
916140
413669
51259
354369
948868
178304
124665
213396
673400
739491
791543
304591
262992
980610
12800
792680
454878
915901
32890
560059
62971
197943
757017
484437
875243
587786
404288
590420
219855
905954
462399
293103
29151
235297
543968
959824
260370
997992
624627
65112
73236
583894
752936
93395
761457
740352
925317
312422
144398
499835
902254
980608
761357
307540
835951
865852
442095
383750
770465
915886
402497
386576
354196
687739
212843
254305
478266
122954
533707
617435
707066
29454
742076
995867
119138
53070
721729
122082
347223
612555
413632
113435
931432
472046
174682
750566
184061
156804
945315
323641
922276
395718
600450
64042
410091
288578
591665
591717
229593
412582
984727
652707
867082
328944
595562
220076
81983
481570
831690
954358
344764
696469
791384
344115
358350
421883
599897
105569
172149
414677
36624
175711
784336
348909
303015
530108
288955
144548
818789
956038
416626
220112
905287
337829
934312
382802
948914
847784
894603
79530
526252
270264
881703
835128
7278
562611
554615
746400
57215
287216
442304
435409
793257
815529
811408
581981
633980
303517
459072
603663
945828
957097
775601
377063
343385
351686
184151
638743
722392
912684
732901
436295
970901
470909
254661
577071
13451
742619
928868
374098
194778
478583
238382
135740
653336
771429
346171
130888
567533
678036
35788
529844
546437
719060
624687
404250
993731
215358
421787
166478
369560
118269
654747
346967
439202
140075
892935
521187
585355
374556
897367
347237
672322
909939
445186
796801
419920
58649
229689
295608
722550
697941
238685
736791
51650
119108
803290
587815
102249
683845
636256
76620
629738
333729
249274
572880
120779
841207
779061
708567
440445
118632
830974
349342
174746
508567
147664
616618
774650
584124
306900
823142
721680
327404
394671
208483
121719
595418
130544
414298
983699
320018
84662
416646
335007
285409
304812
350781
111770
440016
143007
867580
100226
143283
555248
949242
511164
725982
487681
878601
952560
565051
748653
405500
652618
593476
161058
875187
207646
285850
134111
898545
315145
684937
966599
161741
749442
636832
208169
404446
939223
841369
41802
483674
853674
596957
79814
642707
306726
252876
603157
978796
198335
24855
947966
706607
704109
810084
782957
745075
168726
774157
250339
548042
582205
29795
418841
303597
665007
729011
595453
751607
213271
603030
771501
893096
993292
193450
436112
938666
882634
70838
330481
989794
87702
602022
592643
969325
746741
43647
886397
56820
702052
201630
589225
889823
291134
20370
271916
280191
820337
850361
248992
555054
295626
663825
323835
421779
371060
537195
59479
994952
904112
770304
445119
237988
66475
638696
267576
356233
271205
515847
316982
898099
199124
586453
301762
550932
244552
179692
810981
353603
929462
211814
911568
78503
343552
339669
682461
829823
862899
520291
46440
346580
877138
483989
79895
836069
164617
880558
511853
426842
930045
666362
402846
668664
657683
90354
760788
909574
748155
184455
133803
840716
45356
397942
851209
102586
148681
792314
495030
596186
973035
155094
878887
649665
19849
680365
221375
500876
739547
453800
260191
405297
30415
776281
695620
844763
469183
227553
519282
376393
647261
471151
291952
54122
958553
155873
300510
697181
984897
888192
509978
543845
769161
199162
987860
213470
254729
726869
538185
832138
172940
48341
648963
328657
809251
575656
546759
35848
78479
227356
197158
279401
670580
225839
86918
404065
794474
409405
710377
283276
109233
348322
506486
450254
494644
138547
584093
378257
184409
330560
677234
799091
377102
357434
985966
898633
869959
485378
14189
891400
224212
394839
861427
289882
520893
610150
461058
394557
671143
573822
702241
591290
152073
761522
107668
603952
293628
445779
442461
197437
823429
759503
697525
570366
819631
486593
309255
619674
656270
101441
863710
750367
502920
429614
514627
130184
595240
807316
918115
713780
844893
474093
375133
225114
365635
872145
680751
947299
528998
357125
231044
94327
145202
228013
312280
193895
536220
391115
719898
328617
975690
342392
622271
731474
568289
465847
237053
948961
872732
713572
610011
722675
839848
943576
472474
511011
632827
261731
120776
394110
456881
783547
103228
164166
15532
322590
661187
655284
242848
642220
329811
501873
494661
846452
162155
348042
362185
156838
176462
86444
840618
814680
105176
985323
165288
293458
317921
792156
846396
257058
291720
148706
777901
98055
26382
276359
42303
209951
156325
687458
626384
502925
378397
330840
479310
413878
285887
520727
745507
813396
983759
293082
870566
693961
121331
689390
513357
243232
333683
780830
728606
790998
494988
171337
353163
169228
386865
183505
321160
13511
295582
290968
276251
281895
287144
358434
592871
327613
778052
386219
446650
958867
415949
150385
866438
71881
501442
905918
184004
560344
996153
620892
556179
188057
623996
288847
804144
15149
365306
581147
273192
705146
832495
903541
833275
574471
597516
249237
438260
989250
6790
368776
638973
412790
890905
655288
101471
289478
693895
487948
80021
331020
679285
782263
951399
536733
830116
4770
313565
728654
970773
854659
983430
177400
322118
187049
144905
859443
9222
406457
469795
968439
952433
455251
193275
768733
383578
324642
456730
912224
910243
309334
860684
251923
452177
211578
216368
70952
682398
120711
646463
461689
748524
620294
317112
838510
898305
300719
647011
913106
969927
584190
263494
378656
227970
710326
396133
114293
629841
317322
16198
559519
647791
218086
384660
37880
469470
885174
409268
20682
577832
174603
853850
292155
486624
787966
64242
669446
921020
154824
567406
832355
888355
107111
123459
741577
294685
731068
297815
640492
6135
250391
776137
297282
443782
773686
968879
912456
113305
560075
277241
69662
360388
374616
570869
41694
746076
938075
516023
165220
607549
298963
249000
808498
42851
295358
657316
203803
630760
910707
735719
928287
919426
52968
371314
728594
629651
111900
362649
273559
328263
991970
944035
936363
684938
581026
261016
532431
201330
309003
758554
999533
78846
414175
300221
278200
959480
702967
936105
257206
406780
253403
989906
520042
356439
395490
959779
420682
424411
335797
237341
207929
753915
764975
313218
250012
754863
380673
857590
895716
87382
413179
91486
42997
699034
29819
914459
572640
317551
821255
427412
675528
718153
488620
438972
503788
500523
42636
432223
541675
955103
359094
457109
848385
484244
103157
224837
42913
144261
938971
745227
895419
966234
451028
591929
88762
572706
66193
119674
710335
875806
805486
742806
863472
930565
858760
689123
755951
342276
861702
160949
556438
595913
821941
724020
991487
724708
601756
953678
258423
188310
50689
712792
43009
707444
529640
94765
823866
469666
191414
20153
241306
725984
971068
498318
988308
182700
417233
954692
752180
953709
594130
492651
315723
576123
999840
559515
515614
920809
78273
133368
733796
38135
817853
374295
595950
49887
158112
327556
953600
653069
591985
749501
10374
857412
952810
74453
932213
541065
468679
484567
49527
568202
703182
85033
46272
86056
183447
447211
211523
826030
187782
409384
158167
785130
44649
294982
867546
379771
255185
918169
373972
147532
867554
771307
941100
877688
734139
495014
440419
42861
442114
223656
732714
217963
170970
53293
817884
199993
902976
646548
631123
219497
538345
378301
545150
444945
578704
865620
214007
363205
442397
975266
550406
186730
485073
613452
337762
817545
162330
31121
149578
210727
12970
711265
155364
934675
993409
654848
247042
954599
127011
304135
239021
533206
657534
755117
437095
990397
578841
538505
840701
553620
277610
794599
961275
465264
751669
965382
417054
761285
392651
30646
172753
259421
766882
614242
446662
668691
519087
525423
99385
723476
433610
753217
623180
763354
470213
582603
708616
707091
428872
251276
528581
838574
82643
663977
956327
350092
811375
710033
748683
446965
576414
457241
292077
898900
892821
738316
457440
20867
571343
789977
97695
828081
729228
869211
838526
926488
321550
178588
184028
886887
289822
945888
910780
799055
350935
165813
338516
88058
106928
253340
993558
220817
611415
194694
312851
224892
552526
456815
515042
136407
731555
394415
363630
448545
203867
262569
909168
521947
368305
793002
642471
254545
809730
877664
989474
139074
395531
27009
370872
467548
712063
567900
788956
205993
690532
278273
148673
737875
134697
877832
202059
951185
905829
165058
481014
578252
462992
816384
675368
167245
622376
554264
982805
5580
175509
780016
221274
395153
872576
889937
181798
744316
244612
456602
143576
834181
288914
961342
889267
189681
51760
444255
502885
34579
714091
853283
574532
364361
608020
338437
43094
187769
56556
159822
236717
393707
199695
973804
759796
344157
308112
801373
238845
34964
37222
181624
210519
960279
509564
676984
384264
840295
678719
291943
990086
780279
543288
411660
820147
569679
660661
958853
328400
642535
96026
59000
406212
856035
778517
897336
213352
340024
636494
153227
69478
366266
259694
298033
98653
77014
647298
7800
26759
514680
992428
516221
154378
73211
384562
303205
11892
870112
803988
648928
532904
26029
475408
209159
175447
993789
323608
814900
604876
308566
21177
107243
717570
471667
340762
502803
30409
537506
328577
762224
493477
719680
186936
773909
415093
896953
835722
592835
489181
459358
704142
460472
804785
396401
602047
123825
621526
939902
238273
874317
992114
673246
334303
714222
938594
168006
551601
460752
778324
992709
515356
70122
489294
521979
741676
456357
296075
674047
179961
807239
697123
958149
715414
90378
375654
855407
204311
628194
595864
185753
800430
665610
993645
41960
963073
381019
726246
126089
548623
429542
821619
168965
660909
817790
935205
617004
872160
415377
904983
90286
199236
856469
967282
545293
362841
900155
528712
353585
798891
295003
212877
834315
451531
137459
34086
696958
300719
646739
479298
440908
803116
989097
150105
959341
474357
608598
495936
332120
317871
813347
529484
386098
420123
632186
977050
916747
710190
463204
65521
77654
154587
597310
820487
19760
545314
774170
913482
138876
997767
120894
697986
682694
838986
245298
413422
555082
619980
204969
236323
889376
636048
603731
117642
807840
253332
975632
354465
478329
415053
343971
982727
477513
74773
478452
425267
164477
250945
267356
694574
75224
537254
364856
621972
735212
278615
425633
600413
533942
350543
301251
333977
676714
134883
359277
630523
833779
422343
247972
400128
383060
310196
918767
415977
186612
855392
826509
394584
450371
386085
943546
480549
960346
549046
499870
463869
433349
838206
731370
929111
631166
856455
251347
883776
668250
801634
654385
352575
132946
838200
819435
176210
186325
483158
27020
780140
793713
364244
696944
75048
577869
598422
293001
15445
580798
487854
643869
699306
730143
664766
673615
585693
623849
441822
529538
201782
315691
892069
825795
219263
814354
200755
291731
637336
145679
38901
871863
629158
824663
156335
367096
255958
678929
197751
154633
994197
854598
788328
832670
739272
664618
108259
332831
629027
239024
905299
885620
339935
535691
976846
631754
730728
921324
705418
579305
760045
154744
486829
992767
433648
595258
500878
697062
62739
452446
762824
892671
652608
607190
683980
990512
508676
737243
331466
923232
640681
433737
38161
91278
828801
989180
396655
705996
507671
684219
83748
862361
241757
996910
670059
187037
119075
428556
31773
223066
713297
64869
717047
878017
551335
515341
768489
315635
928653
571510
441336
364905
83685
198325
614186
270543
40800
404759
279860
380182
44272
226235
219270
757580
121451
455871
339127
387143
300108
297167
889247
730331
639647
787407
958787
348214
678180
368048
83607
816413
324185
323783
364690
342045
963084
174199
395121
126035
635432
21484
117151
352212
853751
464873
768636
704207
229531
613024
787336
370644
503351
77930
733710
741805
987421
789642
923568
82692
628492
149806
304601
262315
205593
496343
804726
922731
482254
560258
198211
450638
546326
547631
198860
99267
808407
832029
857998
691183
180188
582527
715515
177444
970075
50507
331816
17712
576379
851822
253390
105975
388872
439602
205234
530718
319746
37406
545540
518131
550001
194473
390283
776336
517858
98074
480108
453845
110300
893090
821028
312294
970322
973750
751253
586227
448017
328725
917940
48925
648522
566174
591184
295465
109489
662420
582239
14880
590565
195564
462502
222763
454653
152069
458409
13232
119915
95811
147387
128268
742081
868261
560773
835125
841381
804708
913472
581468
432873
253094
538779
724719
547404
582975
47430
395661
473828
657103
379401
377074
239103
267719
620444
261512
340733
676742
855299
766083
422996
729302
551350
354257
585211
300943
564207
680317
451505
746819
385350
419872
247010
806232
49760
313653
413828
635502
365591
893239
143378
529893
503538
745042
393452
502679
877763
73032
713550
397023
942852
662123
16740
498713
939890
443144
291779
587639
558205
287552
577046
528887
98213
227326
512080
817036
385747
292315
825523
112153
993575
683257
192417
886364
196408
989834
746793
225988
406160
881620
749476
323998
960235
52763
601532
191822
363218
170007
77308
289806
882189
809391
233234
757716
109312
564571
219487
554616
778096
520483
476530
417734
994869
8140
222780
804844
332688
354143
348149
929119
492895
787031
218558
517922
894358
501507
966507
790648
618611
570841
714557
729108
93277
711756
714805
758903
895726
671373
5585
673248
133781
683516
236594
755290
939530
908441
119235
627273
773694
349426
695050
85934
72977
969380
180697
822828
531845
41978
30763
408437
396349
444514
901273
681730
933429
6961
133626
102480
968846
689452
603399
63873
361272
725973
214014
895414
572860
890852
433283
679724
180027
365977
733335
341427
882756
516005
478000
863318
546554
860889
853544
43083
818480
750914
681495
302848
905608
86286
1452
145176
100541
382136
822628
936111
804087
868432
537950
797325
175684
42728
510164
472488
297604
156490
825524
483671
657773
600083
970422
223162
967543
944563
291873
808907
868711
950274
133030
432870
706210
62401
964833
441356
453645
980709
127170
419342
94696
622596
879056
298505
628216
745068
137770
905759
806575
619735
124827
131026
573136
93353
171077
803512
987280
583213
525337
963923
284062
955666
59779
454574
270344
697391
37014
847247
62756
337748
11157
137621
45032
822688
70401
485711
707106
259240
566060
899614
74412
780728
305882
486557
608349
58772
347984
967172
478240
564952
765062
410275
986340
281662
589969
70679
829215
335267
501409
626589
416611
359545
873964
242107
662306
870575
128607
323300
631799
862167
198920
448085
651887
801823
528359
696695
776449
947237
994031
303246
783030
579627
395900
307095
642635
580979
42791
33963
980056
890221
909617
107181
502497
434050
329530
811707
966036
718865
416929
393381
174845
7111
164441
304244
243960
875952
564990
855321
933700
320342
13236
393532
888122
325772
490988
93159
145731
308947
947645
444543
74250
784258
438034
435669
636882
99066
114497
14345
130876
365589
640513
133528
202807
370880
308198
910373
454694
850923
535616
403151
311782
218237
745548
931939
525599
515150
370338
896552
540224
323653
72849
289732
220737
180235
983640
218242
416225
968250
164428
923318
240376
370515
759600
75633
640294
329907
589536
121932
176211
435615
318930
938672
119060
461965
849464
307720
40725
93426
170162
8449
858690
157728
793887
674736
854266
742990
356319
729095
821412
110936
240813
616282
354918
276515
533443
401981
63499
730023
995648
366536
24997
942276
730130
51078
14327
212926
645423
429632
558473
917952
356569
463133
947481
935602
748540
301024
574008
780309
809261
203515
837166
637327
673502
48795
124227
438365
57449
416196
864647
611529
59162
381843
746904
317925
963517
113209
224549
479603
653371
440848
136424
750456
692996
905790
565673
749423
337246
185643
571422
847116
101206
194070
552795
276002
558037
173098
986251
989056
89314
155199
393797
240610
391865
582542
916540
365448
77548
514864
868363
685793
350060
581018
520268
704535
961768
760661
601394
695843
723285
65796
673642
601679
149130
82517
451681
540383
578699
133746
696588
142452
741336
59646
952933
192653
152062
469128
598258
356439
917673
273833
129463
653329
605784
386384
347293
851572
921466
539155
876656
613362
562129
269632
948999
750464
925625
390115
212097
289307
36876
50144
893474
764982
981274
560455
883918
338204
29648
506594
208582
550992
101640
575741
990309
729358
846305
142979
255879
146914
497932
232310
729300
764126
617180
189372
310112
190518
270193
738917
191749
521824
620620
467648
226648
458315
893146
43769
428200
797474
785294
636264
500694
307248
228258
100142
189513
599870
76637
283251
319512
552023
716709
808734
852394
514651
94798
230034
653737
601117
384440
968491
807187
647263
326046
205034
345452
34484
844058
269884
465776
842827
797703
112776
210432
762766
747726
984760
775202
252
691236
863041
296757
860722
709953
241778
649481
39561
448848
149417
634941
446505
818131
187267
817059
376342
650456
122023
235470
980675
218134
479330
221625
679309
505877
83220
362144
717052
801776
678133
300944
539036
537906
666510
197375
862384
754296
189844
782988
169108
995697
396082
144741
807982
24585
9496
746935
685193
765410
297074
778738
990082
925831
340297
401246
469864
271119
127076
333176
674607
88601
285965
328283
914813
833942
244357
344332
645354
998546
551419
51167
940019
509505
419806
349095
454625
799526
410074
358594
110400
35304
37621
132512
96203
406533
220246
805705
792571
671112
370319
178255
87457
391041
551781
540097
356010
100060
891355
745153
270279
319786
974570
365381
810732
654303
549222
973377
284004
786
737843
431173
344898
982069
728065
940724
998156
925760
904963
342851
310792
538165
76590
436304
431164
456028
937278
944913
941357
15395
761571
603070
488691
179216
87664
512623
96858
915240
686432
873752
38054
204522
429336
234115
821306
783212
329843
145247
836720
503216
574914
188757
353388
518952
165415
343855
291172
107147
159273
865843
688250
273445
207778
840016
923562
975366
64422
524861
780774
182057
473596
440858
795063
232420
949580
812126
374478
707397
335115
978810
266107
204199
898041
756137
849285
233168
430271
851093
727452
412660
402029
418064
133222
526322
474583
123979
382763
509725
323240
835088
365082
559205
368660
924325
410039
594092
827013
923349
345191
614290
48367
445518
739445
46188
452878
111266
773250
149283
401141
372243
733850
842606
395107
598326
657215
417896
965392
528693
474910
855562
772607
722756
506882
151947
885614
514292
202390
426942
894672
39602
533503
808478
281462
179567
860679
874227
554967
725242
510673
548912
727299
374037
744762
779434
649588
279679
243078
176294
592998
77203
497685
91525
909044
139719
587300
535321
766505
880391
502565
807164
254536
510480
170689
482103
995782
890616
455271
176883
995783
941162
703019
235059
985884
33904
506410
947466
198209
283210
787844
506367
459391
361279
57798
420958
812695
8777
152354
966069
395106
620464
606378
598126
33804
423674
937012
700667
859869
795118
744030
300195
503357
579079
417477
436296
963497
744071
639402
296517
897998
475253
793448
234496
833530
385053
9221
798922
629794
38265
325379
452408
267045
935382
746365
820808
513455
162822
716477
498816
508049
142236
576954
221025
11662
172835
891970
728351
878798
428773
755593
399892
256643
131268
557393
689850
793608
547271
197813
682607
769663
79245
812669
432618
913797
233417
505861
664867
651051
366470
321187
797583
934119
551017
34150
434191
151865
286316
925419
373356
731295
68336
341892
43132
739446
978024
10957
133350
461043
671668
217147
726436
95337
160675
692638
608253
446174
919378
531304
383538
446777
962148
835409
858095
499223
930954
700684
839058
637954
51909
746076
489115
444682
290150
301429
818611
798625
609708
564796
390318
358746
262893
174121
239619
609226
419649
26229
958276
921239
828670
39455
512209
731143
486274
961524
865278
213868
288154
650370
77367
909125
665677
326116
994421
927141
416962
270897
752700
398156
823863
931115
231912
967532
720499
40848
172895
559192
596302
379897
852368
980363
404700
559938
996212
790953
677948
627613
939507
79382
639223
401840
370641
878093
946689
192935
812376
639430
220661
844598
77349
229037
865691
855745
890840
608013
307785
347137
394832
769165
896543
325723
291239
233805
328513
533797
192205
750484
453508
924462
383507
642852
593683
920387
151642
861947
689038
834049
301609
460700
979825
799779
726090
795231
197707
736862
192521
150782
903928
51621
745001
876037
122170
813460
657192
941550
943885
581850
762683
964267
345008
126175
33542
840285
761069
618149
960819
845417
256193
330249
204189
292738
805058
77548
49246
762638
849424
104757
713705
994823
466382
438176
328509
199386
617653
858079
727897
108099
213036
548011
796123
740475
148045
178147
739135
115910
369490
628584
83617
372193
228375
628210
155764
809197
267526
117320
751103
777967
92633
276381
23748
946664
701313
726384
167767
584256
47450
967916
592800
1858
746753
477036
531751
626059
312494
346738
68722
255029
812840
904431
880751
701273
918151
745370
430292
353414
344875
99499
152152
550465
478027
992029
82553
86283
426125
844790
989932
482791
497350
887568
420103
294078
934655
636642
241061
215108
525070
924730
523593
502747
802877
653667
411460
367571
931797
618234
246831
803510
629826
372835
143482
191751
286411
868342
818034
581524
451646
18385
771231
920150
215294
472308
63142
313650
38766
165315
316111
630125
730421
141369
13987
504811
998546
914463
492974
629039
527839
17080
123560
532244
674882
346916
965771
297067
960905
974217
583480
726219
128300
326504
364840
287300
98190
406694
841883
905662
509352
426756
765645
555787
381972
745126
383684
797414
457737
117249
402635
345979
542123
251920
163047
850398
597704
571746
960937
25957
255411
103511
449497
12921
670932
166527
37188
248166
417012
505689
572395
150278
151140
236008
92738
842696
639683
698576
127523
703288
55127
19603
746172
624869
988664
102601
849443
375277
939183
556535
779940
887576
702884
630567
793775
977772
596813
526377
146353
480170
537338
645169
29480
70487
900491
170256
900533
341663
940684
246114
584285
992209
917109
267361
30393
682859
842138
398962
959925
710544
964998
243264
598766
206384
447981
112344
198166
791664
758486
968735
4619
583845
410991
855559
701812
350045
764087
571690
960062
249868
268478
921682
121792
916040
63609
413837
307199
550743
301683
466194
452337
214988
761209
151146
401016
222171
466308
779375
470211
364889
41455
579933
248631
3609
352071
963672
162676
759081
138437
197352
768406
759101
624703
41472
779309
201938
296797
538048
555575
201341
644546
962010
110520
259615
772798
602768
368274
16904
717728
749857
950701
651916
870759
257056
517197
464316
862216
172487
317746
378826
588354
150939
529574
753323
168585
439884
133647
882836
296389
968483
165339
686973
935056
861542
331739
800618
113886
988771
366053
569084
190923
431811
791992
401964
24679
533177
249627
895780
651233
680991
138277
378777
786713
919091
803418
256255
946083
500572
277954
538560
834444
73423
778609
396153
350538
968101
986703
502102
753292
740079
201207
106302
425499
391398
468154
730165
510315
296163
840415
982794
684429
700639
751113
171351
928491
340627
84486
992844
22624
405784
703181
89167
751748
199028
10404
802107
691092
205626
93094
445161
389707
422122
938266
832771
382456
533778
84258
913046
226071
806208
742564
563993
441818
483222
318761
730101
249608
946485
280921
704379
856394
823134
30527
780576
615669
368515
715633
1210
475019
472871
57569
387606
300203
360262
443673
984405
139849
536085
872308
503542
997183
387420
115181
13772
947366
431942
378613
438390
96187
471236
940351
370232
763755
692683
254135
245917
643486
798745
630473
219695
275256
383997
917127
875638
932544
390813
914366
570255
872680
66676
754818
887897
825506
622625
925330
175876
825059
410477
977434
59962
200677
286563
933443
187321
552776
140161
289778
830972
351676
130658
302925
645721
520256
701659
272955
803408
641136
806633
104481
134576
485294
632772
208721
252324
366819
743279
348614
236090
112011
798151
113094
789294
744323
98022
811144
581696
836067
367367
607626
359864
686625
476116
238570
640569
992365
432895
588386
117098
107170
709619
460176
640068
343078
349682
261575
853285
299258
208053
731254
306308
583960
111088
791643
552404
805285
944082
747397
261907
985243
83088
269662
307233
964682
92914
969881
671048
242302
874182
144846
67168
369651
855281
178213
472325
260425
209996
126677
739775
322854
743506
648372
950563
353052
86229
149513
513619
218256
28118
955122
791402
671176
13009
364233
109656
776972
261881
352136
492165
224547
41912
499276
733672
432412
640497
87841
377236
176758
167850
735714
44471
536438
574597
959740
210827
142476
80188
791029
661162
341834
591858
89131
995805
335147
697472
714740
518101
42635
653024
880806
171045
473556
45494
187081
312561
590386
260862
577461
607978
91914
621403
104361
589288
840606
966006
922965
717834
456029
146488
94313
496890
302432
563765
996321
903088
946585
28990
316912
694156
605429
675722
573537
11544
462334
389822
247103
527802
697583
647668
28907
727210
953481
34560
989739
643331
582342
132301
884877
932129
585129
243504
366990
560181
306061
627221
440751
458702
167943
595614
115450
972592
721303
272720
460880
47290
978451
239984
495000
251967
592013
959180
587456
558840
295741
819416
20899
565268
272196
38061
17128
103055
105300
513250
609732
457535
557303
533373
406921
334011
541191
599968
980525
611037
884355
560363
607124
344436
480172
83404
354583
955452
856679
128947
384900
487521
368604
686154
114371
16672
700133
491837
698965
61349
83782
63145
769313
952487
938707
433228
827343
622164
386499
592606
123595
322312
913600
56573
716303
811886
285221
513286
336839
847833
884172
911999
21288
721272
639210
142554
201403
72612
753029
883317
213404
390585
375370
461924
534419
247687
328314
824196
897247
790694
612083
695871
196820
861065
66426
948392
492211
256027
679496
850270
950147
15901
717478
185980
43902
630512
289654
836921
23633
624456
120449
211485
108143
255333
778760
654149
173505
768186
225638
4278
567925
319246
696134
280855
263714
674540
371933
374884
399007
338655
964318
618144
413125
692842
226051
524868
19708
149702
615392
298638
516811
152284
174223
149913
322788
172612
246817
658844
754399
29085
717300
893117
35562
18996
381369
228513
85323
946747
457536
893912
942634
925317
898028
194574
740880
800294
881834
338144
122302
977252
759571
342256
168664
275790
791848
854409
977330
641460
973759
587857
855388
301807
44489
533735
610812
127101
818509
786635
584312
727266
886330
613949
646521
615148
225232
182137
409254
204364
827604
548257
58561
517728
127078
700587
127306
396733
887382
213347
775254
459473
349163
17240
689786
784646
579680
952019
337352
144108
332095
132371
992002
984775
477505
917748
801497
587776
768917
435761
574842
756794
279791
428790
909765
811138
258582
119914
586600
52192
960406
11840
436214
652738
676516
454160
361355
649390
68722
594969
742491
616384
320090
191295
916170
543620
978789
852864
262044
625796
110380
579057
303587
748289
686612
937423
239645
163297
723930
702539
517986
556549
253135
159502
219365
249978
385119
380572
305564
154871
290617
290435
842785
698739
196283
416705
972621
543737
532113
275763
81139
753974
994903
196350
560939
181443
479767
359935
694927
889286
227581
127911
179155
125422
33405
911459
962877
628854
745413
302514
639728
984681
729911
935139
466293
769487
318474
278363
324340
316107
722967
570023
739863
596957
298712
442283
941781
468075
271939
21905
976380
379999
381418
549413
432532
574945
297572
958827
952567
221153
776744
887529
457213
793927
174237
652175
799743
731381
322082
652023
376050
659119
745096
635794
735398
319021
256300
390791
870219
207840
168570
17619
674635
329140
965587
31932
347434
371290
725313
742803
376131
114285
565754
815868
776753
587487
234128
847033
386497
54873
205961
638390
51837
178304
276392
318630
352723
786161
954700
84691
889719
430219
650620
131542
829464
826742
65285
86491
487056
40294
376144
588193
906478
859938
139840
508036
844591
276938
59513
384220
534753
411953
661078
975703
840056
633687
710737
922870
158275
394588
401408
464199
776891
323277
455464
172023
771736
358634
26131
558147
75971
235019
710520
671289
815251
967508
708270
849593
798780
819717
267951
146441
19783
521724
517419
451142
617682
7561
647760
412963
247359
236354
399383
373572
92295
96592
287140
7584
716612
461351
990568
876983
324364
368842
840834
56614
869888
962225
245999
499435
509931
55791
323111
263617
230907
796992
364251
84311
438242
182622
520328
852099
923472
15841
383506
445236
745051
468853
142409
915303
598957
802009
661133
472921
423296
947468
446601
921909
864666
739835
488070
870548
469544
669117
529287
16417
800236
279095
589239
420318
114422
755718
763601
331146
532545
710276
549303
315956
450963
218238
139478
747542
597564
703510
577198
959470
589314
980624
488373
195019
911169
539484
310107
773083
403742
255163
19447
322489
262506
869090
396348
616823
21264
970185
513243
700472
870930
330148
674075
551624
139880
982144
368713
529350
554649
469473
765529
913672
256582
884827
7832
402016
655669
977876
917043
870571
149975
263777
438646
480848
380260
221386
546213
713152
770439
683163
316517
65878
405249
481445
877741
191620
558609
597960
851018
192486
185114
86311
160640
744290
935939
2844
608419
708536
593872
927260
534300
166943
802398
284737
817340
905859
861925
344348
925992
790275
342581
879202
552135
554282
231113
656000
748082
886222
339237
130097
991639
491192
753712
738451
723444
607717
19703
676495
536846
926729
392889
764477
310073
340372
760865
980463
49665
816664
79624
386995
72356
433615
286715
809399
864326
296180
652626
131007
722395
338349
435932
887721
897562
553427
211300
604399
262040
214232
159572
620125
989254
630175
355873
995090
610352
523333
221906
352005
414800
989036
247794
886054
472899
76989
792501
924610
212538
710651
570811
98619
663038
295685
333717
801391
80469
956102
944505
392303
374576
979322
386230
86110
123476
513353
229297
785975
403733
168011
529589
938946
540253
477142
514478
939141
613162
401737
201714
773724
655572
648253
130550
70444
224234
822076
304984
575151
112506
503277
216752
615058
300604
762545
790167
361971
49557
783129
809157
637829
850320
703272
392484
177586
784530
105346
914306
556315
835090
176114
479403
455919
54218
2414
371248
121834
439671
190112
488262
897141
848945
440280
669037
475718
19237
455653
648353
941775
957409
609117
494326
805682
870474
699625
267675
112435
722603
466082
461444
392124
181997
310282
113948
55428
641743
730971
563248
84433
113818
64627
660055
859422
457668
200658
925794
454447
296338
492514
946028
191689
231598
380558
898882
897543
17401
579893
361763
426688
839479
391686
357965
438213
127668
778117
907962
988656
289701
654946
499375
217852
379525
621996
754838
916324
366711
713113
992200
419742
787486
938524
439469
480550
198605
659929
892340
958570
479782
126228
219252
844626
144861
254682
452922
850589
45440
310608
135082
587049
889394
121603
584987
348012
128063
385065
755475
284175
624087
386125
543812
729963
104324
55218
812066
544173
929494
103866
912862
121000
754345
505966
715023
853057
866296
598077
113028
607964
334196
992966
484665
358606
456231
610020
977520
735694
4479
148530
529099
544047
278201
31041
788824
404989
355703
217717
605437
48742
337416
471688
64937
375609
973875
181774
814241
410866
877058
545383
731327
722649
870351
448069
165144
72297
33536
153254
282701
802402
891367
2860
501029
146045
710498
671179
648062
217848
56701
965392
55446
429379
769175
967382
856965
979283
521690
187184
424013
976692
587608
787178
551540
330994
130277
915816
899319
799767
56018
233905
231928
735296
415317
698262
502774
797101
987521
127264
74282
144967
302528
131310
564243
941652
295622
313297
303612
236862
156992
714301
815470
12247
336021
526483
38843
617332
273271
330442
66235
578999
781969
295136
246543
180341
989551
113365
515799
148463
18093
633458
133262
557237
758452
294200
490099
575355
74519
791685
641514
965621
612790
526952
709183
363935
230679
402515
37070
415394
136519
231446
222339
865731
153708
228663
942596
772808
796525
992643
333931
984630
106538
95102
434457
662070
595424
822857
267132
977384
163180
555142
648292
942694
785935
928971
526336
264
56233
92534
137863
98293
386658
970525
643317
148311
2508
615406
966111
52784
995958
122895
377329
868689
518998
894385
38335
654704
355009
252019
358540
417858
880262
846948
559394
868791
667908
915670
83670
684265
848228
830685
800025
872083
736959
745648
808354
818763
894030
512110
937366
253667
20312
974898
337349
374801
942242
279825
961331
94786
424884
860790
551574
529386
543813
572675
551872
976341
676589
57284
621098
574178
517014
702985
167937
715635
100188
842294
758913
801690
701654
728125
838349
627272
233905
236394
716801
263544
554117
609246
392372
994449
359747
800218
253
277847
188994
776318
936524
4300
413986
462700
411293
284006
308056
680099
884541
711487
176043
165008
955404
761147
972526
460564
199790
576390
636077
703792
865960
722325
704296
854243
500811
757154
476653
21832
6484
252524
487631
494842
155750
479869
631728
795629
73516
539111
320387
19725
154351
942766
163234
842262
277889
808709
1570
235234
418105
880039
367239
798737
780434
158191
196613
474747
746253
611745
831680
68761
473703
364162
551962
422504
339759
663476
73061
901813
692719
973937
750746
747654
991378
28759
576558
741356
701334
182255
437036
607483
327462
776866
489544
67434
730392
535978
585783
996459
169934
554250
263220
998944
762514
929272
579364
278813
203102
198171
437936
499126
747107
942487
231023
120204
832318
310379
291211
785013
904545
403353
254972
277688
396389
259167
655104
34461
808605
104447
99529
109235
727160
289270
549358
985873
839048
354278
574619
933775
198097
457613
427726
932420
276949
463325
409183
505686
100687
983325
426
215173
205705
756574
176722
278425
654441
732256
396494
778644
179669
370866
590081
656617
681151
606431
301270
99047
22609
583436
209749
248919
60848
741278
106922
673198
264399
220644
176345
372250
132385
904880
838864
322661
47176
879375
415282
168393
460358
152499
355753
687508
274021
895736
310197
542703
446333
127724
275122
708805
731566
291055
210919
943644
215609
103579
98193
105840
772236
721659
434332
912432
103919
480722
703574
733658
540937
792338
787620
906974
165776
549172
557678
172568
327875
464839
173438
913425
389878
347386
7012
853052
353106
54499
783227
255262
909824
418765
100139
193055
104247
452265
669309
537449
237441
615863
355645
615131
471662
847457
67681
136345
357144
899390
555813
562628
19918
682512
709977
244837
507555
784452
145090
864988
728116
868187
161223
102408
611173
910358
897445
646463
462372
858085
378809
48331
876696
427331
340577
107681
478558
401450
86178
918951
13011
850579
951656
266700
91470
661333
452132
242392
859042
776963
716537
97429
633856
488850
364023
644277
824136
4639
194783
641343
785342
24803
939428
785815
182563
287393
891448
739876
193063
160733
719699
231014
111595
891835
651981
347547
317567
470430
590651
937202
684112
15951
435097
347623
722955
999543
232942
563059
979101
251315
841944
983369
215031
279253
230947
107894
987238
618623
973372
58707
393282
998637
299595
480774
401352
881174
467200
119554
155225
38126
308068
709674
13465
266741
891138
190619
549668
168247
369208
101061
181120
861051
13900
60087
462611
133129
554500
683191
540640
283859
538341
178545
20510
852612
251745
122311
695743
304119
932413
927894
179092
775986
531172
538570
699364
239161
876624
258686
7536
417298
2971
997270
763159
927698
247437
635154
970617
12189
676549
251074
113384
609665
665043
779545
899264
703247
505971
151250
319855
37215
202509
385837
633116
167858
120575
881446
371431
636284
457241
534071
65411
963517
867336
32752
471016
195460
969549
572021
35244
696463
684845
313277
785667
805339
265753
925786
144606
813930
898216
715815
745869
879448
407461
740621
463042
610816
187457
927691
142970
430071
10075
188742
565558
764413
99685
548046
931800
808097
575383
68506
740327
80687
620089
571066
112104
700842
473810
960607
396200
511015
130339
604498
8098
847161
720385
303477
19892
488161
507438
277068
344929
719576
593144
339005
417974
288697
506965
507325
314928
609857
221757
438922
88951
423965
560672
574281
812989
649295
37967
123374
646815
925479
675587
803102
858414
954312
390453
502025
22026
632845
739413
665616
111172
874005
138760
805027
108860
782591
727857
26970
122285
920548
19383
456149
151867
25436
217561
99431
305076
966443
586174
71220
664807
811116
401419
498825
92751
325790
435564
911059
766860
364043
872540
787551
424956
219030
479049
919556
284730
54513
690182
993066
691651
95220
593564
47850
189651
673233
712033
420323
868452
166348
281871
792488
390699
987622
81920
723365
39450
185402
25478
414715
542720
683255
544662
215970
831481
580034
826339
46900
148639
958940
13754
804985
297163
146901
813491
552187
620501
219136
695224
651751
986213
849018
256141
589517
477763
539221
719627
579315
298649
97473
925301
941251
224201
605128
151718
342347
689931
254030
31797
559074
374060
223229
709585
361675
478585
467850
971347
674152
570706
134221
479408
236509
846142
946873
420992
612374
33987
667425
920172
376786
648878
593755
540188
457472
555481
775166
915830
905866
765206
303554
352925
293506
858812
270102
18535
894592
792060
915632
44435
566118
930593
976987
241807
461649
938199
441874
625894
157051
404518
233865
11106
292346
178181
63521
973915
532526
28556
323892
454611
677643
565260
107603
544435
690827
944499
454256
547142
193425
510757
217988
776746
488614
869900
743524
935090
293118
967012
365349
363889
437523
222704
452148
555487
923106
779614
879796
481259
830678
768281
112222
650711
2837
714115
302455
138693
324622
857086
567926
112537
463081
756439
969779
799230
686990
573216
73296
503865
355438
675659
641694
852625
344676
869732
236018
689921
203600
273973
602121
59230
217078
512152
932751
366974
58518
906898
570368
247468
147040
101568
866002
971258
665165
243714
994385
917913
502655
60858
985735
208372
680423
553831
294816
771605
654202
194905
600228
563178
222958
174650
85392
419240
602879
388316
153683
11050
409350
258407
477281
463922
906811
691962
727119
211614
143303
462465
680811
448524
250942
370660
930960
75564
918535
763983
854636
518806
419075
389098
524234
385494
563609
461009
483278
628069
403024
947425
225626
336257
349425
932887
396356
816036
918228
381022
504707
748513
957888
826572
457877
616322
944083
908602
389281
179670
361504
944093
773198
244241
691479
814780
971388
807889
455065
832796
965842
336875
14470
373285
63488
997479
597625
174784
733190
695492
14044
806769
809114
262301
375192
920035
358781
389547
535403
447963
679535
722167
787252
779434
625903
895907
271681
650893
445133
433599
903150
769423
573757
214362
312580
69252
230665
64114
788511
944605
249687
238488
815063
491904
161086
103565
873293
971596
370252
477092
856533
511281
891237
642466
248665
136554
721601
820001
620528
228169
589399
600817
291456
41696
238679
619840
900363
369771
403888
950759
579406
19036
341131
532285
59603
101092
492447
130382
22504
888331
640161
846837
974762
463930
578549
318628
826027
106324
108246
762666
488331
214761
998081
129135
991283
797674
295269
534491
395391
459223
464476
820761
62546
791696
728191
751278
261793
40496
410641
170832
285116
897248
871989
211215
317904
541330
671644
306871
448463
455641
613547
900826
742885
655790
933877
598372
265996
914336
380696
315167
839214
735289
802953
383506
864418
789376
324770
695507
317036
872762
735538
469248
418677
966555
495487
60252
224190
29463
928528
771715
315657
861082
265034
9614
501856
623556
824552
716474
456789
194337
509968
904645
614334
509045
597864
643195
451708
248224
17105
871653
668099
85679
60702
538817
795515
769635
126269
354633
594744
404274
499516
319628
261368
719586
925640
822809
269814
95851
879868
673568
393445
300988
959692
178369
365762
427703
44868
50912
112748
543988
700068
987901
543135
551783
221710
74015
369605
892699
897896
413068
651194
316276
440674
166024
746126
231885
168128
4292
723396
508069
992385
866013
455272
277357
646012
215153
15526
302228
860093
325515
324030
946271
154634
32946
353555
919910
392209
805161
268830
116586
374941
885401
473999
575114
886441
554861
946588
78610
332532
301182
910626
102732
50113
863339
63122
112107
867534
975344
910187
18130
990080
298505
560145
671196
963985
639032
432837
388734
354868
714979
684594
527731
45386
537466
567270
592475
343610
619476
313491
331453
827320
112236
324143
959764
797234
958821
540414
367798
244208
961050
120049
7364
924874
804874
319332
311538
410850
454094
931099
420421
429204
404719
974068
247547
496299
105662
348047
661639
558388
641244
577168
439691
139218
991694
223078
875121
548883
895232
63493
606849
720824
242446
785201
732693
502253
936800
491125
529941
593004
958283
201969
48112
810188
115172
302396
662376
224571
488038
646410
641543
97220
887661
202635
988950
775600
696332
253079
574778
815212
495146
426008
134282
796192
331131
344685
506397
743080
334576
110535
194295
527160
999722
768000
883172
679547
869757
577257
999309
139231
797657
257239
78047
292530
871011
566394
359247
430650
77450
631226
843931
872297
175133
693215
490929
38661
597397
546599
195836
748924
687612
180864
80696
324234
244715
611859
957446
882683
229096
510749
745722
616754
25197
886602
751560
903916
437782
11699
824746
590569
450203
389012
277712
748307
299708
706592
743896
713214
202416
985319
426117
292718
860692
537051
907003
46514
931699
802708
726480
663796
323329
848480
384898
115522
940330
864859
988360
489006
900625
560446
756488
750937
726823
309807
527487
767709
896863
167953
607354
109069
851866
866304
661278
137609
946101
700698
651712
531340
167710
542808
513428
535520
324130
654194
488876
673819
870259
355672
771875
582498
1279
733648
575101
687368
368519
671845
798054
307922
323919
755189
155906
346532
554264
79985
437785
774761
59935
91872
148308
711322
506613
495915
685919
463297
610524
730604
748062
553145
377469
932449
710899
518895
433274
619970
148460
844872
263525
175567
202388
909367
879983
71493
738384
323911
708004
440472
752498
209053
920456
824268
999420
349379
143790
684406
143735
101420
66826
12576
429327
886767
481530
293510
143071
112090
880375
73661
360526
696867
261967
383887
906266
780139
582875
707626
845667
997846
741855
428148
778725
780736
744132
951022
316349
64457
776005
251383
693747
741770
551405
671247
774000
446108
73819
170380
796080
20839
234847
136475
643495
25283
669322
400937
12352
203523
392142
104483
560472
976523
391979
853165
8831
548045
828204
486485
37632
876419
72166
424228
181130
410979
5672
110890
951294
172549
726809
861946
677047
992314
727850
258831
522776
464160
624240
583600
328342
733848
565620
454936
412222
821716
4186
465030
145862
250738
921994
890378
220467
844471
806345
437251
174164
301563
862852
430517
124110
559209
288679
241210
775376
998430
752578
881499
99258
995896
168115
654355
874038
644420
61079
894727
965296
1973
593372
867802
295122
259043
877220
745128
703280
669238
411383
564930
790826
996461
761477
891365
381434
766827
744770
355894
184454
516129
550599
908840
404202
85370
842482
73834
626957
400616
983989
332272
536945
263051
439066
722326
477864
811493
495547
230367
103815
107033
861584
583536
854046
284354
831868
165603
679791
115692
534018
308945
100474
668169
86569
381957
806674
608506
920893
321455
388799
850003
107787
30082
37176
33066
240402
870848
95465
145911
174894
366200
438402
852173
911714
486343
339103
558100
789587
138484
49729
333141
161263
418145
125949
373989
58421
619181
282197
336971
971685
317156
911212
860455
534723
868926
790516
300691
831454
677292
312938
461186
703336
355887
522580
170677
991614
31569
109871
90829
228437
740796
306344
696491
461441
259102
747101
631047
826768
281655
960893
113449
957932
88901
379554
106537
707724
112510
952378
920804
633354
939274
81987
472833
851934
779915
317279
52931
981342
140467
725242
190497
716896
810400
835994
329171
650243
271379
881514
89930
505871
588541
819532
563139
586300
406945
184313
908605
499518
869907
389902
810369
864809
676736
704277
214700
866920
451161
165269
355091
900255
670088
779889
535083
841823
627042
567406
977281
882907
922115
813260
306448
468659
134900
231677
216077
293140
437720
928810
721615
290668
447618
156066
124798
383042
278048
368475
922767
710377
796477
83266
57290
50494
163860
570701
761113
214134
995942
809645
503785
425065
202297
718175
14817
464867
574629
194744
277352
853340
815641
61176
599346
143309
602873
93913
974396
154587
273210
453568
683213
40139
91237
645919
747122
187627
414104
411759
22310
29924
120180
118069
721480
131160
989463
917999
52208
334535
583633
286127
924997
235689
884926
253441
161118
252795
259711
608503
651116
438104
953298
754728
911164
758661
471211
713021
224392
605965
12127
420991
523834
431121
987926
768034
823077
690611
452240
551047
535213
816747
121319
146456
188132
882344
671200
338418
251869
6887
901877
428270
431708
403921
231925
421181
361189
133457
617455
14888
764051
994107
619014
883281
192811
578993
564939
963858
936320
617228
543543
723080
309329
499272
307649
179870
180273
570074
859165
280258
399766
242443
444859
519470
267625
205294
671408
378937
115263
308233
951776
399321
519689
755692
260811
525098
820114
152724
894525
986324
154496
432903
285082
312318
415201
591154
455725
716801
59172
368815
342721
32840
938901
117810
911341
764260
979131
43114
604199
146446
402364
157569
681613
308279
979917
611845
289150
53657
328170
6658
488199
692125
269232
204231
460818
834984
602872
739346
238623
346883
621011
517544
934332
654613
881826
666259
472155
626968
358350
502080
667963
249493
348229
297415
665645
361629
972090
606626
47711
969704
550953
191856
271529
167720
770508
183355
639652
914894
241162
157887
440283
983508
902728
893645
749068
853875
285654
155869
458738
119346
737382
905770
127524
376610
631090
390324
796059
750406
609360
146754
354888
34342
326246
116946
575813
711697
342401
593648
951242
273347
5477
111010
848951
531432
863441
144537
198072
595407
154453
972814
936574
100428
520167
901929
34729
507593
570086
212843
958232
875214
221533
375227
389420
262977
985618
777034
21831
345910
15193
441137
175752
695763
163396
193151
604945
988980
123820
110416
457918
649922
392921
933707
917954
431487
646836
716833
198155
883085
823393
125835
198643
60124
232980
212481
898802
916180
296698
91344
701399
55578
579723
933820
72004
409420
191655
77491
673477
115720
304070
115673
939237
442470
839380
629614
144448
608982
601323
173977
275386
999658
771728
733159
311737
29784
282356
341027
559244
907892
575740
775026
691880
965431
707605
869791
831753
497855
947537
789508
274780
678503
203880
378366
697384
345233
767077
661383
725982
364758
811634
849396
903389
132531
892383
138146
925330
128935
620503
737605
12951
792580
298527
859527
734045
728694
615389
122802
862877
370634
675403
178270
185332
228693
751030
382464
401414
899500
959000
185760
836283
880999
605413
2801
924409
400914
961026
941483
147072
246394
92624
670716
80251
736474
447243
299675
467990
999825
24141
526081
315816
3218
941698
124771
627677
113237
394084
290920
539398
827230
773503
962602
411798
554535
132797
376750
362226
596619
314955
93423
238274
171469
681203
413296
795935
738392
350350
471165
348675
459187
326830
38368
937252
983793
181091
129113
650838
530810
416218
236744
873413
105010
369977
737041
56
784278
38472
321283
406094
406303
691398
462709
288779
778107
654107
790058
522834
162575
486650
475459
934182
813994
79224
843141
691933
825443
475220
613774
335434
562418
950838
215789
89630
750797
704614
789379
349537
175683
210967
921845
212814
942804
207261
997212
301467
659463
830897
535715
662751
118389
387190
777240
108188
933379
490646
52519
895856
647762
89271
761625
455428
1772
418282
867683
201130
877550
758244
662826
83936
806647
675305
453601
641185
952928
913828
872374
705962
301017
819486
311475
921275
946445
317420
372814
107175
367306
858323
385912
367286
939120
458535
167873
204264
137461
109920
169501
691211
137227
946433
482798
959651
618306
344530
309562
427895
957981
928373
568809
247196
859401
190313
547797
477188
111088
745707
413832
811281
570765
830961
88189
7269
674955
575501
537938
182167
641874
830878
273166
92022
302545
38685
753537
734936
998403
326276
30393
292261
172643
484880
781724
679127
999539
925320
472097
678359
745966
370787
89592
620583
389154
824251
741612
530574
2210
188078
514732
968127
304266
313481
764268
461341
19468
84370
226745
172868
614195
725764
496488
500368
160353
569309
753288
896851
987063
971048
619348
709519
25602
983896
993019
906445
777541
166988
231579
671225
613898
464516
5887
388260
224896
237345
610881
685298
358923
215022
525211
241753
645030
456977
630134
343885
605689
655982
29105
455583
172156
168641
643025
517155
463306
381443
945608
25873
464364
331346
65577
127407
262558
857928
390615
561733
913592
660572
175813
942044
887128
999060
698638
177083
13643
193454
740797
708338
124221
321069
132852
611388
209918
62912
650788
988197
162959
672241
636782
443280
674153
454253
321462
447418
338534
471978
269174
270161
219404
896599
397561
609424
683984
309023
56613
432026
749315
616918
31157
665552
780544
899310
820334
485204
229833
505614
699227
617667
802187
509861
407219
773024
356456
71124
454626
787015
802167
556096
487585
308245
923498
129831
462753
503645
36313
79457
178412
933974
573945
485346
756785
918010
860766
641256
967292
66730
472620
860363
554003
756901
978978
249144
418706
479880
97108
263573
797733
584852
326260
96311
336035
619242
496629
153219
946516
471823
122386
298939
773703
312377
486314
373851
831584
870685
812910
116908
65927
511170
204566
37088
855139
533445
952529
836604
805424
219276
102408
641364
604896
798509
567402
494825
570088
211305
697890
668103
522839
527712
842588
265633
895385
373821
110427
234186
76372
749472
105164
525243
591521
386604
242993
287059
708369
834347
16534
158645
690748
998506
223043
13562
658019
279304
135266
305872
669578
105717
824607
290604
225880
615203
282101
660330
112180
627517
713833
419144
944356
417695
514052
352816
279468
929875
483960
361775
412957
378570
281796
705248
238915
515466
9232
664205
295119
839738
335455
239532
21701
369772
46558
907416
829140
760919
447238
478789
338834
675390
698843
761916
664666
589322
948408
175662
646754
659929
29992
163904
729657
47423
859555
19512
145707
150364
868693
953997
807094
664083
407048
807326
567260
25721
102284
233584
230847
911227
83798
224612
673981
224487
417947
662054
86314
520924
225793
886907
220167
966844
112850
633310
631735
603950
893586
317177
416050
938729
808949
141523
726721
120562
316013
695532
411502
577827
646930
260424
758971
610986
897391
880092
712557
191257
399136
667401
973232
756134
727761
747602
529666
127287
925672
88425
736121
725487
535496
130058
388731
992175
58407
330009
513171
913040
879310
986850
328666
843076
237325
423994
933949
346281
45197
374408
109035
167921
57884
17833
226335
29885
707201
851087
709501
490695
353345
984328
963842
460424
895453
225043
195772
854756
129514
903518
413884
208011
895709
617812
150387
944786
131307
585821
908778
258297
21094
456415
527395
635012
537718
594013
84247
512298
445551
193392
165524
809766
154875
96076
176901
228811
221873
130082
989421
486664
181956
456858
100396
965727
807839
229009
238046
444479
853925
818972
977657
458814
295879
282748
142860
191299
61238
346496
701227
381815
625643
430451
245707
456561
529825
389757
26366
345095
417773
75202
453361
535938
377445
57079
176299
392863
468775
631449
94896
821447
749399
690366
20711
82866
925391
126393
730120
109984
993165
268366
843089
420204
240418
510107
522614
249304
421578
654630
340557
659325
569654
953423
181449
430359
716538
564449
811945
685419
313169
32592
28189
639266
417252
640646
834428
552028
229405
468988
860592
522930
839267
739339
461184
457007
961235
903646
871895
637706
998867
266486
696727
703937
737510
666532
516025
70224
763482
871690
773761
432127
305972
444194
339184
504375
244897
234759
446503
456751
117627
779266
388726
915745
307485
225665
227173
617990
748344
565703
915216
790698
729747
450935
462853
756315
747245
315987
678889
694273
209018
134249
330650
200711
602151
12136
505463
997264
743562
167831
864704
193263
238622
180509
713084
468885
754951
447706
38194
1679
819306
819544
243232
350986
248826
530177
359083
699268
134664
923908
469490
759153
389231
450513
781574
999913
847053
842606
758553
124498
7794
464191
974505
346964
490604
904193
891726
16002
732349
729961
219555
58283
139524
352017
264492
841863
958993
249334
368644
32742
861270
37379
440729
442675
466100
911642
248671
673247
741299
180769
715636
220496
1169
265388
879637
71724
352838
159247
661990
421527
214212
662422
100310
364469
658581
575411
751992
693640
591163
996451
214293
258945
621911
339207
684312
872102
209620
215276
356864
74484
729057
956505
179030
366756
509925
6914
5798
567902
973758
637162
266641
29443
251350
721287
397605
609869
774348
550051
218242
24467
666026
637219
880886
361619
475186
171386
414358
847957
142873
67641
265141
489262
913239
854282
930738
921351
320970
365943
987157
970831
592080
92373
778697
345580
333662
431277
386083
21120
593937
409383
889291
387310
263193
869107
509276
949098
961734
572917
432477
261804
607529
12283
869783
838156
37990
634602
567455
886922
699207
405060
770537
727005
901258
626958
775018
654488
840718
89872
892486
102218
575839
799265
178565
353689
521930
192510
668066
952797
534959
186813
548912
973921
878963
80693
693616
608132
816169
989027
13298
739616
336254
82713
270986
568594
110828
847102
484822
657014
544139
528878
580787
183
620921
473506
917373
534369
251702
975139
381000
30142
521679
781442
6689
948506
872690
890121
3704
394328
446260
531884
739409
201198
315737
671051
593110
831351
789646
441776
684080
7961
280810
432789
464318
379682
770458
19985
485868
794911
574256
908952
407968
826402
45523
124560
456247
691600
885378
606296
46259
7367
516855
862531
654695
29946
142705
763353
985819
270718
846838
326811
83809
650490
943337
797263
521191
485513
315235
583526
109813
549926
873387
938937
280839
347797
435006
782595
504939
271960
597476
430839
281777
291179
741951
332422
803606
292088
124124
495229
905243
58042
108214
190743
304611
121837
166904
325218
449586
582989
921413
563283
188411
927514
466636
144125
345853
489396
568490
464229
173848
873180
607038
161646
996594
347435
594325
684573
507292
598580
954355
414871
535015
765839
864356
33938
331278
957733
968256
357772
518535
675456
900365
888622
611955
734556
970833
954530
279416
550166
54343
384570
174649
116040
844459
588372
673941
171402
681395
488370
9816
400885
803006
648567
623251
872399
438976
811540
989761
895443
738680
53586
168269
174999
375111
537276
122559
294846
151991
647729
873936
677053
539981
123271
743142
120123
459014
268505
923660
444255
651648
95600
165325
221985
821088
346260
688060
834103
523796
934023
916085
364068
951499
643581
802504
894004
135172
860602
156245
662354
791780
334023
677069
159527
989875
717343
874013
938327
253828
91913
489721
800075
18398
777291
334747
994483
634485
124703
111327
900657
969216
951911
447340
102026
705519
982601
732500
273110
507120
668177
91588
587102
189146
977429
52604
537617
867896
453442
170021
770410
980103
858489
580130
258182
962621
984715
940972
620232
896346
886489
28589
73871
873372
998222
574794
25204
422392
122167
472957
144769
4601
842190
10988
53867
73002
367703
841541
678616
469032
912726
749393
256615
756450
287887
33789
307578
902249
190163
137746
204174
661672
145637
290753
337880
535756
15849
526133
453155
870018
186504
156702
895855
883954
757942
830547
76004
514642
800397
652798
549569
679806
405940
875679
968398
247366
535099
929728
751330
382321
92862
903695
528663
549074
291235
336222
447502
736875
575189
369681
954054
677291
21600
363829
117656
541152
679829
672040
408624
272905
380665
859803
39245
543790
518417
372091
451429
278003
561884
181629
214012
515109
905218
953914
560706
271215
252489
875028
560227
794397
294990
991470
496540
274299
634486
329475
969490
794136
11783
670525
359608
938682
193689
894416
455416
396363
88416
780341
278413
965651
148773
438941
617955
220556
404338
196869
386614
942769
159740
251137
923157
43980
114706
965251
585337
224166
245690
139116
735693
63761
182055
293030
22599
88828
926515
443313
516496
430399
692174
302395
502666
416532
118458
552558
755240
575198
632335
789537
602428
151537
545929
800173
844095
803475
963383
429431
632457
246507
868301
576715
878986
332050
648910
4572
484823
589672
498704
260049
919916
819297
722487
961732
69285
998037
808327
548650
687228
822713
599097
163781
919033
634469
346310
863705
954874
21170
892190
872243
378691
456475
527624
737723
626079
68114
594991
945560
407842
953696
546535
112837
778736
117950
567038
703284
520175
230136
951899
44638
495839
661992
920030
26320
663460
896936
754041
83218
861145
849215
361574
755518
500048
899381
790467
59275
498688
200093
833344
270091
46789
361241
404713
207293
123420
809868
72993
840459
309807
25599
147227
276277
659203
114258
663028
360304
206585
796781
698113
845819
659781
506409
97577
7551
630827
410364
26246
600452
450405
750135
864911
394903
173176
565664
104483
347092
624521
921813
773756
281426
390939
137505
554734
274793
71098
889987
787361
889944
269847
194589
934261
383303
796564
527524
666151
173734
893648
320228
867796
294024
49828
711323
33104
226864
856844
364171
615515
678789
660351
393634
523532
221873
888554
688034
15906
113556
963158
530227
240302
617498
847330
618678
211576
967605
590034
943449
545044
119300
551386
93001
677432
408201
616805
88830
738403
744987
63516
498384
888125
224496
562611
697302
87566
457193
447696
291234
200278
230991
936374
516375
272086
962576
403317
668948
380174
569892
954701
264942
332726
274364
667707
529253
179806
755434
570540
792449
918039
628998
756274
536400
7310
757604
698277
479245
880648
603767
375981
187432
914934
52383
255609
444624
867898
376450
51855
643682
75232
716831
866448
50763
926697
90848
946778
739849
330264
654891
558623
712821
908944
256896
865057
763076
688645
550613
984778
281065
140536
854452
136359
534424
191992
912208
975858
898899
255794
13599
939117
111027
413125
810015
111382
494742
361624
794179
580648
310763
375852
561328
388848
674061
844504
798417
93985
897053
908835
401393
36272
613106
477918
937735
194906
73329
59936
509358
634777
499717
604588
967747
520104
344147
977350
490122
83896
165095
261140
242299
499259
711602
32910
418092
287947
840556
21662
814470
133567
53487
375478
558451
747935
220354
257761
590387
252056
588000
410180
142725
695702
592944
781492
928177
841721
768999
525405
473474
558204
18358
342712
409078
388379
863665
615845
373189
609929
717486
430269
459170
343523
548907
805244
573996
160698
348343
548325
182889
325763
480955
859726
624417
519833
866318
247631
229038
989023
82525
255390
142624
410201
939943
771523
774647
72107
470622
806463
865564
724590
926574
357674
942988
909821
826624
223956
107735
258194
529254
679001
978486
251013
97028
488064
609616
427541
350160
816610
798939
670802
185463
650909
788326
808956
351356
439693
762031
886587
832989
705227
702343
943065
302923
624927
98366
834848
978530
449547
64602
705227
877441
912724
707519
167995
389835
94171
943471
485545
299530
168659
652285
372136
505148
60025
870791
549748
456951
222134
247207
192086
993373
83174
863426
204889
313094
861745
458553
911162
339818
671246
696626
816203
800205
146280
266919
816387
187573
183397
44863
122098
111329
923832
376332
828846
776189
20098
845441
133992
941618
686676
789709
520453
333546
389279
948269
393433
581870
892019
950025
212021
32201
543164
885088
639633
50083
195472
433115
559434
146125
839410
729072
912111
392788
383327
814848
37007
528677
449658
803984
474166
678814
153119
608037
305283
728405
628581
278900
542371
23439
528731
864486
434632
935718
620975
25013
378662
434362
159753
889914
285532
452194
225156
766661
180861
484473
897595
472418
711779
455963
64394
807960
951070
846050
934241
976956
162519
643372
916751
704264
187968
363787
801226
395896
671955
971380
94469
392713
277153
821892
188142
648431
861639
482184
278565
633702
817533
24082
377713
877509
120052
520270
125391
407322
666712
750683
890817
408212
341130
128091
19579
839313
842067
825257
940123
854859
309179
825024
254166
136966
502650
222297
732716
937591
872872
20073
676797
969577
227464
687871
190479
394981
622701
320375
594269
760056
713149
436477
47257
737183
732405
371186
524873
960888
735167
920036
122467
372266
321413
383674
261221
941550
5442
994365
592409
64422
803511
776062
743500
709557
481475
398187
741701
686237
547643
722656
666544
96449
315433
401479
155098
540477
403245
752977
595408
659499
775676
580763
554624
865343
830180
315528
783201
925340
297984
647435
458102
955500
323530
212201
711263
587629
446644
338433
538841
503433
18245
163531
910629
883493
216509
355229
179475
459371
867394
80638
984985
867837
765412
613428
381075
107546
68927
581289
497533
741067
725020
473712
58326
198114
389221
757981
26782
244081
474772
67718
372525
242007
572658
291301
939055
960610
905241
349031
720971
416402
371640
899902
845417
337224
184480
814621
631786
324342
950457
14055
977162
561515
590473
797159
632539
985884
504876
374687
21755
896664
208877
865531
972014
600642
281163
187124
325393
109056
662988
969563
565355
377088
473235
392798
196821
132630
552261
374729
917464
891214
959943
582750
51315
240063
294973
872833
32593
223398
272517
454990
704533
897788
528109
562881
714
504606
647189
908313
709875
119614
19415
392640
727640
512755
923805
116593
376929
879306
424755
405655
952521
851522
611466
774645
816200
902637
359806
982381
854126
41493
828591
461889
528241
41570
96689
521341
700753
129252
368315
16037
271089
986507
528830
664680
931786
911519
490671
345026
548083
173718
481131
676239
117391
945682
705776
29065
626686
293114
805385
674036
843891
206654
346643
385461
780839
506449
621309
186817
545703
801939
840809
414331
456379
499586
616449
585796
734811
94096
451489
662690
453024
942476
961194
615094
423747
814093
120628
160033
224832
468690
137102
775493
121630
441974
209843
679096
844333
835885
725693
728308
549688
114126
51914
473119
616840
332185
322897
837062
230207
184414
250375
835119
798491
549700
712368
716129
951630
451571
413129
874961
850405
428676
799362
171953
391396
457047
240527
393974
18860
613383
320961
314708
614941
824783
165790
588917
514979
589355
470861
954530
79536
24162
137288
195700
419150
455416
930774
51849
198973
560500
256787
692493
126840
819857
247655
102397
737037
701649
213065
410718
107598
124458
74261
8286
213780
192202
712900
310175
432050
653544
237961
985458
83233
844532
516019
791670
563557
152709
15994
880634
827906
944858
127902
140893
702179
136647
250198
539284
198317
148374
514152
977199
227933
9188
438651
605581
807938
936537
13670
110039
326459
662336
884804
817391
31377
83660
459397
125580
726093
367926
892274
72544
639795
424902
926459
301442
314551
444863
95841
189106
772101
81150
24151
817156
116088
975626
738849
30741
515434
820249
825737
642429
789779
80868
850696
715363
764410
7023
845173
879397
150030
16996
92786
656413
451939
158397
321105
354797
973465
125283
468874
874856
594321
480118
99357
937968
537162
931435
259147
91167
338064
448069
836700
206241
464995
744409
897633
230517
743403
639560
742962
652092
790028
107780
230047
894857
713707
257738
91284
349805
270936
846185
894132
301933
106691
4252
535171
52226
395688
667178
750278
921551
994575
553265
361906
812986
303331
437454
358603
391182
551477
113058
989409
543944
778764
359534
795788
237581
373952
471292
605974
643201
829573
675610
683618
326656
538114
342079
509244
119292
193957
611172
729488
145192
570631
829506
383669
393951
565789
900961
340126
671558
841084
108465
302650
727982
372007
978825
215654
331122
29366
207197
341045
667198
344805
811510
964673
53935
559447
300884
487348
743952
289932
856830
173291
353397
505714
563687
207263
455379
494918
100483
49169
248594
636466
132486
184389
190514
78787
943642
291376
678372
118111
956036
371879
810282
319789
49653
2349
943820
638627
710528
838974
235737
388265
130680
278519
367431
175753
145002
416484
800329
360179
156312
287131
716209
953982
273738
247065
479119
871134
386463
626786
151071
97924
455438
73237
662454
519796
37571
803575
723739
46305
302275
433781
625450
803792
399785
350655
795437
112654
865667
538943
15759
521674
902824
880179
352487
893526
850083
404360
642530
895762
650719
748899
51429
233518
168677
799103
572708
248825
992236
490278
317407
537287
167996
666071
214348
949812
539409
401654
274210
747423
702312
96623
410672
493070
923938
504965
74279
359839
562957
441118
578685
998326
151996
447553
734507
573258
833617
907116
358848
785827
346227
36890
367879
141839
618565
433713
17388
134950
763802
362230
366231
388801
657077
276561
361174
329855
658517
299521
294708
677628
144804
404934
290297
65068
240912
43911
760170
921898
859260
732738
46612
47498
76416
471022
64669
69130
68216
197560
239816
640780
787696
193439
427664
837621
297122
457294
76584
781784
665618
130292
995935
700656
162532
949895
299522
367881
61211
252059
257167
161545
312514
552461
6382
168526
774560
28774
260479
979542
629542
972067
626650
977513
301260
107178
919315
354368
975398
153360
137774
506249
521148
550358
938256
777034
629579
445466
174222
991812
704815
323073
916047
360496
750815
782997
721464
199751
569290
221061
924758
232750
431883
643381
212174
337285
674546
203407
349762
462344
590146
234583
734308
106421
906432
897032
174807
278408
359467
108243
62870
127442
966785
300055
717259
89068
483509
374694
477034
945123
594945
197715
655991
635234
115592
692797
621805
191987
260403
963765
668118
794175
432498
391378
918289
939115
128521
457877
230938
172199
582765
547098
632990
46504
923402
170956
769559
626918
103355
113819
554758
59902
303561
986979
328532
801074
52064
10476
103687
587415
790128
958621
273764
779695
102864
259884
625697
716198
995127
958407
838829
577581
441730
17729
169106
96868
353289
115084
347000
978498
699533
952080
661959
605828
122779
64757
608449
269390
802107
353613
401087
697214
86614
864915
50106
138782
349650
910912
437189
66802
699930
417087
909911
941580
940577
537185
973403
745183
657112
647168
477595
498109
175364
681746
542227
900385
510156
469840
19282
239222
631763
499147
119965
589363
678566
89759
474614
240906
124526
880868
962911
404114
792440
855570
111384
473796
138729
914347
642720
335021
451694
404869
413699
847773
738075
770773
440943
597907
674221
403636
60043
706119
747632
88347
493621
542543
677684
263105
301293
879095
631149
843156
382131
33638
869163
210706
514605
175531
189921
555831
570643
999579
632046
72214
965523
218230
937407
259333
301192
545349
146656
787885
937899
561180
536191
889223
194877
869351
251316
596975
950141
621904
985952
965660
804277
144180
831508
801101
259068
813396
226415
46677
571970
656550
32798
83144
637417
87827
868325
215279
791810
249612
352195
287206
702135
637819
607165
860708
164373
653418
301317
325035
133227
798278
813714
263339
124372
873831
19601
591053
457548
530240
883268
662437
721996
983532
216125
899966
456037
322210
298242
477635
476981
833394
850180
959164
541408
731863
508654
684218
395680
89007
886016
287093
907539
80583
233281
155318
163904
253528
575191
230670
219409
563806
840484
541049
450971
191383
672447
929095
852486
873951
256508
380068
81396
400571
580442
45111
67616
644469
549883
760337
576910
471162
766222
228442
678684
690467
421670
820368
970130
642018
216119
812148
181915
979575
985311
394277
554855
590943
891931
748591
645678
433419
543007
916900
128678
88022
404082
615529
819494
58812
67405
205910
104384
526864
138647
378593
706954
854814
666675
186088
651789
423244
439168
246049
966592
278244
207950
702086
231306
924031
302280
580657
680383
778294
649863
320699
798355
336510
71433
536844
365706
928146
304267
72972
427810
695337
396333
291882
458849
600262
30349
435599
662954
570017
447867
964182
793991
977778
214815
634124
510735
542511
720082
694075
439852
589112
829397
683483
736389
582174
545351
479520
947235
946147
750944
205914
580530
73479
194799
240201
659846
505404
455083
206725
142752
992354
676964
4680
720069
182824
529613
307846
263812
677407
432698
471494
612084
474463
773684
334197
241750
918244
129221
587230
410359
984464
446944
540178
356534
387594
500247
302116
837113
777473
756371
565503
406680
152153
997645
319508
43564
475362
615197
150079
199784
187099
64248
463205
733666
775947
965787
472234
838808
275851
72041
442660
297859
839220
70680
814197
13289
317960
641198
308020
252433
747201
993827
241981
556603
37389
4469
772398
805436
770830
84769
166425
79667
312812
633012
770330
194258
332751
567698
59643
735334
457811
82082
219232
125765
4942
514437
905159
891070
107636
220002
950697
832230
774317
469642
408267
783621
218071
487174
389983
466948
899040
455465
184432
811038
327275
611625
592998
278879
223291
737072
883129
768562
192661
494946
903890
677062
498592
110229
970584
200232
856967
44648
890562
659202
352256
227037
629014
968372
666671
11199
1166
637367
124067
582159
270276
280916
956764
437814
23365
317872
456125
222185
245765
228139
809662
960652
792002
589325
213363
63342
930379
293457
588965
579801
286758
217265
984686
548279
4477
82130
221455
153490
655178
244398
640172
673343
142320
554818
691450
163438
678892
290427
496544
548836
867589
928244
905352
847316
470817
822159
649295
817722
323749
79899
698307
769607
855595
832513
682767
272656
246997
356520
818169
116898
748581
722684
618611
838991
154713
22111
908853
967776
582964
899970
567367
333544
969579
986027
498013
763923
976013
541401
249610
370309
241626
137534
379047
926879
127274
602562
314523
824803
633051
170813
20759
129783
287820
1275
369013
229723
221167
72736
961546
491527
227494
667106
232289
698150
348278
599605
894079
112780
286359
486058
970893
934570
563868
978023
82191
729174
598470
465529
280880
447834
70918
270928
237438
245538
296829
809845
993392
490069
724517
269731
236718
865929
861319
456008
329767
721974
359056
303002
755605
758191
824527
94828
792296
622374
189264
34816
428170
78123
628552
455295
145806
481865
571511
785139
233575
302942
289021
451624
925201
397601
450769
297901
237614
818309
513467
146413
750115
550019
948529
683026
942273
582355
503802
812425
650016
809573
752707
162848
222796
920117
285171
395388
815209
555539
281844
976807
863945
743526
5291
902083
790979
27135
542102
299363
748948
476821
769957
918950
66210
689631
750386
299642
241993
437390
968228
276044
429629
621797
698573
196159
99819
58745
652862
999668
760259
144089
946455
462235
699437
766008
583047
280564
543791
995767
550496
747651
493469
787110
777004
23377
772626
346006
869762
631725
410152
826209
77268
341425
540036
547143
231179
329965
56668
188776
839960
79277
499926
424440
924417
855947
453794
612421
470586
366927
318628
583638
886521
366955
991298
156944
588897
833041
201121
714965
974117
933681
742736
777569
744958
353292
702035
729180
426554
543913
158602
531080
3631
707395
896736
917265
363247
561858
832715
615837
591048
545776
306007
394892
156739
402785
296344
676789
985669
529974
798092
432678
940012
691383
16069
623385
484108
320360
333000
319712
490190
931324
222199
658171
708428
575760
976630
495149
975936
757917
461752
869640
81237
611679
614039
290616
675775
6513
235505
892021
189937
756038
715612
398158
666361
397310
619664
636550
240951
911218
229199
387523
562668
58356
210717
839937
643411
50551
865586
387807
691584
457596
311889
814253
607643
729262
567165
109491
818870
459467
547018
929127
581808
715631
350448
835911
771199
421776
322016
510426
10901
533257
509510
287419
466392
445910
602873
343636
737867
453411
289118
433107
467481
841022
560783
901243
451216
787847
11827
688541
89661
708962
809958
22212
98602
265037
961606
377727
44816
802125
355266
216637
860527
163450
62810
581796
597953
700320
122400
716299
846069
296389
76236
766156
402382
274278
877641
118555
439127
717222
389447
629449
373851
148307
801258
9477
22687
44577
654282
173714
958497
36482
99840
365690
956594
980600
598930
708454
3220
712896
52698
175391
285137
61904
368994
704813
625160
148507
978417
519037
2440
834996
900911
119772
444384
563749
305387
493484
131431
166612
114852
699227
308235
86716
519967
825070
597202
671404
525050
941044
569212
980257
199298
10966
6289
496013
212920
788092
112301
710550
854213
260726
381836
50065
268670
167501
292480
280729
3746
820658
7726
394415
646405
412952
488999
582352
397595
291496
346781
46903
676504
259682
891122
309903
410699
121333
239090
998683
296462
196811
678166
996408
880149
661489
38639
246183
660895
263608
890382
489385
612864
771495
127801
951266
805003
419531
499198
360891
665369
137635
600050
44625
444190
125483
860366
123838
868997
453398
538254
508891
882533
141704
94108
647771
732812
204919
764557
90480
280521
391516
254861
785339
723553
556367
474748
32074
253258
312650
396425
209811
283911
879747
781803
590253
584858
385889
147219
974716
427703
918513
371852
592650
658095
675160
781430
833247
537659
796737
737107
29784
814635
288930
663825
363997
289919
156210
403197
452583
417202
604540
474862
13849
845579
493346
549489
997692
110745
567996
164688
539734
126219
372755
257600
393257
526825
374087
331282
93100
655132
19099
850753
705338
851466
540141
724708
682380
455643
278570
647785
50349
539604
31605
192718
484025
129188
14782
315239
467492
732979
641524
372578
62956
392516
845421
631273
702015
406659
638293
528823
675465
255323
532644
642971
833967
775706
997502
204575
798560
619870
752424
363595
121216
599488
620513
536565
495894
933585
849163
762988
798090
894361
908707
968470
308762
325733
323149
378987
811083
907941
749892
856992
805183
832470
284289
851254
692046
604925
758912
659249
81061
467487
739427
753291
362209
792943
679541
505370
332124
561557
891196
7965
869931
441755
645757
126641
507463
809095
173066
688724
447055
31078
753180
617320
15437
261245
654771
986072
728040
709974
489459
257777
690141
26539
67982
406095
985983
804591
515092
871347
761064
623907
34842
91481
880986
173251
594107
5047
779865
188000
520497
615890
207238
294484
680573
234410
245974
393219
762239
248468
906628
353320
189219
381880
194456
349463
566142
443138
888609
698545
742715
50712
380941
930748
589898
397003
491240
401624
887142
359607
439996
338151
367758
543699
71144
824587
794423
107229
708322
1384
668081
714212
439365
181865
210509
234748
201790
750403
353239
69799
193478
112046
591859
273732
341930
565625
703120
247213
31783
327363
580562
175850
292467
748409
465015
837265
39477
798966
829230
984699
881735
495413
302448
832614
922948
193159
340343
524138
1503
408594
419248
320693
920290
621200
247839
299281
125314
782928
281699
591863
269908
353331
291123
21634
368297
312449
48473
386543
116552
434781
912525
699892
588198
785031
564270
469133
487374
853240
656517
861365
630626
861667
120127
681756
139852
660147
277735
87850
648725
15133
292118
428676
264812
361260
60885
117971
797779
51958
305036
546576
864289
599354
562315
879770
339737
706657
539444
148237
268806
130849
790226
148516
529690
618128
910994
77612
142212
319492
111948
958866
763793
138127
249472
750922
510281
969317
901264
827045
781187
504737
908780
154266
493047
543615
999289
153904
373903
800940
921179
706564
710802
766958
20930
945992
805479
902248
577339
722463
310634
296632
695013
761214
894927
304432
523117
883736
497752
382877
30943
571025
955039
498519
237930
442646
878196
35494
852763
353192
995357
631619
97644
727808
165617
790093
652671
16431
263048
588358
865248
365707
515471
243701
235059
800656
481991
122997
578880
201108
145987
702290
281631
125622
925683
177666
61561
524238
226087
411874
735158
847949
82827
254073
930127
196913
54807
404793
427591
980221
426019
106070
440263
8593
717166
971001
163711
698742
234527
994851
341811
927892
558252
917880
156983
57000
666397
600834
803816
398962
140680
82021
636145
357248
326923
14208
882939
927990
662772
196552
867570
398233
355074
25050
125256
240689
809746
703555
718643
588803
517916
663832
147532
212636
729617
338915
466649
264383
970404
678624
635920
9524
663079
298921
288905
566269
763571
974452
755448
283458
843576
293699
840860
616376
940024
304146
798406
676138
104373
91710
360607
258791
895919
757410
829954
409836
400288
637750
832157
146586
559189
324668
18781
14442
913475
932595
385211
41435
573195
703692
921097
633795
394144
382704
825533
372326
140598
124285
416828
250075
961287
65230
418663
71301
920531
150168
41296
294198
217685
266769
991929
409150
15353
895266
755068
89221
174692
400713
619996
211250
807954
290486
585383
771055
465244
514994
987687
954869
555844
62005
481897
833554
319162
391245
241143
456802
745868
417434
9706
344566
812922
817093
376912
504384
146506
615068
874370
685160
273298
841437
42002
916902
660829
937624
645593
286499
460325
833190
718696
62879
48914
758060
586482
286685
178673
549485
329999
829971
433045
745854
213073
126211
225647
668736
694761
142335
455392
174760
199825
440697
67571
524745
743917
983906
931739
882779
49332
212404
177565
49633
477317
680493
667431
330316
667604
168435
648163
716664
924215
839402
509585
577853
656444
648949
335709
53142
453082
316187
822724
879138
572948
817988
273199
440470
907404
417576
652291
215505
403746
19281
90105
152411
423958
842743
984757
70134
233765
857144
40688
168598
296655
211105
357586
667612
978802
792410
81443
654302
680883
829032
787386
691574
757860
821991
877957
702905
890071
620005
254536
903771
417862
293584
108997
354770
761150
580466
10900
580720
589178
695587
403025
877505
547891
674794
159314
783879
662717
395912
592759
240237
504437
813830
471244
280683
352973
946337
400342
364105
890448
62347
558237
710254
895066
848426
153783
921905
82382
158972
510065
231900
930484
80600
978122
10807
816369
306643
7380
204039
495911
607674
253953
354490
414568
1085
291405
400641
936376
974879
109738
520169
387613
122074
615850
428991
835809
770241
203194
16871
267795
363564
611663
440573
492099
975819
132752
841848
310387
324933
844434
476148
696905
544790
414490
770584
113138
274244
698948
248356
525269
99652
786148
36358
177573
913457
533161
836184
988098
441965
784608
903910
576499
282307
917334
810541
745689
231102
568114
10719
384457
902141
298663
990031
45167
737101
709832
451534
585852
850041
654571
365464
681407
68869
485912
351143
211020
350227
22457
188075
712486
258185
482177
98709
732224
567663
898081
282301
638246
850642
576182
144793
668805
204672
974319
306460
338902
127796
326062
552217
224990
847401
608727
713702
836462
42052
469502
855438
775091
488295
574712
757739
391803
554046
899139
81684
369717
856088
517680
727328
609596
128434
915407
229300
444423
766474
863191
766390
275318
822169
20047
400681
435370
768078
617411
969889
609418
505408
735492
723335
382347
832892
295772
542989
931184
418142
1799
452676
882924
793426
443164
491125
315564
890230
195764
126056
9179
546243
77410
466416
794717
89217
196972
601300
31547
247090
457529
189214
298898
106135
7469
75718
151218
112010
576973
931168
534914
983542
342063
636301
939304
875589
442218
716439
634373
494628
219809
461814
833979
383225
222517
322237
263679
566199
94045
807035
19990
912629
14089
566716
332645
57296
785618
671218
109941
104281
419909
829311
872814
190605
763987
907108
1076
3065
552677
718629
760561
519128
737511
696675
195347
864956
260504
313166
182116
416885
934993
28342
695167
158644
33666
141472
503218
61071
132270
918841
70448
87232
60303
542074
282412
63764
477796
622407
614819
904357
863317
472231
62828
219217
709681
450096
638909
940646
626184
736547
862645
290182
95973
402048
411974
534160
413814
135767
885773
506539
293166
736183
256850
563044
888582
652296
552497
730597
655283
680030
556597
188505
495764
937184
121168
183715
284518
152147
287286
489045
330518
815976
14783
533004
470665
608758
563178
557688
236185
953395
83612
829919
277826
410437
333652
110204
720228
738548
652703
752772
424873
571505
601080
336693
433314
38563
515948
694371
229011
968884
721049
79114
584553
691300
836560
710700
453432
382995
213114
434863
898822
543612
702593
840106
419990
988627
518712
421686
919588
691427
472905
118932
125805
680558
236376
59253
634327
310028
186073
259741
421610
846453
674115
669782
258619
149671
977829
164182
39043
841113
37427
93684
479367
603179
622639
635689
538565
602928
781240
96876
540069
189418
108954
53940
755803
458588
540932
140097
460222
418115
912108
28240
181114
468184
550991
444578
288735
435293
39416
413024
179248
298118
907712
104621
921225
794813
521799
912550
807369
8721
19852
429897
571235
613568
512936
574972
369138
847835
320613
810517
12109
350160
161901
316217
22778
468816
331912
943970
629128
445148
812618
746240
605285
200836
814050
363373
687966
159165
926592
429973
283557
102687
956207
4079
158654
553159
481425
809032
298781
543469
402256
333451
230547
922154
979990
735704
730666
862702
414316
210850
561594
201003
632402
958667
406278
411388
412780
230261
81864
799395
678489
877741
413083
330644
761575
594945
443309
541709
16832
496755
424063
781406
494642
727174
214290
530925
744205
22738
282432
634524
71505
334077
797292
728511
117242
953328
636174
284845
893322
765252
555706
79115
847088
270165
409391
819606
712491
427452
435901
430732
490414
664363
470353
879491
951165
219416
767545
166703
66790
380675
484495
825815
955911
942574
986399
934295
276619
781188
693239
864312
592798
903424
300745
827918
387220
335918
77928
515895
767445
187159
298620
276916
449507
820506
300999
185587
728629
771535
740504
921248
341800
487492
109034
959669
559151
732677
650808
387931
582906
613380
593003
536862
151998
986898
940276
376869
230720
955256
805521
223141
11487
390725
703935
912858
301385
783928
7175
292081
427560
849496
521765
966519
466418
29304
76484
648652
924722
261381
592966
760410
821092
664117
247946
757122
62262
938341
345709
571302
480203
892410
956568
537303
744821
79773
292474
104008
651206
275659
480890
71453
258975
35232
379375
922795
296130
347507
534354
571284
20111
886340
548809
413105
953619
918830
972159
600607
150468
882726
98665
217593
884802
628087
700185
355405
470267
34779
244735
759429
383446
344642
710855
896660
855126
133573
866071
266074
739491
72333
19945
775479
91839
353313
201316
465143
880702
612730
180255
48277
699251
386454
476253
526618
13651
570471
627969
306728
209421
913225
355726
633723
847201
849621
474217
450382
144927
654994
872347
507924
425075
772450
663928
101659
544156
585016
500684
541246
501863
456287
156536
480435
650263
949385
703628
33776
217906
42007
962457
443463
121185
38875
257549
105318
355227
871115
681053
428850
183615
244688
468345
375731
260529
296229
219604
166362
411632
401986
749759
43159
426080
807474
473238
91535
878030
672270
671910
343018
690807
7478
349886
154657
404902
19732
732604
802278
62043
554854
115639
816200
373577
469634
973443
356529
468014
91744
547549
741592
801643
120606
126086
434978
548998
124052
642491
123299
865574
69971
737487
870361
306266
85095
87430
760140
675132
997273
59638
884390
882886
993844
175792
449257
12355
316181
510797
801996
445767
713243
931577
461817
210741
320893
19990
501279
716292
784980
628497
108555
699843
909416
834761
796010
357733
164028
543575
827851
526240
317638
574334
550707
294033
190406
351629
124598
312391
360713
33452
66656
931170
83732
894316
232452
343805
240009
70144
299353
253135
510482
576930
484091
350431
424202
92252
514976
493806
960571
285243
927090
4477
547807
914057
94928
790904
478424
264959
290512
75993
409543
493841
736481
384455
822
794653
790490
416290
359869
222781
50958
450148
664948
24355
930383
224624
398524
819004
607767
979285
160755
153829
305220
764245
681056
877064
981435
570968
778695
744939
842592
450297
567222
621158
149066
904317
2032
818903
203823
645750
638856
332064
490323
738625
826319
271956
866378
795874
571754
868302
839019
561462
938744
56929
327052
126351
793095
853456
483478
407783
69908
573078
861138
465656
812790
324932
346072
494913
231478
582485
272915
524503
279171
6052
339698
97325
663946
938979
820033
183988
203538
151744
948972
343820
269998
843983
27243
428061
757553
30509
760278
452540
80196
418132
207407
730905
860950
750753
357661
514150
999590
565219
359221
932135
724198
331190
925429
342787
364906
592377
322033
902240
570192
351957
263503
631918
907961
679500
192649
605645
419388
690809
816756
738596
72849
211707
926182
167243
990619
316541
744065
531007
572812
594500
85161
927833
859402
28627
304344
555474
180067
20871
528476
741282
948949
574585
773175
968486
251779
349455
229057
447525
137898
922442
156974
754184
661513
351857
848536
382834
917849
397237
696923
965458
324538
296062
219443
570137
997841
123514
262046
563955
3869
96272
236472
802285
442420
443916
189228
286631
366095
349028
323951
886374
87626
885525
562040
10356
684333
169610
482040
820906
746027
812103
301098
242177
575927
484043
726611
445464
327739
191251
5439
964602
447127
336618
105091
205336
468842
868485
293713
237815
85951
751334
992810
554353
607678
609392
571984
588992
77008
694809
979059
436395
366438
612107
540296
554231
654097
166920
774350
609029
321562
769595
502014
312134
478475
831576
173544
239499
289414
278940
526683
828319
520397
154244
668467
799244
185155
496368
431380
760705
984842
463925
485809
583045
818726
412352
67617
661182
101852
484315
445135
377650
970820
562266
126085
371615
818560
124260
145455
731974
22917
189068
161639
763263
94590
152575
757698
601362
493630
442947
167101
17581
903506
212792
752416
975273
76128
831458
97253
845762
192649
505366
546350
698576
921218
366234
903565
914893
898633
217538
451307
19112
908980
61430
580523
744302
397079
550036
628221
648759
467223
165495
877856
560542
462365
620876
55634
56237
428118
396234
603186
600493
131800
502782
292283
329420
604940
96320
65684
417110
207751
791811
822472
904261
516549
716721
698829
489838
552570
90004
249273
587828
89831
676851
182089
239108
156276
494348
489008
345899
204113
784950
550291
409330
483736
785754
726881
861481
597574
840903
123070
977919
541509
967858
11667
972060
399427
210540
830511
372164
796875
571750
762427
412980
868739
36495
907422
784363
174598
668496
538903
204181
136429
279567
478445
906147
106205
942240
689825
317916
587077
199591
2617
462013
317767
68346
921943
233763
788395
732341
894197
341386
807614
764992
701600
44330
837121
51660
450643
771858
199799
61459
600578
890874
745219
62062
942100
553430
515681
391022
409248
439962
472235
765419
946914
490992
181294
854425
399858
183633
359531
111847
234691
956076
214501
371745
593036
288767
425964
827456
495783
400379
24067
364996
745887
479007
317147
42846
539972
348995
972859
14731
345990
594249
852085
718144
507577
237163
736196
538492
790736
174435
739342
144810
836934
209211
260048
20768
266076
968575
558968
103338
940371
503959
137353
397034
25423
927743
437993
705879
251460
897221
826738
169943
669551
770576
935138
331679
143820
724770
808864
76887
96309
794419
389267
419412
709643
801996
272998
738018
955976
114553
962291
224647
518037
875442
75741
616602
864085
779623
557218
483958
679972
8269
384809
816621
447135
334413
708087
303386
242315
296770
43910
187278
228860
296209
739493
585328
587897
626697
381282
813787
606331
11185
722926
271977
496215
773273
941548
782514
533511
474310
245914
378458
484855
182263
252408
437718
196511
529213
412553
588505
846752
921315
285085
911169
705993
371461
897484
157893
583970
197319
809600
35532
120982
914475
659865
330667
478221
368360
188703
32334
370092
805625
589078
367807
953583
950927
808967
366153
955567
263157
921064
842417
307390
573445
79679
4247
913522
181120
339739
934604
86324
186544
292484
932519
10771
407239
282019
600839
771665
574580
987881
830595
102021
834067
519663
145299
50006
673789
135705
497167
876650
333304
861424
421216
860102
188222
544954
722220
210646
532680
163823
92207
431424
672813
828634
385142
501531
377985
775796
232046
121170
116372
173938
20744
681610
295118
776420
788630
27651
193249
862817
442689
538483
372092
88840
626815
75150
903515
277268
619605
284768
25443
950738
532672
870182
164420
371610
577777
375780
692233
907080
821177
139847
576001
553650
376079
270589
191233
125685
317436
303840
541111
826529
704098
309026
600061
929318
761518
510283
65343
939932
608238
739600
208301
617834
647944
280333
745197
839451
42401
601622
678487
618787
529944
340649
870732
823303
338969
463799
697669
443388
779701
262051
126670
45810
94472
927174
748472
720348
891274
935907
725563
259926
887997
128387
617982
684705
188325
869313
824373
595485
524620
204663
538144
660594
967790
307810
383362
716596
109242
842841
675960
115241
763840
975849
770258
5557
249269
868388
366710
33595
981195
155918
499357
746557
340854
323019
293208
972531
915181
479936
518216
285874
762585
874980
413549
770676
358631
911654
422006
229791
86931
473758
213308
264131
824134
123975
600022
673756
758115
375197
942040
608317
414381
774164
407817
999305
64727
314496
382062
957472
640356
847209
673442
544944
487842
874769
263892
553826
700203
219705
706935
719295
670168
913849
86490
811410
994736
644631
662340
297386
555208
797238
102517
958191
345642
755473
778974
432642
18219
9130
607594
584917
763056
276631
881460
904062
14256
703799
557463
980121
355484
352505
92993
55271
463278
51810
93629
591222
548789
8089
286117
897645
174299
260915
776957
793482
711536
506682
642660
210160
284643
436005
321887
871380
417209
77424
411210
318520
79218
158111
958126
436030
500112
511111
915527
190837
968158
91884
121246
813352
59187
319763
625276
536212
953502
962739
984611
242795
876180
345345
267701
661463
808929
304253
683223
792099
130540
149962
9275
970911
116085
630818
875813
496722
106982
891175
331427
945655
260833
361930
268254
791697
952380
710450
304866
835441
716795
82021
73088
983649
319117
812084
687203
192682
447782
922537
724979
243299
751489
915620
596824
680182
765771
845249
326476
827065
464781
352160
957977
580268
991831
890881
764939
41591
490343
272662
974730
599936
62748
65665
264879
61085
888691
83382
15868
651013
395289
421828
485199
909661
249614
611116
521286
667231
302435
758626
502959
42206
167392
493364
116216
446906
54261
971902
286628
868226
531696
93952
432934
275131
620015
679114
816107
235851
326247
362432
712034
235375
448610
168475
19710
272885
836127
971615
588378
381275
152445
934309
912761
494187
170935
800018
868020
631303
840278
82388
569750
813784
977460
383736
873704
959227
775580
67100
196000
116341
362896
403090
229293
574590
980744
461267
145292
354959
649088
245475
937164
739540
751749
403004
392823
198437
288721
710925
395689
996743
286113
708361
233154
9985
72500
79179
64984
364086
973997
569204
206231
148288
383611
162973
663373
158512
959077
243254
947286
770571
243442
197631
142094
927875
365058
951948
722481
485586
312925
513229
920179
878889
95118
105005
132019
415128
641792
369021
455658
998331
647645
988110
554104
755940
351126
333384
134035
289381
233009
500853
645610
365613
80862
455472
472094
213619
982397
860800
158752
229847
457091
322423
840122
253197
998995
424649
897643
615303
208474
52323
547203
359151
481862
92158
137883
912106
157702
17650
632434
401153
498068
263282
364411
371389
404711
122946
610048
69121
139873
478934
727572
932803
864664
472331
761549
206427
504198
220909
755656
611010
11525
374054
658319
737131
958017
907705
475220
448385
121430
88360
330802
460305
376703
115788
333442
297144
162181
201050
277134
718935
120529
622157
221974
129856
82510
759589
430400
577678
99699
721083
208755
137775
551032
531936
16434
632917
893518
644667
679086
478282
365620
984377
621521
426905
97602
992151
146868
685378
830424
183006
207763
437468
172583
547698
640782
889133
350125
817870
217972
65325
981440
675395
287396
41948
356076
560912
128701
808467
215748
702152
332548
86859
613431
157367
811978
794851
95867
861651
896450
727016
589529
221203
246017
100728
272407
777404
596904
82159
864666
225448
463158
431202
21476
652083
201491
219345
665437
83593
153127
242940
81305
272359
168993
939719
928429
81795
205058
67624
250420
906713
283196
96309
980239
860837
773447
335066
165483
417250
509244
566486
927863
112106
298155
508238
727267
638368
285338
462687
44534
135680
715781
665427
249925
446777
720376
363747
985838
327703
655128
362448
672875
823242
130665
114573
944706
19985
803609
611959
280633
857529
506275
804546
911400
185527
405629
863329
706334
291268
250112
654664
857650
642303
846612
762351
510439
827673
623264
867208
110008
508593
352170
501296
846554
738103
192769
143196
400086
16992
521161
112791
630653
395006
842404
885354
839725
457343
397496
265326
583914
516872
619542
714870
718103
350365
209476
294198
463990
651896
985238
820837
961121
934559
206750
88152
368034
990156
274004
668529
973272
772429
411110
26525
310732
153747
204176
715384
235706
711425
765192
326967
4438
162076
3593
582794
998551
860048
108785
970130
281639
888465
8423
769884
89269
694593
892821
175459
487531
239584
143656
227738
718378
199457
642309
96734
996209
569879
95800
780224
122038
18059
357881
362196
219657
352138
156513
188539
260467
559341
982186
967037
778566
374620
176944
218006
974434
534973
528768
40610
816251
975587
296083
282443
66736
957773
964249
142641
10223
879319
945051
830596
570080
476293
358639
561291
635119
424065
587226
330125
45775
204275
367110
927221
401023
757905
987291
102704
321495
387499
978662
704862
410477
782920
703049
94628
361045
638635
526885
498792
827963
177572
734598
784462
801047
31493
991696
259053
943368
571682
100358
891704
60212
282277
686691
771293
585430
333846
117114
848737
786857
189583
204089
328929
507895
415658
150566
331523
921083
317064
312995
248629
366679
529317
927353
317291
601358
158450
422058
762738
712481
24743
342796
48992
623540
969866
56056
73244
146919
337448
640405
787872
921596
199800
326489
252867
363025
400590
150038
744221
754007
330259
964749
644682
993757
581745
857074
91074
943557
315403
58016
688246
242893
240046
696465
771326
995567
470129
988663
897274
819292
161678
144682
995164
799167
887200
91807
953317
905489
36084
549582
599987
527555
187851
272618
980112
729610
421346
237844
139064
498949
812089
845781
598678
899744
222442
404694
942632
854688
361483
146255
70690
308128
824558
891342
191386
43580
514490
113580
354797
786033
433765
877686
550338
849497
833865
735181
766947
637139
927666
602943
524132
220786
90842
350626
647111
817500
39878
179138
962467
766999
881993
697442
806235
458453
917825
516840
136403
842902
824287
288452
900001
34466
416849
901040
147221
196469
291361
448629
139002
773434
840335
568919
629484
686713
984389
960722
340921
282660
265762
121162
954394
403672
398333
941168
900474
733076
573472
209752
623463
624392
757829
683995
648737
173370
477656
986305
83157
306647
857603
223522
87519
917180
145312
303743
733669
205123
82595
935471
474743
802719
536559
248709
950586
773082
48238
715110
563454
848616
52019
536174
890218
682185
421374
232842
639071
347293
565514
986222
708526
963026
647325
569731
326679
457078
328807
957799
96079
748873
925073
113189
149146
361709
236151
35655
686373
890267
439825
400728
875659
901719
905866
911711
409748
270707
255881
824475
921055
771924
260481
787079
797645
939676
373847
888334
111841
376845
155332
317639
511559
162369
839071
961457
927826
338887
621993
11722
265529
783729
73859
460012
755697
63891
189679
19041
796332
253687
394593
642585
272751
955592
355642
720518
15752
344904
251925
199956
596508
384223
769087
245253
421676
382066
781519
832729
889330
215901
174553
215076
238620
582757
207578
703259
662987
578494
836039
968121
96147
384203
246896
668147
479297
985587
179864
894033
937367
73837
65172
594160
824143
571842
893675
990587
377101
428719
350709
712263
276666
561281
742196
22330
80187
905102
448897
122648
78414
907302
948631
675994
895384
273641
441534
450457
37669
714064
268886
238927
730179
533403
191201
444854
282790
654777
685875
908
621124
627031
482841
321804
819860
346926
952252
849567
448591
374489
495811
515863
747718
813106
102959
935503
46858
815142
646629
362096
110752
550903
771320
419293
180272
212521
269890
866421
435282
398787
73452
977808
356910
914463
741770
991762
244543
232188
655674
419599
663419
135039
528352
543059
842957
556895
339322
805045
250819
684582
90869
34897
370618
878429
233047
984022
620684
459464
934141
104835
700733
557748
922575
730200
237927
854184
119565
193391
377190
125056
569174
368260
951705
377776
109091
399852
449076
750394
29260
766214
735951
692098
108692
343210
897673
611096
350363
2128
20794
843106
822839
793272
896088
602757
669793
298059
413534
24018
37962
305588
743559
315699
779812
279009
815066
294570
424764
129485
261423
432970
597905
375542
187934
72092
958216
276757
532783
100976
55775
170634
775096
539818
870790
589818
470987
848959
733196
60991
596231
506015
447361
241129
220453
8433
897744
705774
871855
522391
606459
371338
445139
98757
208018
85208
874988
716370
767718
917803
610730
503680
609212
532543
300535
724440
937483
315822
70511
813527
71290
716545
579984
418264
450511
261772
912038
654427
92536
944190
33121
778385
453516
426838
989606
723102
355652
414053
647656
196632
838594
325803
448224
321445
564894
81925
318973
834469
798163
8353
200868
151880
209986
739640
196255
306926
812830
47119
958421
850051
922782
577416
57401
87375
285060
234096
996675
615802
840801
829098
954193
905548
643361
213847
108368
820824
319068
232599
729203
198906
328909
379296
493007
48339
431712
283486
448374
464371
720224
43977
601274
412410
384026
865784
970792
399145
252343
957643
198841
275263
106278
882747
919541
816099
236276
654917
671326
891635
901164
219803
424788
652517
78496
106797
401681
499946
900668
870372
181535
601033
600300
860991
883946
667333
297384
284526
903425
692572
277333
623516
288444
265957
188733
736098
205625
411100
382661
579967
604103
909777
523027
115363
121201
237672
231994
441580
425997
7975
118170
892644
456152
815492
215311
568351
523776
263452
270968
898195
674353
315897
387814
259095
31870
789723
665737
467631
698394
715980
199917
587915
942180
996000
966248
174238
475254
560867
935225
729669
483590
297042
869003
373045
608696
941636
737499
950980
499762
39463
925914
854620
222615
4514
65246
568680
181358
490751
516920
359721
787113
976046
547695
257981
563255
785884
614971
394155
715269
885999
910528
927361
250711
208532
835331
559912
669151
790626
898918
413380
457798
851457
436146
335740
823951
407811
260996
338511
251579
562021
844304
113114
314298
276813
354091
455622
507596
720080
313864
552973
961845
951345
667521
259106
235847
906651
340302
307113
722759
161184
704597
281309
735853
741645
494678
203445
218629
253139
813995
341003
834272
775779
27437
146973
370041
10143
90077
204222
796269
473967
388898
161420
793859
532629
628338
900068
94846
649244
70042
613368
8779
785849
579312
505346
502764
497543
431052
347359
753681
421466
598619
502783
633999
769709
732925
971182
222937
597586
387365
802317
942052
437397
798499
511934
668721
422147
447704
56168
625488
639204
444427
819305
590856
644476
386618
26803
451869
248908
364173
249154
770602
828033
375703
450815
670321
327042
716110
511798
63559
801337
172403
118462
230832
365195
712967
687069
247349
364905
372728
579380
290954
36337
713182
992156
877142
258047
535265
668287
76131
626162
136632
412073
282843
945480
510870
23554
625798
349877
322475
680902
848433
113897
687023
118131
410170
982826
564708
332738
1617
567119
443117
82641
37184
46680
416433
111786
120055
89095
426918
57843
641049
107232
968733
609168
694307
342585
57801
340188
927971
83588
825297
670534
538818
17922
782331
258729
986936
235228
667991
997512
66793
171516
604212
534417
447086
104522
546070
320023
119822
726578
275205
522858
872196
434137
527659
388520
347541
494638
807183
689435
20387
460044
170602
386440
160354
838450
182122
150354
672928
292351
259999
147502
964269
804951
666150
173998
236293
318548
685790
570336
854240
910353
268858
979156
504654
695971
404610
771156
485409
359163
785564
167922
169062
506339
553440
475098
149238
561713
106500
280372
596526
860962
46761
453002
51368
119487
786565
71001
427582
474629
299308
510031
602402
484261
838958
979622
238588
382780
336104
913252
835714
108062
699026
450743
167909
489169
179806
991290
750525
961787
641392
149324
992355
126541
208669
348157
374969
297181
718892
845465
375236
713197
63033
316257
641163
687440
639405
361018
575326
72109
203951
524422
640043
760643
353832
158902
36121
635611
634768
47149
868925
319270
466805
166341
145043
645711
496313
342599
950361
750756
729989
222308
720158
373068
238361
304463
341518
495384
365485
720007
204037
773051
117726
777198
511478
541723
126435
938947
948336
712261
486912
207002
967253
754427
5737
782713
338858
500193
349058
667400
181044
823166
422218
923058
219408
145900
219118
841693
83832
256142
305360
14999
354564
443844
390992
968926
578291
802411
360362
735356
200057
328338
371132
17550
97504
382063
682520
453695
972584
639509
824342
570124
588295
948950
17055
387265
416423
91642
313516
247419
169105
762344
747765
157197
484394
72981
623847
182943
847155
486694
575934
888677
740059
979137
739186
796857
994568
285242
173694
438137
753693
774417
182590
578434
207956
310997
560994
455653
815440
347693
820874
625266
152284
540859
231189
759516
915948
795348
399646
248073
511891
917754
231410
119904
880326
719411
928788
141101
30918
718674
281277
899436
358501
966874
638930
554598
965620
541941
41420
431870
178820
161780
798434
692121
143188
830394
9910
692678
655298
915225
665151
4620
187627
437552
18500
657178
858068
168330
357659
753078
682963
615765
206753
890987
845791
538077
288543
804534
879884
648950
431498
688360
946427
706155
628924
564904
369286
783823
851957
31096
872933
812575
616348
847298
574072
924718
145361
350678
380703
488534
300328
736247
102449
398085
732895
95037
837495
10779
480526
525973
459150
630714
149298
675463
822750
512337
119961
632349
763198
424959
920635
319447
59555
359099
384952
345067
961934
174026
536405
301700
925941
78649
546371
993414
100747
719854
578646
910661
894466
680307
423204
770330
923348
886856
774069
812001
607835
903455
847987
316956
427516
805168
152281
748979
99142
856454
245182
365090
470267
462315
571311
225851
440026
85612
414452
878396
528463
497418
147438
194745
809445
318341
659436
242511
699054
105623
96322
598798
727977
83011
476372
989271
485906
799594
111566
919214
744879
828169
39354
124349
612199
418916
569983
745801
101739
835204
513294
855449
544859
640800
988842
420673
595853
551437
897588
497906
708923
847113
871333
519081
977034
698486
38955
823010
70739
734034
455190
547021
34886
346448
477277
16482
95839
723778
535647
167998
321096
693698
710151
539670
822558
552461
398486
776213
261817
753589
31225
35347
668963
67074
375106
165664
344292
329664
335313
730718
345615
74437
282406
785267
837666
696387
490181
220116
631931
105353
337017
182967
603825
542135
73029
248024
276900
373122
455458
587968
39219
684246
52649
918855
295489
362382
7073
665077
155171
256847
732103
952215
54220
178613
899470
321928
552886
128004
662161
628138
591880
469017
600653
11349
684021
510876
348134
367775
826133
47780
374342
540656
762106
977116
492605
139055
386447
709935
691165
906741
517783
206067
254564
632461
4077
553816
358523
682133
122036
260395
646775
866188
397772
595177
336161
208270
352481
380452
782571
351718
500466
419481
594797
999613
48242
832469
794842
485419
938328
947310
45929
724171
707988
704928
377827
690261
200373
339277
795879
829251
547567
969247
251457
670713
172330
536587
931698
578995
456415
403905
476950
689694
552316
760653
863811
657916
325758
331642
91697
681071
145681
224497
68103
588911
116256
780470
572693
765212
885991
256967
971439
808124
413101
577656
998444
303289
356715
671863
442822
294501
11710
320423
726455
359669
852064
30780
486028
397986
3031
901191
987628
460778
19379
260410
381785
12752
266319
172612
737449
35604
851773
776777
604330
302367
56417
419291
99458
505053
901329
983921
962081
223278
207498
577217
965267
673582
490968
695571
715441
706669
739310
378079
673441
130857
978704
966032
341993
861927
627214
865352
77303
242045
758010
789449
243161
856759
469917
671510
519789
985914
696508
851843
108561
388707
959420
245416
31730
268187
371240
175823
359255
825462
851932
505682
573950
449994
112026
546774
349218
524762
856485
94702
210439
147288
700890
929408
966801
878075
825198
442709
130518
705499
349945
120641
456215
643527
120615
859968
296825
355675
408095
979028
455138
850897
238050
244920
324001
898547
625496
914686
416374
465236
881864
731192
73384
649166
832305
853411
484112
374011
969035
833583
1382
177417
41284
3996
178317
673384
980736
461085
1430
260879
561139
422065
501725
13672
339538
410712
625315
233178
406386
345888
231541
528601
844095
1728
102910
770357
175739
268112
320220
955546
197427
180733
886222
279595
301746
47811
357356
929950
466536
245525
245934
588124
607701
871809
214843
95072
180533
821366
699818
248493
445340
454757
669752
556428
465856
382776
901731
712446
144810
400723
969135
341701
678143
91036
208176
4945
416547
924789
143844
179004
201727
426585
487664
824643
643622
869750
621151
601569
136232
249707
372714
948136
295079
342709
943558
95824
791511
363050
893822
222040
8248
623436
627933
594658
467222
172795
654652
761378
785751
940856
248796
292686
745444
723233
792817
164160
110786
236415
136205
107699
293938
990429
367816
713870
299493
883463
517781
984639
68094
729833
357138
360484
836181
839236
963303
795444
514274
617763
219781
379659
212592
876703
764284
634953
221246
871719
744923
912857
339863
513800
543842
330805
25640
472192
563351
245955
819279
121187
589113
942202
139368
396029
455361
145321
594478
946966
880118
466229
822389
697896
703863
727378
54912
456703
663670
516546
323427
532339
256292
106583
202371
780309
781061
134476
356030
53759
245992
917580
729308
676675
709258
721052
638955
391776
343086
54758
395971
503566
339038
134222
216296
748742
465632
183773
455949
825825
895012
221483
144860
743248
476149
491613
527584
580797
759937
634305
74782
196729
626018
469804
777000
378314
637891
210171
843207
143338
985318
188308
20129
778162
701034
906171
801499
796991
748936
387820
506581
342907
291309
769182
508098
658800
231100
644383
366127
387444
268422
394918
442148
684572
895475
628330
897060
720493
512287
857304
520316
41909
577204
898020
35315
35209
177004
934896
198523
897790
365137
195036
90828
729222
460315
717560
997894
518113
443442
509964
387040
937327
138508
936419
822990
933456
94424
931388
463689
721151
176873
598715
541465
646427
284436
424418
163438
274119
675197
697863
141654
779676
860549
237940
995439
889099
677177
732962
375189
194470
264403
404766
362367
602593
733429
20812
943241
148343
2663
316381
281060
998096
573040
666899
475570
933509
885008
643355
569447
925686
89607
623451
228640
788237
959295
190930
148645
212684
736822
829241
844812
789520
176839
604908
948824
379139
660224
627542
573536
942455
558626
686102
895775
716030
671535
702133
295257
844492
599460
61314
268108
526493
318722
648805
356770
43029
398042
470424
424723
35226
535062
49499
623105
3166
122938
358458
278860
182524
455109
188953
194046
487249
283094
240962
451483
218383
921317
934219
528590
210010
32948
179545
556123
979914
408670
932493
276146
871704
553687
666198
687666
360046
332823
57142
649535
45789
342425
631026
487520
468206
609179
633738
299308
334357
174122
832561
84498
129581
673294
939943
630166
44436
847877
988373
296990
620360
204739
254871
194630
174293
885404
472323
420683
360681
294924
859696
663816
318445
991905
373876
531046
36743
509851
393092
252877
613142
585134
860930
89293
511768
219662
549880
315322
203872
315318
683229
169172
79330
901736
806743
864343
142705
96535
428455
623104
90783
622281
993726
23272
277612
636782
347578
361721
796942
513575
783437
529773
555141
646989
227397
340672
716234
3323
53989
716683
941640
545485
869910
61930
475977
581300
9365
20363
937563
330526
598799
523436
290767
985499
324664
845840
222432
109803
916130
188560
731611
754010
676011
11480
108310
133170
678018
181670
67085
5952
224537
345644
840757
804725
193459
691380
774271
332183
535393
426259
773311
988852
619009
310508
133254
687025
805618
945411
873765
840680
276138
399393
753867
532138
168767
867433
683333
782971
393057
305649
802525
969705
410701
346822
690413
204082
796463
648619
912881
2945
75648
941885
560330
584636
965428
999466
88562
601239
921612
137249
99511
633740
23290
684029
548617
860974
353745
90190
837495
684797
888443
953831
60070
312200
673542
384941
110651
200360
113777
835793
419145
906083
675008
57508
110608
587764
414698
594291
413101
249852
296354
505450
627139
947222
29818
279864
243800
315672
174094
974757
752499
885311
937297
670398
77329
790329
330289
686118
460820
167674
585234
908921
231782
193442
899274
296174
336004
955266
462336
674607
738014
706786
634363
888500
933684
159426
271627
276008
461588
339731
896481
305998
672834
849147
715030
37916
476688
743153
766291
267680
274096
729756
874254
69627
893163
441888
5364
422453
285382
266055
758715
310786
381818
761882
441587
994427
710946
43240
246279
911194
26128
998694
912079
773825
11978
853369
749602
119917
533999
449469
447274
663561
125335
89425
964624
549961
877539
292383
682290
991535
400342
683555
186826
515007
520110
919209
750286
859604
908687
683530
645442
156048
871119
520523
377934
442838
891387
961174
613919
720693
952152
383876
321014
635035
114651
187273
214819
68731
465608
971721
297766
496608
850074
39217
96394
492911
176595
303322
847581
84995
658579
867179
793267
762371
954000
347446
162414
838293
224602
107123
194496
608020
816617
931054
989893
920342
496938
925621
313485
242664
359423
220854
478928
804955
476459
173504
440566
848036
223328
596441
895188
598109
195045
175200
653826
667175
744303
842875
610832
682403
453501
712087
514817
838591
983299
598744
788553
428264
94611
78694
43285
673192
878786
836799
604917
365820
233504
901361
827750
688090
559870
886194
339365
945796
279269
895904
413924
40203
22713
547730
32087
359874
699706
780438
233701
818753
260742
935076
88743
108056
268122
323065
299960
288604
663542
183878
796328
868836
823734
757156
254885
409869
966786
46980
935974
511867
815487
366805
129439
64532
427912
826224
632769
556671
704168
646025
95953
822139
938224
886274
605515
857493
371049
679997
912455
347349
811653
777439
21968
419020
394300
295015
414644
350038
38613
111764
38832
412446
374934
17205
965923
471037
925950
799545
920506
278290
34644
628326
344033
532433
150529
838320
272331
720133
893548
3515
14011
401246
703578
180715
678173
128422
785905
450482
291329
779630
609629
58822
366672
800479
773919
29125
767370
106984
826139
508467
53575
175425
13425
911857
938836
777131
669408
469318
913674
364577
737731
1281
10414
552920
119829
833013
141764
893860
772109
735782
609325
441453
570498
97475
365952
975658
834284
603696
827825
218635
921002
277246
172395
921845
833354
4079
108306
778744
639617
794554
876545
352350
3081
220201
380771
847415
898091
83617
878411
702947
464321
95629
687612
954290
549317
244480
735630
546960
675080
724100
642649
237090
595151
553603
291954
799050
168033
924660
662720
395239
535665
372144
450607
809354
371946
990115
60567
5318
970029
782751
564535
836992
901521
548663
475187
937852
75509
786461
755678
792175
796250
227574
156817
623328
597688
354702
435763
657627
864290
249578
268857
773530
810849
618632
997281
33110
529816
588655
228670
238448
870164
354218
335024
576357
25609
220522
32688
542960
502318
873418
437974
894604
849032
360108
297039
975162
801355
795484
221649
689047
158455
732045
817416
691749
620816
770316
688580
308443
894294
474001
526759
106642
896854
224300
833360
159061
155334
589920
729118
567614
580857
173841
84789
570696
193243
956405
564066
723414
987575
865495
551010
179789
47082
573755
224747
104405
707610
45020
432658
851963
98212
513427
471976
580401
677259
811494
911563
697722
442086
276902
52565
107028
221169
586174
989293
618536
73878
696053
877244
619244
391478
573980
39670
279358
615908
898164
994779
113951
893273
202440
527731
238431
48595
577723
475424
431795
295738
399377
322886
415714
429545
661684
168911
385215
435275
743813
596340
830178
292044
820466
137203
12314
363487
698314
601316
834411
130575
567831
212202
573500
2307
938171
927144
193183
839573
703272
773412
438219
608322
128525
306883
636259
24931
447994
687581
424026
333465
361788
556642
19380
352520
548591
263540
761687
569815
67592
802505
466522
469481
734476
165568
252023
864751
509988
363137
918142
155221
971081
419958
458214
226614
809266
26077
730968
918707
393109
434550
618517
549326
249374
348768
570840
364921
993370
320479
179045
217756
111027
851450
551771
781062
453797
641808
728281
977747
727553
621147
648807
967568
18869
4506
176392
556153
549563
312561
282487
50670
803241
584049
72772
522190
496176
454220
798554
227528
107998
628498
551906
498981
855639
614851
527115
985816
856887
749406
734544
176572
849466
987415
714619
702383
611807
76135
208665
388283
128980
448122
249027
994587
371527
897864
477985
908725
444536
764721
478276
397609
953331
528986
94222
580265
929696
615018
103527
151554
604756
775649
681899
168877
537571
885565
978927
232206
87649
641671
146982
866685
384261
200427
502060
621000
804589
762197
145891
773012
516154
21674
739995
741719
447398
601531
948195
511283
307786
601074
575055
935891
829974
234490
350531
673226
477668
539475
504952
394912
966228
556800
327143
719098
95096
661500
744148
103589
194573
959085
58192
867485
191716
742174
891481
792734
56134
438598
416764
453210
588960
183361
831104
59763
449830
685076
920640
63615
597447
886534
397407
534901
649512
158290
587969
506723
839088
493577
142165
589496
23210
706942
662508
296190
673561
977243
229497
237406
882822
726745
248097
595508
725824
830388
6219
133440
600614
404833
315209
856262
54469
402796
285960
506669
777519
663368
122139
38452
91059
594520
681035
874894
338501
7425
49595
137174
962424
696473
365913
140601
137964
323790
241683
264422
654785
637762
347412
683448
905847
632094
984373
274879
18121
922857
543785
999630
944949
372139
484186
749155
573186
135436
557350
361409
780827
742455
772040
555468
803574
511447
305004
154878
469568
620681
174524
249082
8388
548619
817073
975361
631037
32399
676179
452115
810030
362197
983652
860651
890208
229417
322971
604016
558212
359210
605825
695383
363808
312502
942797
305815
954080
187856
731974
467546
312435
995794
504038
321873
545908
863709
270585
163638
305085
328910
394098
273303
576188
36867
581394
259185
992862
310255
709321
948821
503332
165291
729227
312659
553636
751342
70993
140994
708312
332474
284191
364011
115405
955317
547173
693181
743088
783138
86605
940481
435086
559614
724526
776251
893568
961292
348494
459661
380951
391900
265703
137907
807072
769095
191172
899583
165168
682718
417973
332571
330687
627824
705086
592227
494776
117598
333408
60554
368457
949168
58023
743280
633521
563825
624046
784486
767610
146670
426632
732932
189807
76713
553836
67756
341530
924213
668061
464714
300262
402075
981629
947713
705188
934068
857009
709965
335942
989511
503458
818419
756108
312682
22646
288318
641768
395348
179641
880255
483222
226798
974308
316552
45781
522857
97576
226500
456626
5810
230202
442980
491548
622036
869015
567436
672577
523147
841769
53683
412480
363889
268794
227586
567715
472381
633051
927996
482650
928719
867816
136330
507892
788003
945582
399586
386700
289610
463605
415036
6137
846499
505149
566728
106468
868749
772932
863954
683826
798376
370270
597540
299507
99823
235223
438881
779852
611695
281564
470936
83533
641265
721336
327774
297630
357779
970274
594782
234698
536209
911122
906620
470703
924084
689706
291981
50002
158402
776097
658726
790270
263043
636911
939271
135463
329282
617527
182599
514962
510663
719887
330561
547587
968146
504458
36886
942352
204247
692594
807161
163187
80623
917988
321292
168305
414142
101980
976227
218575
97478
410020
408310
473854
845524
130477
595595
161492
798095
213074
177930
19663
182538
315931
125299
761714
862439
713383
577480
754819
223529
699618
16914
945543
605512
133311
511315
371609
891800
271549
548821
160940
456171
214032
302287
309199
563412
567098
244858
932671
518631
104632
546331
633600
173653
745465
296881
46639
275154
127039
831330
523430
217400
537240
926671
800430
764980
26222
40927
611966
822491
384629
251115
119283
800293
45060
493468
731230
405186
580711
573451
354735
881200
392363
996779
511675
492083
31428
441203
329945
206623
856234
908375
150701
638224
706812
616426
467693
401219
54187
254004
41714
962156
874287
790948
514771
345234
393344
516251
566752
729309
425108
146100
544874
324916
699501
786369
801134
11196
332851
405679
235689
952147
137959
621565
404970
43548
304676
554127
436883
859069
295854
288098
778222
100996
451108
550420
594301
455617
446446
636642
492925
955755
921700
693237
962858
357934
852199
880568
290956
713165
721500
314249
825168
691358
266511
857481
905558
963486
503032
814832
576683
307672
276835
339529
734517
79575
721118
2897
905704
320606
474876
221200
435079
352645
991701
735562
542207
833143
861
170887
751353
673422
373225
196676
980811
4270
171171
619129
754855
271197
456251
409913
236951
554354
459458
4503
532457
641044
548729
437294
715809
835598
607454
425010
338596
287679
244239
840519
18661
95972
714830
814452
659738
974982
928073
237304
608261
945278
306512
691318
24439
157301
838332
630005
358730
96171
809711
303311
405074
39739
434334
892346
701357
787077
844297
594678
105723
59181
167175
865834
338991
763829
968417
180337
371269
313491
863622
923756
199179
438233
107537
86486
129977
807679
535362
15902
180875
117549
775222
95618
67609
921797
17861
380549
410189
10747
317027
487709
178047
193248
485572
241865
853404
974161
150720
304782
606605
757047
216291
217501
382676
980214
545793
347958
713260
825301
160376
187307
141562
620515
100953
12575
67840
781558
794693
482339
570680
193620
544059
563102
256295
4633
874530
553028
95959
813380
8550
906744
14262
704409
985815
207081
382676
445929
142498
119751
487699
461529
912659
446074
873437
461100
117118
459434
448572
70158
79837
616448
204315
110366
333365
812461
708039
452380
616880
720420
17732
395625
912970
819408
825686
946148
945486
995071
453489
357855
847962
888463
190364
102625
472483
824997
748741
89023
54676
575733
262972
53561
91184
932998
934667
107738
147513
672867
27465
381136
378561
628740
39812
547539
705142
178541
168165
237574
963851
343398
920626
981221
316666
391135
288811
613199
412389
652035
5070
306635
432717
491094
371229
628519
269379
975474
236972
796543
547841
278875
402272
789200
651721
471469
699620
24283
461974
237116
299776
900853
808373
865649
504524
65108
264184
345562
87993
85102
106661
382353
121178
451765
965439
105902
746760
84010
597003
800226
687598
862311
570765
136696
279014
129802
152499
531790
619724
615914
368523
326958
572256
611676
998379
467592
770955
347504
984179
357822
649500
195917
549406
867039
624776
123321
406412
361793
764952
167190
840114
549903
533092
723292
847782
714657
303485
82429
10942
95085
71060
334000
663270
669874
392037
219043
503130
245034
303184
755716
818673
746144
414424
726171
731983
160303
469906
402851
818267
708238
610797
719493
691578
497259
716651
924429
133134
152935
354061
73608
889302
595821
622897
72222
458826
462291
182725
962910
651796
122101
686780
132435
336248
114511
574543
694063
994792
293384
851041
689918
33807
286747
41111
468424
458584
595267
656969
52606
989964
852504
356999
487251
795393
508628
309881
937080
40682
708105
308695
220528
293630
902569
804698
442400
743967
170418
858318
759053
145928
923223
822155
758622
958700
936603
781256
757521
66870
519180
957660
491149
990071
293417
438802
622822
454882
673913
924523
556777
572635
185082
144423
895448
763921
641981
127424
68293
624349
866839
769247
544576
376372
642192
430629
274026
595720
398979
653969
303240
882086
665151
486449
902792
94987
314682
319229
894739
368439
166621
885830
264893
791245
667931
43343
779785
713353
983295
218004
960054
447244
68258
353545
620031
516038
816615
709337
548735
714605
322910
446491
903390
806858
708176
954012
584936
353606
455046
362480
659858
58977
760466
226067
712427
850472
735501
927632
34557
873257
604856
21568
275354
679719
944010
455110
757399
297184
80350
177845
417317
792174
646997
691200
76129
980332
537519
591515
277745
795751
752282
473791
618344
835878
696513
702047
19167
676364
922652
417660
765438
531082
485881
38209
447024
7531
152496
397711
95200
916101
448579
964353
292043
87326
524512
40874
507658
955584
412542
178905
959387
907222
655326
539297
366822
565049
363192
686144
300196
400580
622763
449673
54460
768199
981641
402655
1860
518313
412679
498269
22425
688365
702633
777506
923977
108310
125095
552507
357589
366536
482032
551851
64852
610616
754100
194058
286055
347809
770847
585988
149339
125379
617073
893333
209275
257426
811511
360476
550128
147707
588575
690779
555043
334475
123290
297976
287783
177558
306007
148411
876831
226748
457461
785163
595572
660860
771076
473891
881235
877094
803032
305557
723114
414237
598772
535113
965839
968320
115631
773375
218930
460967
460620
417100
425301
698543
40524
751587
293105
35010
552017
729995
449599
929944
377255
426572
385861
415582
255430
988318
755079
298734
830656
751050
124276
445368
235734
678891
668065
220532
568207
298873
964476
178241
126831
383197
53838
767991
885426
104993
257395
741921
297871
825999
868350
872045
341070
324996
624612
95261
876471
375392
239801
929802
719610
963441
912829
989548
906304
425342
774876
211704
359142
904465
923865
919986
173392
96469
753334
466282
335817
948859
710199
154295
489875
922505
677287
2026
686555
91568
171876
720767
308989
645424
235867
331658
522378
779397
781822
519311
29781
728393
523812
434023
828264
640943
785497
980357
231620
623310
123000
824221
207028
984496
958535
759927
833105
743192
572647
179594
368398
677413
475249
610059
957769
7265
987850
7880
647914
369171
818597
570191
488040
30961
856527
223638
822445
393325
883742
618298
635745
182648
265904
693392
655914
893630
720813
125012
620393
680768
732100
726447
104159
766465
29044
657424
640409
139549
406633
787790
437724
755920
635438
873098
335502
893140
189072
101613
243949
313331
752100
313716
995135
163661
94955
156710
360615
296561
745183
337450
82744
189502
544726
308306
152376
316410
550408
133877
451219
303315
270079
690216
428851
157500
747409
947749
862766
588268
364638
292550
420839
717260
982792
77178
403920
630741
638935
560709
828921
532692
672463
339325
452164
498442
401220
283691
37575
692755
189958
370887
568314
731618
673198
679572
536979
981356
696905
325557
904501
939185
823433
312241
814928
148658
405124
543861
474605
211479
222666
926303
246939
775238
100959
136892
117362
202859
477917
664608
378885
22340
389790
161483
701192
989449
340395
609624
768450
907804
406771
765827
357725
387321
821866
821539
464090
666434
31500
127930
226438
361207
732018
320752
250165
258599
664500
316375
210971
567843
795025
453312
361088
458125
155203
262801
130204
541625
537548
242358
182759
102169
461173
619243
843716
603114
920174
178528
89720
395245
74547
831907
357312
363879
302300
669571
10150
550702
939225
731412
546908
646092
54268
424543
505104
877811
72905
424728
336610
600485
59811
260232
128975
616468
838927
9682
765868
505295
29391
536377
716564
841731
103532
709611
872741
375835
396827
153247
26052
48556
106737
746135
909092
675267
552361
411798
582777
29603
527124
937131
18108
6338
675103
440831
872888
479378
918231
868152
233259
630548
826127
527327
856439
851877
514540
241239
862307
694957
28181
407891
682071
254947
224324
781454
981049
287468
72777
232032
137004
44855
869128
14796
317830
272899
217900
723797
638569
538446
643163
821763
553726
992779
662935
74893
107398
381300
918865
177097
906775
242476
595014
252210
1087
284591
307935
200360
337785
983131
851459
661220
51340
93468
879414
936878
152628
627175
394529
616331
316254
719293
939348
530123
445152
838914
253285
501020
526169
93793
478152
371487
653419
753984
158806
246407
287241
791277
761352
309644
143888
170658
342177
625276
518923
998225
880119
662212
304471
385368
232908
485022
547568
675978
305281
951006
355589
348609
784370
721042
90030
815364
775466
812867
749856
320613
989193
40300
792549
735907
801621
559762
462932
255863
44138
856313
141482
67586
413388
840115
976457
208939
77164
630756
642304
971097
147119
274301
436848
33615
213597
309558
852003
4153
97122
400187
601203
507596
272378
39394
896115
738268
784880
978227
167291
388017
791846
367193
821678
184001
60595
846170
109154
601057
262360
334900
439411
511600
130968
760120
86115
866165
450293
274321
965608
217598
246474
553063
709197
458065
20379
457776
808741
803486
192188
216897
984676
203545
204945
249240
370034
240011
319191
108066
269794
8444
843102
767737
573941
809125
468852
593714
4892
111152
109687
647858
962858
645887
189088
197172
793419
6222
384598
978053
942338
649369
101625
751892
269022
737849
955443
81996
544073
103521
263494
644314
565357
957029
814502
63417
560333
582900
395317
83260
624464
594994
662920
37700
124830
538278
802738
264947
709886
351248
16887
270694
744209
356698
523971
500043
875298
953189
289560
56993
769515
532881
80085
517341
594670
258284
185024
795071
687973
282578
458275
628030
377935
263063
867725
942775
838635
302098
886890
197095
364928
96247
931402
325501
918112
736366
840091
125611
894446
214253
348657
370288
991004
977975
507905
154963
769426
233516
845056
971370
713170
197804
118651
10300
507936
548010
460972
130218
945509
282386
959936
401716
754885
289239
474593
938846
386497
275843
25699
634973
327366
913259
966135
41659
459508
377902
916955
367022
99421
979152
15325
342380
196543
697738
408599
319371
862577
840203
660115
171289
896458
160826
223702
110370
943548
489074
671722
402111
645744
993007
520178
235531
969821
317443
522340
278396
951028
187477
613231
160799
60675
683754
362041
43790
282009
656738
663487
423982
681908
341168
4835
932323
254416
194455
676078
577129
664546
567439
672218
815773
847537
979126
447711
775357
389313
967377
51015
179730
524812
192006
371963
111176
77785
460335
243599
872181
582918
497574
852707
666297
571959
336213
652963
856249
124898
693260
376443
561641
93297
510996
461830
230382
13189
701960
749392
922256
615449
786348
117011
945348
848266
875114
353678
544327
415205
228512
817412
903306
683517
625434
975382
586668
888363
431378
951875
134244
347845
525382
645568
580332
71157
381080
649445
681003
596956
358017
565041
203634
817470
531428
216468
228065
596659
535359
101148
546193
215998
881383
585198
327382
334634
623318
665771
219827
616062
91060
424322
725814
85988
526259
302437
227247
456382
289878
154196
965474
535512
717992
630425
459200
728122
69819
728289
820932
587548
777730
246263
149495
612570
171687
970594
741869
66059
30861
228430
534654
224491
203523
225557
209026
273739
157272
562921
887824
167208
558370
911441
656964
417036
437622
218912
960666
558809
130348
422068
1085
959587
934920
307883
218966
420598
690378
703786
750008
564880
558991
411173
331131
115335
842179
708872
307100
368945
123496
995834
529372
549259
486683
898294
817305
221105
100490
85536
282343
28081
76293
799216
497233
654944
269825
344157
46035
834523
304528
658516
1287
122483
464142
939128
987431
189663
827755
231413
712593
845977
287891
171840
396504
421169
221174
530219
575082
454517
272137
856535
32678
619556
428572
528244
796467
927317
550443
20022
669733
962949
366605
970828
736589
191353
630876
344391
744739
162997
205973
493230
275282
541301
190952
766559
771158
777492
812029
31888
580281
532067
406997
340816
703193
262286
529586
750656
14764
332385
379839
252074
953263
851526
592136
995005
752281
981610
379430
882991
744283
603261
481859
447794
320484
893745
442801
894811
144092
84450
902056
114443
673183
393023
963722
311950
559444
421366
828075
902770
638048
383668
103033
203387
766193
666575
785827
351607
140162
59051
827595
402334
544027
333112
740881
810893
158148
90386
181847
615612
901473
97771
741187
740433
881392
748453
17234
40491
398281
144075
360192
782819
520174
715872
366042
791196
729266
154137
661553
908247
542473
847127
414071
866984
422850
422150
871641
420628
317473
954735
167611
565830
78920
926542
679058
862373
529611
471050
374279
603580
573288
438236
968037
962858
471698
411364
838590
44527
508999
747333
841390
535381
711811
509400
718463
234115
964411
25793
848896
120663
415670
453685
217869
523851
228118
253169
907189
666356
51322
219555
433018
978783
886615
44128
171055
823663
90110
49320
616035
129686
10396
966235
942680
446840
842777
653244
340571
132710
68499
274544
742781
685460
925618
117084
2464
877918
909032
696829
71472
234013
623940
658232
434101
860679
640944
228826
686957
798907
252529
81761
740589
60589
832426
601225
604660
668487
553116
396075
106332
732757
450665
999328
126689
234698
709506
508790
640330
633186
224024
225814
929290
40468
548409
784158
922944
530624
509628
343251
192865
750041
550599
685454
984493
60784
907680
6387
399451
238420
404224
854032
179222
216935
809827
285556
35398
507517
768097
178819
557454
446612
816468
882186
296173
984237
613110
66610
918129
55244
735447
594252
496227
609475
707469
189486
76209
642636
67992
432503
103012
251819
726391
827668
62743
5315
12111
428606
59489
613703
305729
890197
333819
322184
613630
164253
274824
703786
153076
673689
832111
74830
217903
534118
809182
256205
310521
20929
185936
43069
909861
290783
902930
840706
573142
268934
231094
841618
597538
104993
316299
647803
982393
285196
795451
484486
975667
531727
654657
961291
94696
81362
767449
625200
402900
608661
894818
27154
321931
361272
584899
932399
824501
279408
255502
956739
346972
446140
894694
50791
15397
438442
22273
202234
548474
605617
11873
260280
279306
326296
797342
419350
400262
171697
352027
813471
154968
205500
772301
104905
424418
235244
23044
219656
568650
625686
239521
182543
389432
108555
911312
911227
704664
349963
263041
134436
952662
593396
55421
969443
385966
223504
841574
369444
625870
291985
968241
272759
471115
137152
38402
258381
698702
945325
259688
952845
814887
700853
854796
452160
424844
74172
9166
106873
393931
236046
196347
783203
254931
728370
800724
106735
624217
808362
297347
295565
373234
15480
776687
679058
956224
251970
942314
778995
801015
147069
59747
180457
312657
977633
745222
847364
479678
306683
728852
780969
787351
773379
784603
40324
256799
13072
330430
305372
823823
389371
176150
485491
613246
948000
265699
34345
314825
687572
252653
668217
946278
323584
751077
314593
366024
936289
721746
481565
481672
542443
325416
187889
361275
209426
142635
488192
811755
779857
263573
805479
993639
881037
319616
813974
372170
698322
476703
608287
121132
921085
557393
438870
494538
432900
356708
282240
732084
535846
290677
380006
719441
897846
539710
998618
612432
832083
792832
569565
833121
785508
412017
655833
441176
220753
29225
334633
509745
271110
162060
248141
248604
939285
682031
209530
500661
734436
647911
995225
197278
960863
778324
567686
548692
53209
396040
426135
83299
725779
676582
692847
373015
282250
857434
376785
255840
242146
410110
390430
817156
212774
230350
825249
988375
153253
23780
408485
168586
408559
47304
226939
769757
19755
531883
611984
116361
61937
694889
874559
80874
49344
879429
332819
625650
951231
425820
446145
799495
856484
622192
256666
742016
96441
782038
894333
650755
958532
845508
184347
765635
480461
952272
326786
291075
880765
901557
254166
712132
925034
539394
391895
805150
168538
381712
70000
621024
673773
887804
138150
642239
390636
911108
397848
81721
522614
255755
919590
105556
188695
182619
444582
265287
569074
28347
485265
537104
883286
547114
466135
735045
453330
894553
462618
98469
544973
478872
56930
229101
617759
573545
517379
606231
762851
342341
755184
603263
776913
99088
763019
377088
519822
189837
635437
182446
70567
559313
425001
466158
972263
284927
231599
478184
65615
373860
562155
316880
119142
208471
503813
257432
551952
412
273992
896541
730679
375820
164009
60400
230044
727318
311827
311215
681705
523654
332575
314045
271925
548458
376262
852516
794008
172740
666045
926289
892300
672706
503403
40289
656742
142569
913610
345950
983686
200005
384883
776531
660277
233559
780548
328902
862546
349256
892128
211953
299279
741937
480661
174598
703514
864896
912602
984417
502997
23875
854465
109688
515066
34750
313019
142495
467376
375377
996368
866954
590980
756638
303413
881275
628333
604496
791767
399663
664652
859784
790773
697085
101340
295630
924748
816932
938197
404605
608851
352348
419364
147799
442513
439071
191871
603164
199231
824626
380977
471741
212955
693460
74022
300354
217229
917809
267921
490176
459226
573833
899165
166153
366884
168260
511299
771680
266857
427351
125094
198824
67817
921886
759191
690577
353121
454979
934609
314512
214230
19430
518802
570649
711510
572571
530349
860721
422291
193192
564271
292877
180164
449148
545347
784984
461289
895182
522287
723973
90593
858850
587256
932243
746326
889323
812517
762901
416054
384883
400369
858134
608303
539211
701496
927433
505802
463143
213050
340460
42410
264174
369330
570370
652664
290865
670296
69473
431532
149466
766578
876060
511815
553529
511555
480620
294939
71320
760453
564476
856374
525921
619769
946230
790318
198369
503579
511809
768376
49920
708265
600335
284670
134355
661461
349582
112146
909049
6214
87738
95910
377549
517576
230843
710416
692976
666517
707306
536120
879419
140189
782590
26524
224862
707059
696956
558426
273311
280857
294125
156865
184611
279160
248400
31303
862274
213810
648186
683622
809289
56752
383462
293918
850407
458500
870931
7458
456593
338551
246522
157503
158950
473187
976225
696762
916959
963254
94215
57393
992203
677223
778706
41366
883952
56422
351863
860513
968144
115785
879756
27521
175727
410305
988665
947580
535426
9270
974570
655473
789962
223664
172592
588210
457063
356476
154099
147349
784331
692918
886480
756585
147819
185728
299894
819860
853900
868977
763246
490242
384843
815363
47541
797853
465214
88497
496976
421109
319942
116841
454249
751374
425602
710639
738412
6533
125710
879797
990686
179863
762469
250624
117014
105324
475430
689021
798335
749788
264124
818544
270692
553067
159116
324952
429817
135021
967052
863509
934
192866
678304
743489
212193
614517
577628
775290
5575
488811
318673
688065
270131
655659
675500
197300
34079
735828
470260
693982
355745
853109
543456
609051
479753
866387
766805
910212
394202
418502
408993
974640
611653
591514
250253
436944
983095
360479
566967
589582
224669
92737
575114
790112
825277
583495
42757
468616
791488
286111
465743
879678
169128
645927
226179
495953
185618
243435
300343
102967
568951
140354
737022
937317
15323
127368
250853
451563
805531
854639
864004
521449
631370
659221
498986
555665
137427
149415
247731
480334
106826
298834
309198
522786
947081
892578
170257
553300
864634
888975
118661
764513
932674
548373
546374
828060
514374
547816
297283
840468
947966
62763
588032
357430
174161
702370
867937
646911
460542
307798
20470
382837
109377
555229
701447
741702
152070
524731
509657
351205
161604
297716
378607
225487
239487
979258
558718
743643
519994
272489
650142
773700
739254
819639
564676
468007
807506
894952
97773
171213
854183
214025
482155
320339
402488
231964
341062
105711
445566
369403
365458
463625
652943
5868
327530
580823
264925
907622
41273
558781
239960
646806
320582
504053
275748
626502
892779
390502
651645
842165
835792
924037
729665
23585
403269
374668
474109
442939
163655
462761
134840
631578
281260
610943
489299
165003
621481
255808
447692
21666
266174
548755
545823
475085
234075
428651
293305
618568
648996
627740
729476
931597
867649
723934
815836
996087
905469
55615
463555
600267
709597
257847
559519
939678
944741
561008
889615
629302
817904
418247
448016
570388
397274
453832
110086
639522
627543
709616
452124
82080
648932
710
275234
126774
975500
472188
878471
383568
859779
13359
330001
440470
986882
31797
937381
375588
271036
963788
396491
996968
458649
811381
479384
392478
374122
545162
183438
558623
249377
921784
142027
774222
132129
292362
134767
412330
950818
716863
63217
98094
233636
581048
581645
118227
925686
80250
579541
366324
541283
65261
463561
436114
423011
252499
583942
659961
964290
383929
792844
505299
824537
771664
319725
326247
551785
472471
365104
998136
560054
42823
508879
570331
577516
972929
659184
649727
315206
87899
866621
386063
845493
990798
448360
518764
495372
805101
106283
937186
898082
994692
653836
707262
9033
816447
218161
811771
430623
470940
392973
751876
53055
313374
511528
980864
440178
794007
56194
654081
264266
310561
155147
731101
794677
139922
584510
689124
21377
930771
141269
503030
489061
36974
574444
800915
168564
567245
12745
679190
623580
288031
820792
724241
342864
310314
257109
598510
493050
740312
89780
959402
452436
428968
308245
120413
799407
284143
537613
837495
367116
942414
866247
154383
847488
360466
957553
969453
73672
523792
722170
735908
523549
402648
194569
750206
586361
709632
969333
446764
385869
128780
665723
318628
946631
562936
19348
334822
947749
246026
961838
265803
98221
702461
503364
802148
445136
117041
749356
220919
793245
231139
947872
622877
446406
682008
650071
21899
253781
280074
36375
952169
763356
347230
219065
510231
614293
876846
990792
243469
727953
271813
135285
640568
184950
377885
65302
733089
664965
764952
308426
762229
314596
317702
941578
546687
373212
899854
753816
57240
198833
159068
496879
201236
160649
123784
518734
53148
494428
883866
719896
146823
233461
359474
182426
639240
294469
160460
96395
689189
613137
53199
173429
119635
75537
277324
513683
829114
238987
542704
95564
24573
150013
323156
216455
656632
244734
533473
303199
456107
397042
701484
517264
333566
625479
408983
338464
287397
308202
288818
784441
126751
75943
565730
102246
801652
777189
957008
851418
956289
743783
928346
65063
749137
341067
413101
832921
536017
264528
498189
210645
87454
811910
311407
452084
119823
774178
777604
762053
548353
846885
107403
645154
594314
610972
817249
765221
734373
620700
367710
268049
949349
390045
3458
920349
75914
726423
908824
586409
999734
61530
684611
130839
388333
871265
938265
197189
756791
694888
140519
867141
602143
460701
698422
594577
518674
682667
789916
984291
131068
504027
608748
899972
368927
127848
610434
252380
439352
745879
217405
479737
991726
874031
737135
362083
592968
199116
442146
574869
441267
313158
67668
379424
749769
692229
787859
350168
818740
68939
341123
924525
495728
799899
186738
568876
294193
40270
743595
261115
876350
318029
471012
241273
485712
685791
475859
256733
457023
341815
111789
51233
903269
40411
477254
658648
69923
371523
590474
279523
407152
840652
857074
194386
719758
212406
338621
75383
185503
590122
736037
93066
891692
102410
681430
730649
238892
331689
919791
249941
318834
102364
232908
312588
272837
551336
263999
196946
598929
8719
104940
683874
333905
352200
663947
307405
599940
159615
230306
322228
767006
613239
987158
583527
594100
486695
993735
444111
813290
326024
300980
670594
32296
567821
760172
18778
101121
639991
628244
618183
896236
488476
236127
356168
430294
333751
234834
897796
52733
74034
737243
64487
648003
702893
690570
922329
924102
49828
360649
631974
426095
457803
848892
71552
865610
22841
486307
613834
838760
867718
161331
828788
73976
10605
955082
671194
376459
530483
588899
68356
52321
412830
30704
538139
540644
955211
651399
663875
488705
45903
780488
50497
164912
307561
342944
268776
826833
589488
44324
467254
266244
692958
648891
299558
932022
306157
28332
657013
767908
928684
219445
903105
808549
388720
457958
272995
862436
493240
826098
523199
711910
281076
706353
989399
706248
599505
672853
472605
777018
672981
317243
539346
869751
71318
8549
852355
626495
374915
621694
976368
858897
867370
210592
605501
436893
705086
650754
584025
18692
371662
444044
783068
438610
4167
975365
192010
386866
947461
682243
890935
171049
973096
859151
293200
811753
764918
150878
449991
286357
658345
730371
684182
178375
309467
858611
196263
874001
485534
958827
118414
114437
422283
452225
84962
702477
950249
493759
511321
786192
551966
796002
163352
114343
697814
267607
402238
858071
838315
565655
458325
622549
982119
762405
665044
965995
319359
952995
669304
422795
908133
696302
894517
780267
567426
252865
682115
223942
189750
202957
186077
149847
996370
275889
981808
444222
165768
616371
129680
54113
686127
297157
549424
896730
830948
27082
916014
892013
915861
512515
282438
584270
757298
695289
233686
328779
869985
54566
112420
105491
445020
395474
851885
899656
383206
687389
185691
969914
179334
404481
108746
144472
441487
129709
794183
206113
999544
371380
621327
429603
788790
257021
880348
601921
137558
380275
192219
81499
923601
817899
457189
84786
490986
788968
196457
43233
908651
136219
944418
387131
465483
151074
359877
14302
51710
634025
215142
469975
326952
267900
929162
479078
458112
618373
854299
955350
545912
405237
387382
573806
641167
424612
125798
46795
117136
145492
194963
474005
350786
53761
593977
569722
409330
557026
75195
486048
306014
333955
105091
520742
333804
307717
791887
3006
981341
204553
702199
299069
129921
639577
651351
493245
795438
940569
266558
624902
671897
223922
320872
347308
432371
753743
268887
612669
985490
962682
936789
527552
333755
103263
41085
22655
951298
390585
570963
139754
700703
449238
647758
654307
420209
470963
284990
620550
478911
238004
275437
386722
240510
716044
610299
92239
265446
286678
505977
500081
929294
683877
569580
704717
449095
646731
246074
599439
547683
327068
997844
608317
636077
976060
92614
133524
818561
485516
890109
300735
602986
105150
60387
349733
637478
184185
306268
774426
133125
680805
116976
471847
768887
31605
334364
8026
449644
967686
540176
80573
801255
867755
25495
600076
51920
365773
711035
286662
191457
853862
23700
159561
157957
243649
967989
860312
316239
82413
536455
562554
579543
95721
53029
933785
767756
521553
243676
35101
461460
138461
86867
336475
744641
824678
205482
881184
292005
208125
875763
840759
641390
10355
830619
964026
308609
215467
4759
847731
455505
104993
39501
804743
698157
110637
908091
558342
950832
726532
765581
968584
294627
221032
60339
807480
131062
932362
414490
26080
896477
483650
89605
520736
255187
841321
960297
956032
343114
108775
25562
570779
279505
672449
537536
490536
934480
962553
521195
25842
31231
509019
158239
355510
72620
798004
720485
33372
192710
952835
91504
995038
924930
244831
599188
267322
43138
393780
44503
881128
374446
912897
909026
605796
952404
149292
484310
527047
61343
792973
736337
100493
90043
475197
858363
790409
123471
3384
353888
247229
339373
814346
865378
400067
176879
323835
634531
633763
879350
208025
451820
606067
268138
963339
68964
739345
86940
774471
398900
938005
927923
517933
771749
35466
99553
165913
895589
183820
59860
109930
478455
233516
997312
626843
488497
574876
420212
771987
95728
144192
111441
176399
813352
480180
562677
942687
413816
902263
569073
138739
634503
884323
797216
90167
351968
661457
458814
801198
994707
700916
706804
68625
115124
878835
602916
914217
338749
796681
298364
672733
330007
750600
857048
371107
664082
554565
561591
521148
725688
235086
620391
729234
730488
305485
268240
161651
269872
135887
137750
639985
223935
65482
323960
658084
376593
602921
761906
928354
789831
600198
913484
883783
128602
645517
181337
870615
663859
18663
131206
649561
540639
262125
365349
873426
811173
267890
208525
102392
847466
478071
211499
942625
489575
206343
9447
801701
43557
82028
919604
539829
140831
18488
655012
946279
138707
504498
201513
789817
715445
644173
715169
592518
614007
690805
429819
460515
64827
769166
897090
297455
469308
306464
940113
316025
609753
760365
834522
530472
130575
607029
381287
805071
606892
324959
151786
932102
955826
857369
94159
417484
889568
729881
650121
978651
685828
671155
523370
620380
626343
503493
341933
214947
705056
541557
857315
432045
354314
508512
363920
188610
367845
586519
900960
771446
441907
800289
849633
337813
6137
81347
208117
533828
32641
801872
70625
457604
25179
324872
99037
571196
283427
643598
171146
554433
399806
25686
976796
538407
7157
718223
321779
497842
521918
670378
697943
754543
964959
320631
670175
984116
262333
7587
261799
887836
949206
11430
322336
659097
872473
559592
88424
156993
705692
859717
121041
915123
362711
140188
180741
428738
279862
772632
406988
741327
814752
328334
264635
457675
47409
542926
865111
422037
82712
708111
517044
925131
270481
153228
953144
133202
345812
252740
499385
472367
501361
361172
540769
275815
21853
153187
54989
570804
633152
54528
658759
38221
125544
192049
237540
278371
175446
655448
150872
364275
103787
371218
97618
298974
630347
49388
642414
716910
276336
79884
436777
790380
131919
679664
710375
888224
699100
737530
913522
204045
578582
678161
72066
443095
748060
871521
779313
705161
221174
621209
891364
479579
904996
370794
833623
681043
585674
650756
888675
49111
383646
335291
409197
802975
917982
219120
782655
788328
84485
488835
254169
187298
841181
121215
500841
930965
497180
347929
767550
524965
998029
36871
541767
767422
530110
590792
668654
968483
518587
263020
798917
411336
214674
651313
129042
105750
993111
905821
982648
756338
729591
596080
613562
887804
771070
597135
42522
245952
386109
414657
670331
516999
365473
448553
857847
156929
46623
402898
218071
988806
264290
736661
898767
789861
675641
522802
701997
894465
930069
611421
543333
408815
251790
259847
170941
517704
199688
257717
625642
497957
470468
657103
818084
903937
380290
303640
830560
62618
560546
836226
33840
119468
812988
571724
415757
499845
760479
46323
945395
752278
32287
442423
901744
268660
218366
689433
866894
524462
380490
47868
662274
936407
212465
958744
454658
922516
5998
480210
552538
35029
983353
562537
456610
432620
383174
418501
615497
240200
876999
259299
38319
213367
894766
136011
87928
267479
527511
63760
792973
771127
95174
609743
416397
555410
923722
281209
160143
183859
166220
799721
875191
255798
628671
221092
249370
890460
720032
406302
750733
482174
704238
241805
535405
268194
968447
119896
824081
639194
380018
387617
258589
167486
738918
862083
297901
763501
554638
290201
927675
972949
773464
143047
94747
645353
310542
381304
976220
996539
599122
76203
428135
728868
522274
229364
459158
692777
223381
920352
474587
492132
280153
79957
806799
398779
1457
576004
676731
681063
445245
615966
717318
354670
123782
21967
380621
225173
27769
156371
234768
321209
369812
76580
665293
713709
185365
903000
179705
555774
83415
438085
378519
227609
806009
284844
258417
169100
372069
868559
372902
593917
430638
225121
338130
346087
564503
427908
169933
112140
850205
373681
977249
345857
243843
704185
231621
390254
665356
200660
657804
847177
407307
252082
646737
786889
675836
18647
409988
965878
550071
606733
684932
223528
205263
246055
161785
38894
265875
698061
726335
128888
306861
477014
391126
957297
167011
423528
15616
313492
640773
665188
907435
605425
244935
401945
620794
558641
378513
230159
824977
267705
173540
492078
690023
980251
562715
614475
890511
472245
603877
554152
965823
988550
146037
383068
865665
838826
261332
159694
991101
512083
909790
582693
187436
419484
924111
432832
553660
573665
67426
479367
250334
182621
322277
798129
553630
449451
72658
51130
809805
854875
246522
289860
689559
34825
300395
826736
260848
940252
884766
593460
539540
411373
634344
803106
905825
944569
173562
643151
790640
498427
172252
979133
292399
755914
370953
91850
20982
940972
898206
311741
480704
170778
732516
243623
750452
759560
140482
56472
361651
893421
410642
106879
501493
508737
789688
746112
108225
315244
731892
443081
56022
978935
440434
499310
958458
105962
873917
863141
187308
11530
652284
940036
447981
338828
727163
701712
374957
549205
931307
386218
762790
502296
509310
269476
990180
342617
236734
100130
223480
4594
232760
794415
106485
620416
780553
72925
550365
610861
57831
690142
234506
803178
250550
315569
195862
712845
742599
78705
887561
247429
656915
842737
9871
972099
146771
681643
763621
216151
979166
176087
513612
793275
689145
963935
453440
326026
423720
682172
42116
804734
253311
831933
218376
112018
652479
853270
564751
594734
696089
730840
816617
57432
577840
167946
41452
646288
917558
561007
923325
31371
717698
373115
928761
47583
337783
597166
241122
906205
807996
442211
385594
462252
296747
645403
933116
15372
2566
11223
192618
160988
401178
98187
777708
623596
834814
101708
605672
447846
982060
790549
487991
767381
717111
342416
693936
39542
815263
97842
209901
428285
860566
234705
958004
818659
755232
718278
596579
272175
359577
793962
293463
239306
479432
351908
850496
700903
217219
788087
900159
900487
802912
53425
375232
101762
199398
10380
435396
406753
930987
38588
586794
526756
321133
182112
523122
339088
89338
989765
926825
898085
678591
43470
26556
252952
199285
459564
229663
255490
452121
639599
86988
58495
592468
478570
845172
442611
37752
556431
82958
145127
481944
110543
430392
504805
267639
311130
691962
923093
585016
520143
485040
133876
599907
611858
272761
20373
104932
158091
269460
167424
35887
925839
465755
309434
510245
33102
929990
67375
392616
529314
345094
777452
157053
772721
558484
765139
394899
734310
502186
649272
66745
630902
387089
729531
629166
198270
394768
16056
821060
591603
227784
817068
769379
907669
94675
665516
374686
959931
933454
190239
539046
42208
645038
645710
185914
223111
85631
304285
850217
103697
97929
127531
124077
328910
25449
939757
978051
432714
377189
995647
626738
1380
315191
795815
463348
299307
245383
453872
312776
439822
919965
739066
517009
903595
957068
600031
438739
575789
93746
457160
845155
473259
741073
885513
773825
193255
895985
70320
186554
245716
634374
856837
817713
209554
468099
274576
161394
160484
289892
663865
219591
5151
945136
78087
924080
16160
58643
636180
976637
783198
950812
682129
996317
68540
76549
502330
618296
102927
301533
135305
915647
373975
260908
450225
757158
282644
927612
329538
221409
868589
442603
619250
888941
88743
29261
674984
96799
200915
150857
264947
990280
391280
169127
416689
560251
13332
916954
345351
213475
471684
448967
4397
978309
2802
71739
240802
523613
807830
956664
486130
396922
986667
853118
326343
455621
861852
135401
724514
639736
769525
783503
713410
662934
783247
836463
119510
62295
387040
856789
606192
565600
376538
332306
23179
841753
436308
797990
512472
95400
508421
992068
145854
447921
517338
416133
31248
917731
931976
609446
578532
831660
543781
544657
658364
438120
484025
524825
234150
427173
910501
516189
679695
136875
710647
507653
167138
54065
901266
30478
616293
368408
809166
349971
689630
752683
625653
214316
462948
696726
874523
779767
80527
59130
112342
326918
481723
947290
538436
761332
775435
122733
450521
461432
639359
803327
365198
782694
459057
688269
854800
349711
654255
417104
528970
191473
765862
654529
514388
335075
793265
337936
479781
34069
62327
677344
267408
448693
235237
961560
211954
285023
738129
932317
832150
521626
111385
544464
356520
647893
86630
738859
111467
96755
442852
410041
27459
363063
226347
796638
842396
120909
840190
86862
448348
77116
181825
882658
778352
263066
291188
297187
635320
20981
474946
915475
406055
77491
224368
638321
226904
310226
885728
813372
240139
820453
943488
139705
737238
954457
263315
837558
166928
81541
712623
628953
667732
105203
433107
87377
456538
864585
579235
847778
532766
476107
144743
189204
326412
18567
526388
319646
611088
291368
594925
505983
258186
490856
715052
729735
880785
11142
803624
650460
449825
555677
177078
241238
577976
401813
577334
416902
947678
206960
156498
381175
962085
882561
444486
474740
886306
331358
28103
355671
393525
975857
883220
54807
137956
265131
416720
17575
944713
179530
422049
770667
519815
86657
189622
376240
259434
153173
278664
37227
473052
788649
616386
586399
637745
966811
267822
545053
84126
872493
909924
781730
834165
721148
502596
791602
301121
461642
96506
338939
419618
405672
413388
47817
653401
576647
629300
612563
298048
384800
155837
113658
619392
252490
530752
230385
786198
841272
210955
129511
357640
608561
464455
588170
824851
710260
833341
172068
729760
653147
518829
150715
286201
435671
602719
996257
399172
225630
376869
878788
937042
862435
697276
911392
324862
509715
910414
943511
214181
295846
199426
797716
211068
725892
276666
834392
569950
526823
563626
954288
807431
273516
91932
264024
842081
27596
90393
291124
560723
160843
665780
502435
907901
564700
871709
890759
422349
840849
406881
686520
803576
532344
38433
838738
374424
982337
819373
231934
754479
455361
996377
909033
257584
71273
649492
472162
251289
67800
815215
287890
482452
274865
337636
156741
800973
27732
920549
317564
100319
808342
479865
389537
147577
703251
899943
228529
700967
363655
221834
746543
689246
426651
565680
423414
548288
196369
945578
662934
931026
275678
644537
306138
165881
906150
789962
204521
124206
750247
248760
660024
166799
712335
647972
769346
886388
89085
797187
416656
934105
846880
10522
241320
640131
142668
702871
873166
604363
855728
377561
646643
991166
502073
733440
146905
125490
68016
701692
120447
659455
540634
835690
707435
874401
519169
494308
526733
312589
213440
686170
381314
812933
19356
1098
806208
126468
477281
682517
7374
225670
873324
728956
923557
928218
432216
328372
310742
22702
247810
476536
269837
166769
322297
156570
436165
842975
756354
369012
327236
649713
547254
635887
746032
619560
949234
817990
445755
812585
836536
63907
517448
973376
574894
10006
819543
125719
671482
202039
994705
923818
817737
946390
175153
472380
754120
24629
910459
219079
195240
115236
989349
942537
844780
796274
921848
249924
278513
664120
540006
837895
365663
534745
978902
654346
852609
675260
775177
403944
183405
685709
509522
364753
677138
46655
87709
316440
614964
4636
396733
789808
945179
415746
468112
602701
731327
472276
879901
872198
956567
87852
648593
122000
474454
386876
27118
251899
366286
186873
400457
367072
304732
761633
891063
389324
603751
154493
900836
541890
686621
624311
915091
173123
450191
463956
470935
312697
971691
46486
784906
131209
135766
521684
826944
249140
236022
719177
3420
19605
871282
595285
649780
315256
673263
515082
998884
970626
754618
754859
153977
243218
110344
751501
125133
484820
787439
302477
571972
4331
392604
54334
562231
756877
224087
630124
789995
644985
994346
885859
647652
77556
793585
313643
857546
214979
128483
572017
513395
654700
63972
756692
147320
884352
464907
428070
847521
995348
220994
3664
591828
638224
235291
910607
324182
737493
201531
804220
665753
806266
14850
331919
904204
723489
635059
396442
378090
62974
179172
774120
397605
771071
943731
655115
900835
869834
379015
605329
562567
617487
269586
991935
243076
242912
563369
996876
272977
440127
623928
771373
803839
271093
266591
945090
844296
970724
507894
840330
806840
733099
77559
894803
961310
990043
300587
567011
408304
579449
553345
403935
970092
136495
513613
805880
891884
909880
680128
686081
961041
590625
587922
542604
286624
386186
728361
27500
405438
969527
331568
936058
494982
752633
136957
501867
304218
900575
338114
433736
315348
192157
794037
764195
814874
846615
36370
651984
741278
285644
617172
646479
896557
700811
582969
309612
541241
266059
946626
47811
197368
535140
602582
106791
427770
579547
740968
100938
795666
783732
597404
233535
453548
68816
214184
940777
675009
997288
587334
219184
780544
160253
163410
605237
835207
250060
553593
176660
44339
699493
942266
113009
621979
969447
107528
325593
623192
60140
386196
751295
297875
28726
192612
159221
229142
447938
366025
560021
934442
345167
439991
895617
546863
257469
138542
867031
346686
421087
13064
30464
467530
52213
196931
816117
529686
63390
331149
704703
126405
9360
920818
28627
323777
253870
881001
512591
783157
221743
55769
185029
919101
299703
628557
152797
111552
439702
125797
645192
933852
190957
604983
171946
265052
574225
402454
698548
830329
980126
99534
104008
863941
531350
748198
159984
806888
527396
905003
587389
503540
585811
461777
799981
233590
487074
435574
119125
80363
842171
546469
314525
704289
690318
580337
536425
586912
474701
426781
407501
766020
224145
130255
769173
964786
183767
860658
55093
547942
966275
209796
856718
218678
886624
96425
805179
931815
613953
83161
27412
113310
177175
716049
890781
544261
179969
538005
900104
539443
938192
350764
944631
38314
375630
463719
231349
545934
591808
218034
720764
804001
884720
5290
359868
901604
53032
61884
643363
198795
114150
713951
952093
330318
525731
518588
558729
342356
3642
978239
678680
806108
104941
193266
109771
295906
447661
365078
187627
473144
44817
738288
464352
957362
540028
609110
607004
711182
425587
355553
798318
95977
41628
561083
264543
185950
775472
84060
727385
975200
641633
988882
636966
107401
506447
733229
461168
71304
919190
901895
648913
117046
263516
228432
576601
650532
103921
272793
392972
87815
402475
808840
232934
942494
469298
911936
107100
270378
713316
203056
159269
226615
200499
587426
760726
133826
387945
875308
821158
505658
269179
82001
40959
292412
493080
755956
551900
471917
407158
93384
78057
192288
423523
947711
453956
38776
26265
133393
237775
987281
844363
796414
316590
586843
71292
554335
483144
397168
231137
177172
53941
986436
713753
954051
836293
572333
617613
506602
708697
906422
804119
414098
32320
617957
465549
603409
68296
915624
237807
149428
972062
315175
732012
351139
719404
32628
687289
651558
490088
705267
64987
232052
436953
344446
687534
791833
149858
797155
423010
880497
807633
649268
727925
987186
312831
678612
365508
674172
411546
541259
310151
654403
522464
115981
608938
823005
83782
209133
13288
24472
265779
53968
170995
586117
664464
865249
157901
206505
98575
724761
154835
789436
724588
300095
255034
240675
550681
342030
541386
495445
442321
841021
849338
9599
493153
742252
147863
914601
373055
835103
222970
815547
825892
441994
405082
706013
302909
430726
675905
550636
201779
305232
29926
141727
394795
753345
120038
828289
362304
604609
897721
360462
284906
952572
992118
411471
887388
610779
820617
869852
222881
631182
926385
999721
523239
955164
571303
936275
891384
440938
377515
556412
606269
848007
8957
598800
686680
479590
321161
147332
238540
957433
729318
120856
666197
855240
315625
727643
598495
717861
343676
11684
592281
93304
198705
787349
218502
15271
541880
700364
289697
961293
203761
877027
60828
516823
82633
322959
432635
943439
471730
904481
756798
321479
570627
338032
299571
401925
676109
574711
722150
244604
816105
938066
803316
576040
90123
593252
826361
393254
685468
316202
654828
409876
688004
323323
221691
506869
126623
974727
886272
621884
892007
201820
755051
609986
56093
728452
125859
73987
429897
211523
611273
923630
768918
264928
26189
124451
319071
459904
346759
134668
147053
771108
825653
361941
750785
806781
466679
132692
243510
296941
62064
705100
482865
108552
565911
520383
876045
862862
577694
201477
617181
246095
542499
689130
817861
600973
110305
432621
653147
533735
357504
234706
96627
83321
857585
345406
227414
134189
106768
975789
884015
128609
781155
671216
567177
604524
515698
832025
491693
978301
421614
878207
736863
76221
546120
971342
864801
270937
823025
774279
813287
440788
581109
812649
438581
52643
743545
359176
329019
650862
470716
452716
842695
757416
475998
111427
821265
218587
645274
654440
361730
341384
506495
689206
40508
309249
93431
366401
1626
543625
89847
488462
134858
840053
363078
266320
871125
643621
533954
722634
44722
319758
759813
683833
736344
628462
523609
893764
145969
782765
903658
396271
421446
690336
861418
945235
256844
429659
967821
307670
400975
177836
70197
191624
714132
186436
413540
90380
182102
484587
878300
334793
108531
899988
909698
536083
748868
528061
272186
354332
614818
326382
143964
142827
681398
889489
140767
355021
45915
851970
939922
942652
993756
77884
624300
377798
216702
5894
805112
14377
986032
12422
874376
828805
494811
449163
148158
575216
529676
201227
296877
65947
908003
317898
586621
506172
593502
593549
794834
323775
369322
168991
452264
765958
184213
462565
204686
703525
726104
231580
32621
740709
259494
745801
804978
388013
861994
567491
119178
176577
70370
488220
970591
601735
733553
216928
14056
996111
592737
325479
510790
374460
403126
789054
629871
438944
342700
451505
622605
665319
41379
12896
84448
493663
92465
248020
84729
85156
864205
616045
541394
916642
734653
948745
671673
334143
311598
612225
676426
271058
250722
26224
248003
840107
438738
110683
810096
299163
421992
650020
707254
225376
139424
447727
277217
635931
710523
947296
967520
590264
732192
754166
978514
237915
140576
304639
789247
545861
796629
198816
644682
122571
990542
936071
280475
195979
782473
761536
293250
331763
343678
590895
553109
693706
833221
548857
316067
454336
70222
156014
796463
97995
492820
878821
134122
618321
500689
742447
839848
394133
659503
930579
992961
987670
50480
505678
443207
69828
357433
359973
660871
311023
983212
486382
86485
81463
545587
544421
215288
931410
762686
617869
836661
749303
497075
211741
819490
774643
562202
222391
17611
516930
241140
305557
357431
581040
283854
192855
93914
267333
884667
900298
350307
412884
122060
53130
434720
531209
372777
752732
141488
515773
393764
371544
195513
166828
19759
597792
2409
134674
184980
125149
235937
546161
244276
501883
884170
996048
810271
864054
289715
421337
520030
82616
157901
616290
217768
979072
891093
357509
340936
552864
772694
991083
351671
330757
443277
863336
927228
427597
347475
414632
785990
166512
251012
990286
694383
760226
707174
102527
6484
495494
753541
850960
367543
222596
524217
943403
574871
774493
530977
699319
169803
425000
639283
895199
124089
839195
928856
847976
393598
338064
480269
50637
994173
450698
772182
88797
736368
418691
182151
811480
335655
434056
590413
562935
938170
381658
187376
746119
770584
858109
497715
622241
28505
865755
447344
582
661346
433310
128502
931631
937978
95658
753096
720229
880466
374066
658124
160974
300936
808978
512216
657724
418400
241581
548528
676473
666523
329865
307653
736872
100079
259585
251386
288277
278426
968899
683382
754441
548259
144535
774543
241748
587124
283249
404656
827979
323613
816335
666908
53919
507390
189420
571597
317212
796524
939168
169667
46761
711636
440150
877397
547496
280431
818787
315711
558237
631336
584023
273710
920555
353099
513661
20681
549531
819683
90406
40307
936256
900243
970155
863911
273201
124956
577050
818685
832383
803170
948193
247675
554559
495419
197006
996265
120005
115346
49884
692021
475969
712760
218280
625317
168491
97437
852151
211545
464301
458243
611579
655144
180387
167973
6836
525504
669720
907713
374616
320101
586556
305571
876882
422277
170216
859742
338472
339940
753184
744754
15581
5690
171412
455479
25850
597938
747541
680640
297013
970004
322510
934558
723129
378843
339896
37094
365777
611197
762748
627595
25325
58499
545590
989054
257251
425640
602820
664953
867676
276659
152892
333102
725872
506841
399782
753768
612616
679201
104422
201773
400306
3423
571461
594110
976980
691165
656303
792895
928264
811608
518374
117751
196278
656800
687712
266037
611914
777621
416700
214728
596160
456298
427314
669621
286434
365726
590977
235531
685398
496848
350584
573769
422695
970917
301273
195737
128257
222592
54510
308865
670094
650734
682527
329023
326202
108730
706167
507922
308908
122594
129243
961246
978144
271398
807132
177528
338564
897404
503392
626842
970887
77382
417477
676470
983948
362587
537788
227979
864534
555332
391741
501797
328829
284926
579838
825325
885172
980433
568485
993145
758255
306207
48682
439073
27882
790403
449903
331645
85295
293353
717412
133907
562668
507501
944645
299983
272115
58252
968437
118001
81033
140129
214447
732422
702236
834476
521743
215592
484118
722692
250354
705411
676390
191298
323297
323332
987042
703663
151719
733602
411608
971457
250808
316430
808777
313608
581065
700382
520675
199243
616796
519612
235044
500188
888636
634832
547080
511902
110582
510478
808058
345361
586616
385435
389392
782898
551209
79951
891230
363070
883721
138670
505783
518396
331705
625334
683207
118794
799632
161237
555167
825652
742790
665465
237203
170702
28929
430599
363650
307165
996357
592400
932276
153065
555160
662009
402603
187698
588963
102564
485285
940449
551011
57429
460769
448126
870582
496590
960112
630150
381540
370789
926741
662112
413965
23883
296498
883099
489393
719383
420549
314057
128805
647109
723820
561453
225056
198877
282609
987104
422193
127761
891803
478070
720158
201501
711959
197385
612061
973761
760722
442418
673419
548772
181317
37646
780057
695192
317444
496963
376963
35208
200170
462261
690832
299788
299026
650800
975010
802145
939391
120694
799800
528347
80405
772904
397446
779755
769102
550546
601215
556355
800083
764423
508658
923043
352824
282084
179720
270538
741090
59840
792455
577380
993352
675109
716783
454064
793021
811289
750240
532767
696316
282265
384655
827906
235759
835208
534694
225924
967477
768441
486888
324478
117435
854113
732911
933216
981922
834507
842631
758408
833086
122987
488188
452860
818414
97535
63630
568937
705257
207446
282698
17251
504017
782288
540820
931323
260256
657665
631442
14595
264983
24251
241648
513993
249822
629043
341934
323728
2308
391487
669444
874991
232546
650354
530779
53702
394441
894602
709755
41975
540848
554163
678365
703349
797127
694316
518606
175372
887024
133443
361956
14484
86150
164038
827182
163252
71871
160565
958772
838452
670615
801616
744571
61718
223421
962550
69952
89110
163534
34693
404042
246318
268685
831330
308631
905497
827805
551381
204023
403954
758143
618715
526955
37090
419566
957724
32582
228489
91736
463655
38999
687069
49860
297828
117198
542870
704364
949462
379532
971947
153033
399847
694024
75717
979557
640639
336378
830459
656263
588232
809316
13751
729465
422768
768525
138919
984261
689883
721538
624848
783890
200714
743288
143713
47334
75973
612202
167010
384186
837682
885936
141850
198266
943697
736032
563010
782175
656476
127864
962838
297795
559363
182859
112281
140123
685182
200497
206033
508236
284291
131553
753967
995580
564831
257747
356786
66049
272001
448991
208176
888135
909723
973435
611785
102649
875190
563365
622664
639539
187060
257167
491028
33369
997006
350104
293749
55402
575021
735353
472704
305309
343638
316266
54257
778543
1544
628063
646120
679699
786296
688774
652038
88424
508346
799088
964405
160837
361932
422106
115040
145692
551819
721293
821998
411394
195566
508754
458486
66534
604926
696774
42059
97406
889895
763539
653743
902806
494900
260958
179815
509874
23932
380126
730575
446395
244904
590381
498697
817555
747596
168560
303704
884933
37803
31320
490591
262491
918761
966182
670052
244974
714789
423695
810048
483968
508631
525969
357695
373362
460090
418477
592615
542151
656156
706403
887290
771709
988302
970038
88493
137385
372143
459769
243585
99034
260276
105543
943782
17865
590214
296331
951483
291102
605060
454933
181051
66670
840016
536301
325088
613885
381559
689782
796724
788755
811202
133354
386733
465260
616614
165773
130493
804462
250940
948745
636053
887042
729693
410771
695867
993398
525189
564465
544088
48741
228463
187263
218738
729372
721379
596377
508949
450513
302234
991008
807395
449016
69408
320899
570462
778945
882067
560985
470343
339291
296362
987224
875911
551413
891960
416567
766872
229490
687793
623450
27548
540000
992670
11136
424234
892220
681702
212297
303348
17409
496996
610369
269728
512413
828483
478395
517751
103253
934475
236037
754789
636353
604853
107027
680795
617820
510891
853818
183613
648608
63129
485289
150555
438707
233888
347881
469587
131901
89769
907165
914760
510450
725174
435997
128841
244428
434746
853209
687845
566149
196656
218670
968361
671237
867940
120495
606319
903183
908917
738371
32464
69601
809023
312664
69438
62001
135972
465712
391567
739749
462635
674234
564385
282371
944187
374493
275242
900809
829860
543122
169586
793726
789824
11805
437638
981720
220013
327445
202259
172518
955787
990831
349380
762764
327047
227583
779148
518708
825741
956125
868729
876004
766554
553514
125583
823165
556714
384758
804943
789671
328256
171226
677632
469022
914665
275957
529973
820440
755672
695696
461878
774038
114526
797354
649467
714112
286839
368901
967919
575963
439402
446082
926577
297162
679274
700427
202089
287245
634872
482314
146316
715232
356428
487266
764478
255468
569266
898798
240942
867244
384300
516929
381922
504130
700467
353873
319276
310490
162587
178182
208169
17223
537493
655082
666964
488387
220162
283585
380031
279022
462896
126489
448324
858380
732403
640017
352612
282424
631774
29804
110949
81882
130342
821715
144007
597743
114063
379797
673699
255400
554992
959957
491453
716303
903717
542386
802275
575316
526668
272327
659165
143784
704788
266095
479925
982665
859773
939827
443721
578489
85154
67138
139061
473916
550861
414161
535427
921405
874532
777628
929366
893928
368119
376067
742819
706312
465174
709899
287899
302392
366329
427586
157568
612417
205778
569385
997240
912491
530483
469767
215940
858638
794630
344670
447081
485281
242599
608034
946905
424390
574684
525152
683039
663591
299933
40367
835352
981155
579654
4998
944652
971540
442906
139202
339244
519159
538934
427194
110490
938807
167436
495618
75898
598417
676767
562401
658936
527562
529302
22843
958752
916540
546700
627186
141518
56194
826924
305243
548422
891374
453266
127632
882420
574876
290918
264905
234663
712354
309773
484200
148100
707103
337886
350913
382704
571668
667517
846320
241843
198143
134454
93611
308610
676904
80184
418521
26216
528587
446896
977791
713239
211177
296968
376839
369921
772204
477232
639257
782156
456288
559681
905289
378117
373441
404937
784272
815957
858217
740077
604599
267272
601013
978071
778183
563545
269214
641344
179123
236558
260756
230424
661229
329272
259833
148993
556451
54455
340218
734814
580143
354883
180631
522416
701088
208931
168436
298353
142223
538699
62637
722806
527913
357902
189054
285784
11345
516665
997939
678402
334334
741392
356421
268359
866622
886892
126538
725168
961058
243315
667199
637269
1388
501563
37429
153717
719769
828347
687666
91168
67817
277226
763779
705450
779108
197513
838110
926496
574310
933754
743821
178111
943977
476274
48379
246350
80785
580392
940158
459730
973166
688683
741251
746864
721332
398540
380231
771200
495367
176902
878865
676901
674370
111181
696251
935626
330250
959331
963867
487073
157440
459482
708881
691078
581395
54320
222111
630417
561472
307935
257087
550554
776488
277234
947232
405712
676780
796134
204766
775726
62943
579661
399104
717340
673483
962671
504127
177097
493905
82151
958010
673782
794431
554489
284236
768023
619712
617722
745470
993410
710634
37695
535471
59847
909718
120601
21975
477307
135189
630993
939535
782285
773528
798919
625675
973004
830439
845721
748150
641839
48670
305820
734956
664828
295953
795474
410579
36065
76756
384937
319760
362162
430571
725293
214530
461701
507150
234382
819331
894862
876409
667485
177388
901871
411414
871427
458425
918456
366254
101712
611419
171843
56084
116276
158970
94494
949561
153119
780298
218458
29436
890108
476768
303478
197291
324417
34972
500517
675317
936798
647024
102705
141248
346924
761782
882304
932295
864154
694822
218242
55439
934750
165262
847322
127601
341276
311729
671133
494669
796786
790894
757036
160411
75914
332830
463987
668778
553173
289747
660996
40280
939256
492554
298013
127399
762201
96157
588921
286368
631957
462655
269277
333420
482534
940723
820801
397132
28215
861055
70217
327109
504315
166415
519076
348563
631747
957959
593126
743752
582668
356538
856475
624188
342679
945830
963465
264043
492960
401176
744869
996528
29092
94826
307465
759763
861890
831331
47782
48494
549271
760637
775534
846160
778116
618803
350583
640009
476339
217754
745967
60961
757749
806388
254989
129829
679091
590052
279609
54442
182980
108486
269910
652479
951371
474769
806183
913375
407042
604396
215434
993190
923836
165621
764190
430883
722764
920691
915689
335773
178431
261456
148734
370774
367563
923238
354539
614993
991198
656563
848452
436929
981977
634731
572817
865669
623868
178330
377813
442432
242142
974526
647789
210700
184519
558192
786521
73444
129343
148566
575846
764381
836495
916527
914250
82440
766609
152424
226905
633073
585533
485670
200482
213373
184851
73901
929943
78155
493914
194542
401160
428206
623883
826064
710404
137659
196704
889617
452551
845664
927726
130644
278888
357057
808023
233471
976710
829655
318412
883560
5819
371626
978967
535062
722287
105205
944733
815043
318169
429262
181665
776661
512774
678455
109985
808200
294335
693751
230850
1121
287039
558126
601559
788196
745633
276276
889059
434862
112021
314036
27826
716799
253130
322224
414054
948736
245194
706677
787473
989891
171358
895604
652038
495366
458792
933474
210120
235923
190219
698368
851175
645979
970372
266436
497824
575881
4221
314172
148714
138589
89267
605108
74546
377850
748146
323537
885222
481194
827457
373197
608083
943936
39358
67131
224250
796870
636542
155846
387000
495570
898809
966172
772191
81595
907468
13631
675319
519298
524086
898718
488317
960345
205492
241384
922485
119488
586050
679548
410800
835595
325673
887990
695857
584405
24288
884914
766815
235162
26232
264483
138542
742282
53737
253580
930220
83218
61850
812230
562665
548486
963580
861535
713011
902504
916553
593271
401636
308487
171345
636581
203219
108001
212727
750594
355008
625217
106651
545518
688577
379225
25368
43123
391425
681973
541045
836367
532557
554407
867612
144294
81113
373166
56406
471025
832507
147643
561416
55160
710832
422943
33515
63245
441491
449055
63467
89178
38546
456458
45595
944883
593511
857602
300270
905898
512261
141437
489715
250727
901712
556776
510184
890833
19426
608486
287850
770178
864979
256511
195970
490826
714284
106073
940013
743556
973922
835805
341839
659012
8763
263968
422531
529126
927423
729706
331702
872928
426462
582743
947129
230409
421577
648767
485319
69515
860945
544498
223136
572498
10199
353907
371867
696086
833404
261161
74445
49910
560048
932113
741588
117437
74609
235975
941713
459402
543649
589209
721921
377231
296241
225171
546169
60341
944707
129402
342649
389738
392017
40390
106642
138903
592089
400302
620161
165260
626399
68206
307499
170692
893803
868640
285699
82154
669703
964475
268931
869509
306738
726729
315295
998135
707240
231963
504493
927363
182835
205470
271952
428858
72378
887546
146272
24751
439230
520690
266650
421135
896709
106549
584860
180088
232934
175617
433190
575245
49664
68393
854422
684842
97390
915053
77525
281927
778322
834438
369598
78611
724125
895637
17813
29245
44965
280441
464853
564406
523745
690777
309872
388398
854333
299144
173842
759569
79303
325512
989823
498531
486177
618371
927992
511316
852580
422769
814416
353094
576288
210626
748139
939582
730989
684752
666513
934920
2931
186419
865015
864320
479331
66064
261770
985181
148094
628129
518609
938803
321213
189234
215735
547378
159
296771
682265
513864
309757
544478
555898
230865
369982
179077
407374
771799
246791
849063
67670
426930
572622
651759
871758
291528
252882
3465
539713
454516
643073
835003
347197
983546
926963
128938
797039
707028
624900
174484
436802
370537
309034
985865
997902
955299
81350
217297
77544
27123
326286
294785
936211
991701
432888
991050
267707
93355
23376
110672
854221
591578
677624
964606
755205
524769
248784
58711
721851
801699
174254
220323
33913
285712
921993
892712
819051
347000
425168
981130
773379
564402
766750
381731
933829
475327
151043
101401
100336
128742
683953
277344
259058
453645
418204
460925
675397
500892
734925
976627
422609
178015
659065
474670
274186
411433
947847
250472
308828
639148
228735
549035
10554
319686
489732
754111
15101
55552
308607
912848
105216
291783
63590
726123
345956
843819
665507
653828
948448
192542
49969
449793
326946
663902
311134
146956
916424
513106
490928
936847
401545
826377
233316
720605
757118
314747
346132
317687
992467
472713
350161
643555
764062
865512
398087
202839
658828
106715
891202
685949
491301
91057
606642
806128
153153
915535
803908
73987
150220
805533
879908
639640
512182
180324
148325
163936
948848
699005
629630
910986
369102
943561
433340
284322
762056
99386
838126
276013
808457
299543
702946
367346
434474
203139
700042
369784
253303
873672
253463
544916
851168
969753
570204
340939
870225
142642
258415
12678
65134
636677
481338
18773
511322
148225
474910
734445
490779
226676
892738
439964
541176
33521
821396
963932
38513
742793
779011
516582
772489
643125
880141
289588
779657
973762
65738
640762
401291
252610
756571
908026
597185
824945
165013
491941
731720
715935
633905
562382
943389
767432
554420
612665
947874
465933
583554
158288
939632
115319
239591
715987
621874
91640
397884
914066
604400
528580
236286
346175
630975
580834
289854
333311
287130
632080
322920
306532
172995
524145
664642
717791
452381
676776
848405
907301
626984
579801
777684
723099
620075
735153
490008
3144
198720
700900
874292
839334
704894
127722
256119
827697
912614
868775
533486
999677
452629
109183
409406
67783
369406
510171
920930
387289
680565
435550
688087
564947
256594
74692
34607
811990
619562
889850
739283
137270
811499
365651
360529
256917
720081
720565
995138
202214
332782
292060
835300
875196
789199
402409
35334
453181
7644
344642
226116
918020
287725
342206
191818
948720
225498
47353
32908
371643
510427
619176
523220
156775
582260
941942
530113
482758
981959
703738
360283
205266
672310
667027
256565
906740
290785
781159
809739
520755
820508
82818
225017
805361
757254
466819
738230
140585
471598
686029
319834
833874
305328
723113
282876
651789
837810
308080
106694
625531
869010
872543
413483
956574
17199
102441
949872
388875
758712
403507
995893
257982
754739
175118
517474
984491
842418
74937
918789
2562
348296
206900
313349
307754
201173
106227
920599
667321
350546
264105
606830
344877
1247
240998
131592
474440
541469
338585
67898
898126
359952
823538
794844
800965
895475
972209
937848
832200
829076
791609
852884
504015
61729
656949
623178
610522
763903
187166
913621
507812
256669
125945
103266
395406
328010
875468
743025
56409
329772
843263
139463
114790
789956
209017
926612
98893
933057
304355
703633
942652
888293
665543
563183
110211
653551
303725
975222
275871
514185
148484
26339
707525
797753
462504
865912
138948
295867
536992
405975
181722
324834
527106
66802
981626
523929
283432
569878
754617
351662
126497
544454
76516
553685
199633
937171
365410
833535
336674
200535
881554
211013
516940
106567
300626
174707
17941
454416
489879
958627
670632
483713
643665
34288
467254
277295
516781
533287
324383
253168
176492
775213
850010
73441
28757
593933
573321
705261
805155
340568
119715
564859
352262
512967
70490
79734
133316
375795
579743
745008
628792
127798
24384
888755
659580
648973
444946
365036
952692
191619
932591
371544
63854
387443
233129
954437
839774
675766
646329
133117
7596
493120
559919
991883
196530
564971
533287
498236
813671
471980
612626
552537
553634
375728
409564
59392
413089
344107
864204
523335
123907
485718
699463
156578
406055
272587
791969
847257
32979
633978
101917
936647
960893
801916
216932
97229
76770
107351
247386
758251
57983
433630
939359
5150
198269
527881
911754
233842
544241
769068
979594
705803
198300
495026
58669
675758
557213
510778
277233
532097
953437
151202
435175
996131
603993
694554
329384
576883
378845
593750
895052
936779
44060
8293
280229
29181
49225
756514
148523
73426
305749
35448
259654
438640
890841
88895
966187
700446
670249
131870
133204
737731
909678
378034
857914
588565
303578
162019
960595
916594
233006
724143
351163
245831
66788
149573
880060
99769
360547
283257
286361
847268
657836
680555
210551
944023
23860
711152
481987
710079
220931
472448
444643
469421
168743
819528
777377
915809
664201
17747
737064
684815
990626
245913
124080
393465
447006
800368
644616
515813
413597
119717
118618
376188
649136
295794
844796
163177
144008
54787
605696
824512
954708
793938
815071
610111
26381
842843
414386
716211
741754
418505
244006
50540
455764
911593
607909
743323
589661
598637
100919
510464
951583
606562
43740
425848
537318
494912
565237
98974
268232
543963
427755
893385
867256
238832
816277
744365
520390
43406
981266
977346
112868
733505
893733
442160
130308
586348
610730
571762
422891
636110
567743
367185
59748
832121
307546
228906
35985
798398
740005
173153
359152
805857
430322
708512
301433
843628
133785
469994
296796
628254
725625
773095
558059
174118
950978
882374
814743
673988
938966
211849
451992
843976
968073
418945
791872
577299
968539
700427
303914
326051
398132
956044
722445
932830
684374
770100
288561
264125
926306
192072
77762
100816
988616
626261
574012
566568
848917
914632
120346
666062
227836
481254
210480
377793
764337
112965
67831
32707
5119
328874
707968
820361
226914
376202
387321
483842
194027
459327
15663
127672
337971
757298
860789
258963
997304
882125
892534
422128
811732
873614
78220
406228
752941
55379
8088
306251
329502
466397
960710
291792
657526
645411
84445
479120
302651
795260
659211
977505
253836
449204
840719
84268
777548
182706
80604
101004
702010
759605
744674
906420
314454
51611
30246
780775
199837
967462
487532
563497
484918
567385
619409
815452
944486
232081
757629
875974
860962
728600
94959
564093
286529
548100
259105
998090
959816
678989
534575
477939
36725
913974
708232
517010
89525
923839
641077
919709
594603
696450
610426
661189
775745
304990
227230
635247
130475
559589
756286
108767
212636
552064
775933
392830
105767
771095
825522
275868
798836
473163
779530
723481
850210
694184
157537
254015
101084
49869
946647
83840
350999
121152
129035
105586
643497
348701
294990
445519
516767
708605
934339
536856
891071
949851
27069
71432
475323
639481
774601
645103
923326
208777
300842
155409
948379
819504
78251
117974
229879
195934
212240
824902
705073
578192
586051
733269
402556
760129
302759
426343
614605
277587
140129
438001
62380
885051
716614
919662
826491
30965
864381
289671
877622
717511
434923
951621
936884
52195
219475
626931
332383
648594
983185
803158
397173
119730
23765
376564
951892
884063
254244
205685
499064
865018
805442
769557
266824
950342
710045
874929
724002
988890
310797
907180
828851
286782
940910
372706
503518
176991
303482
820087
737150
521840
674388
434492
371758
775680
836358
150098
620973
47312
537049
716257
302099
14532
310487
231638
622321
414674
722492
54619
696956
929745
150527
78044
281368
817669
203314
944989
754
455046
328650
357393
922194
552988
684089
805304
595712
463452
2024
217549
90413
746038
143703
409225
907313
437204
217337
296878
896683
281134
249666
305928
432534
45703
678412
521069
623266
199683
179989
1327
280652
585601
672226
762565
303765
675326
604534
591248
486852
604134
151928
683229
216918
740941
392475
689143
306205
713810
88528
1906
727192
72018
922986
656538
436799
170615
567944
200991
107956
498736
528291
503084
507641
507590
467804
145641
248289
515953
951530
245751
614316
493384
442154
976102
355108
296728
377489
234264
580360
407534
120861
781935
837928
330990
459359
575339
87364
844420
846132
783319
855611
343344
175314
728850
247664
501645
507869
244340
212578
123267
116356
879514
993878
46192
734744
195216
31539
124985
121937
501136
762859
226924
592219
463896
646314
12709
921339
548886
416823
975796
448700
106985
868927
652435
910468
377142
8231
805551
703819
370589
893822
881307
545142
280729
520126
255342
405999
570922
412581
750952
933647
272701
720273
58126
108910
9304
201199
13360
957925
626297
333065
678839
987725
127982
266127
912052
916482
253050
890692
958888
418847
929109
711603
496784
83508
702026
658422
812966
254880
583635
935252
651665
113225
776964
565121
75489
866669
758690
804409
36815
706242
617822
649082
388458
136058
254033
999487
987395
762581
619417
547415
897063
434616
289629
288693
402886
903374
55483
760363
194496
851476
718619
749038
680485
309333
110681
112438
751424
34156
223613
11234
369737
510015
176253
37719
851352
896947
611919
509793
62514
226192
634886
224244
549883
786994
932222
45117
985388
996790
510668
71470
799665
700086
314060
899896
886790
572189
68382
667138
413958
87457
309410
318624
529492
934208
464389
608741
983723
686591
49392
316108
556488
809138
433665
855170
787063
668583
439770
233676
946026
855076
787391
708675
720922
969130
646634
886300
691138
796544
229508
325212
549201
122399
827804
262562
712252
273806
493498
468049
852686
821450
689053
353527
148987
828214
91690
926003
902438
67838
925456
291739
194546
471565
981302
461979
113421
194828
662283
356075
448230
985237
439221
521432
371841
777114
441763
619287
180224
395559
624228
93958
818714
527392
203270
558605
628725
281094
470819
545985
454140
268156
490932
395205
686690
374726
860005
367108
481482
771323
126420
142515
481274
456759
130510
608454
167119
117283
292814
557156
628777
678465
3236
499848
343210
545085
992300
319761
757492
926788
512617
154870
37466
841745
82533
310575
101847
145302
563180
59038
569522
519152
52176
454277
143711
636672
125516
118527
863398
638365
960674
719414
133329
260492
126566
447208
148854
194275
609893
539645
681853
788845
202015
64040
418115
586074
545153
201873
345806
601564
547010
842191
711841
850362
453031
721279
756666
616653
196717
23948
967919
960725
954216
362715
898461
626238
902982
297169
707850
339201
820241
998954
541037
446849
813463
951365
954357
553692
77625
150578
205656
471980
679246
50780
7647
831994
244411
497224
452332
542541
667336
398002
238417
912857
359946
611570
197388
850024
338918
308936
111197
554946
517122
405631
146017
25127
786268
726739
75714
148773
646584
755543
636946
689177
689583
707342
955448
159062
787962
694640
331021
544940
399883
865081
182387
770346
996797
406026
938622
141818
283018
543002
974046
466938
550713
378660
79473
975757
931151
827001
590549
464804
955813
983828
425580
693892
883518
404344
801994
556789
44005
794427
634475
997286
292212
311387
651387
346839
153027
402241
600696
437216
345487
918997
506065
892590
262089
264409
872713
965664
256890
522817
697846
964033
451582
197997
248962
315891
121367
510462
272553
16559
550006
901526
798959
311806
543551
631259
617954
148232
447599
848560
224297
976203
499427
433454
75464
479132
839833
579951
235369
796070
792473
639021
588284
746728
353139
654988
62087
715921
515939
510649
457513
19766
389872
448811
152092
367349
603138
284701
249165
462054
945582
495289
537532
121611
498107
707994
424787
564674
950512
833402
455689
132957
169444
199460
785904
416868
677370
674494
29404
761231
571117
158930
713334
104283
230520
443548
2470
514451
597224
746103
506004
725465
198024
308444
424204
67973
1780
190288
502027
31424
927517
815183
410090
122519
986187
390386
861000
224679
255085
521903
661587
71220
583123
164316
619766
11000
192962
802593
269111
442549
951524
615730
240195
594907
955054
450373
576785
583540
352205
795464
825514
543053
695331
597796
51158
406341
103291
954652
979370
477763
352505
628747
381037
783117
670762
69775
720643
331870
43080
822235
250517
258337
226230
896551
409204
718617
621786
149903
409295
580729
392037
667517
734569
175955
423604
67631
767709
529884
949658
964600
784383
400288
968137
770288
597426
449147
84589
339897
762691
573813
233241
958703
844906
256283
291880
503294
541261
791003
439173
711507
454498
445074
554891
354160
905664
417843
747354
287913
229949
658124
879731
171631
801295
848818
348585
329227
455914
4698
422158
805760
892353
335471
449364
27130
721469
449200
327524
556531
196493
326985
468750
952456
980396
162756
670833
114059
347780
830583
529074
689704
709097
624976
210156
427445
985518
457586
131336
709166
173724
400943
15099
42408
316194
102779
990735
605140
360049
917507
275430
83379
331591
138631
205897
803256
977490
94705
855495
735263
258268
496397
939620
485394
737071
584077
446716
276687
79631
950339
346390
907154
20178
102323
957873
659024
539681
351371
225526
947931
268555
898742
536061
397453
792772
53487
334542
106249
834744
689855
435974
153218
339008
6729
846783
497628
749871
874863
348201
432005
573543
202901
71380
632733
570069
10950
523677
554310
169500
810219
546509
888797
411947
79540
202506
205869
445203
100657
608722
247664
809673
421009
667841
89966
714261
748809
38430
801762
413759
56648
256109
168562
453927
744011
682030
218808
116450
453290
713
759903
41112
523625
689051
288902
741889
28621
324234
444174
790920
721533
480289
818459
636333
671595
778858
517680
795006
881797
729745
642065
549819
808878
944106
645748
395347
452734
233094
614770
980314
486584
104368
174252
561981
909016
787828
617915
291843
789102
139636
864866
586973
657023
840502
683234
827328
883435
211125
638466
778133
202423
698206
710039
144161
444365
799000
455232
738951
147340
536458
794244
552689
753174
74786
154188
336783
952841
715198
772784
25997
159649
582734
398989
571232
720574
244262
285622
45343
586413
109019
317948
15405
708455
500249
616715
803902
975334
916813
95504
263452
230133
946090
652601
188266
529566
146661
517633
116026
637323
602224
169537
103628
853310
898967
976939
467909
679869
512899
607172
612496
363560
31890
500132
942632
852091
812029
351887
690772
666981
830382
806119
840820
399025
718944
671462
58882
268861
901576
657478
433580
837730
824755
229464
638609
86221
813318
319372
231705
78357
740519
872351
763431
393360
524350
597674
608455
599165
244585
496214
581832
448379
153036
8748
397864
224650
65965
600657
839934
496665
920984
484412
650669
539134
269685
871905
717927
930151
995088
154640
624814
340217
898748
364013
325656
179613
297630
667132
147040
160126
984458
152563
431369
155098
478740
362502
925616
953670
327177
828602
384668
673375
88135
466102
982611
729257
288616
72795
396434
420539
151689
719332
96200
919105
500284
143125
874842
105634
841187
315572
334733
259662
56385
180944
705228
770284
778442
559258
894437
914828
940350
334031
36182
117365
728260
343511
772258
184376
728702
538822
320651
409017
583179
593810
437256
192267
450396
872066
71688
673722
139500
535143
783165
509661
249682
461155
788258
305636
217225
218329
738950
379079
313700
445496
328871
32996
457922
452679
433395
229281
371969
618913
124931
670401
477262
639278
253354
468756
942608
135829
752281
641777
485675
593444
623049
315121
177528
778378
578893
304852
501235
837270
965958
638880
445270
62666
992760
655826
679114
263463
217371
935432
707354
326734
551166
810226
68051
406663
703178
204323
906108
892742
471846
484435
82536
295619
283177
122085
6439
925258
994186
793788
15709
796025
552516
925502
772884
869970
579463
737614
242596
860548
534894
12998
422197
476660
815252
321690
270286
353453
208940
687087
828416
631296
331371
917864
308127
701717
737920
708412
334742
303984
944829
838037
156014
190384
816301
988750
492730
72215
743116
502875
279478
685634
748354
606226
273329
300534
744724
189210
940812
572651
880717
3407
521281
912470
289530
37942
131261
906950
70825
472240
591683
634680
823073
962921
673290
86908
722443
378918
947439
905129
928927
170850
760893
610323
989161
743797
612911
874350
610261
329133
697706
715875
604723
487112
877231
497936
461627
681284
454139
159458
63087
645708
517048
903007
370199
121357
965294
184532
595859
497401
278934
184331
741564
581880
430794
866725
208496
193453
278012
400792
472438
42089
188607
110722
327767
795491
403565
489564
789569
827911
179315
860512
470629
967202
232016
361466
203560
982916
106991
193144
229149
659753
318926
871159
346364
667540
487062
937455
486845
192209
741971
3396
461851
286604
924098
660991
423601
340920
264382
476094
548246
35712
961617
371034
171638
482435
468752
681492
490647
587601
354394
463130
309918
150065
457245
952827
387661
209899
204882
426005
794294
660465
609047
504704
906014
316977
985765
473032
997579
757779
972080
906155
599888
510654
113926
959344
379161
674434
965255
558792
108606
202638
591397
46134
762729
138406
384860
703324
803768
931872
486252
565988
727450
512003
88680
328420
57033
235394
508649
654723
167698
53192
985457
818394
761877
50352
778973
124652
110646
48035
978437
767075
694064
413169
72703
865354
117782
223527
645449
873746
193196
717183
773380
605531
204739
606434
344063
724169
569537
618066
781363
873697
475934
496452
579008
19588
313380
968705
486491
154317
147363
286485
832752
95284
675418
793895
163165
496171
504473
839160
805234
124522
866630
937542
491855
335695
760156
700380
377037
534836
821654
524874
746381
353191
838972
413121
293270
809725
317690
363202
210082
405802
287940
867944
469635
182021
813211
181079
736048
289871
275740
523424
60423
296190
403071
818874
659464
887792
291143
888759
488090
435445
945390
402753
730480
71627
512304
507785
64732
949891
89769
55326
173720
133513
469088
829472
299505
216196
463960
439788
525590
864307
337738
834721
120826
393059
542316
757404
136842
434897
946497
226259
571998
438496
986856
259162
290909
360292
946763
371604
515419
887362
490406
40651
580819
134871
136183
354550
261426
502040
331864
805785
101536
696353
37624
723904
80612
897099
686181
956596
773968
836800
157181
36586
665188
684941
346122
48535
214856
243183
797669
791353
174258
619333
928196
918678
801695
557900
98192
16420
825310
502396
400620
211820
1752
174004
182000
680619
776660
315817
867926
300542
717615
438032
109600
743956
670389
393356
915116
179649
460901
715046
444817
634366
807217
627417
635973
103594
30491
201912
575262
75983
655705
638288
420333
235265
258629
510022
99078
703750
434466
407961
56815
225459
986910
421174
735701
85809
900669
445165
791460
598855
757793
469526
523252
665113
363312
438528
637185
850725
88640
819011
197366
717225
936288
435352
624393
585484
772782
485724
665840
761689
482931
838765
122209
738344
738995
788210
582122
795031
751530
975477
83144
454895
749013
579881
234729
944149
264417
593089
740844
357940
115051
342386
116640
857094
458195
977941
429843
201637
783158
835742
36225
607205
326793
272299
565743
496482
819904
311794
16688
883271
603696
666538
116698
957758
239267
222787
15919
896732
64823
153026
109476
91849
14993
127995
100172
607954
455746
459899
278751
768014
466729
706928
567715
795560
555578
9907
522534
550751
662713
311631
913597
978417
795702
960714
979201
667928
322486
278638
301786
969050
262923
149458
367412
660638
993705
363872
344714
131293
76613
278712
521392
966295
497123
557235
319735
345231
527719
335115
569224
329306
670166
369491
817762
358720
956307
147259
803350
365747
49311
110591
366244
18799
240196
909288
638966
757919
565386
826553
944436
607343
37123
626721
667162
444709
639597
893477
657644
269576
324072
773151
95992
872796
942172
977546
439464
874369
341510
128889
10073
442791
175324
340050
795271
937099
277237
536615
515695
371117
13409
486884
428342
974245
529200
318856
331910
250230
665677
440988
4557
883680
191731
293177
567173
308231
398367
645675
982589
676486
932317
634255
237231
662395
273237
676336
970112
579386
862720
245565
772471
912579
588109
331777
271625
986585
444662
815082
887887
925795
995789
893135
960769
966670
762305
97322
359913
222285
418990
979
982984
784906
923790
875631
403438
3205
277316
909190
316718
77517
841318
968627
737365
975467
147422
934744
149451
311476
530068
343056
710208
915917
356097
383746
179396
104398
263764
800862
850914
414537
517592
474525
138129
859348
160658
466337
433588
353086
749285
181735
674138
517720
334838
261113
410475
33386
72174
430050
185529
239214
429989
468241
927338
804471
728506
456398
822214
904069
759918
543294
985941
12595
791924
601410
991357
328502
836975
141181
943408
738212
328739
108264
413311
901063
388888
647753
902565
102530
220248
883911
556995
635749
823233
220960
309219
691100
61115
741051
656035
496443
444652
514326
546480
543458
291556
193067
877779
342953
294563
331540
625415
302802
237231
164695
372236
359486
667389
726871
923823
970099
495792
852867
10741
705440
790699
516229
356394
358275
82462
498952
89913
473287
871226
256426
17033
993265
754901
499669
335385
33484
601826
508379
914849
304805
833489
603411
142764
822702
840022
950372
54518
632132
679949
49383
683290
180662
582346
93048
664254
657652
256950
812874
50092
352385
607718
888634
956977
827182
443785
734014
300044
659451
841863
228456
949932
698198
790882
827541
387091
645596
661670
601654
224064
69217
4952
458578
735153
504432
815132
34122
579469
603982
236168
136120
345878
87250
480226
717113
531146
251443
326010
942552
140511
927328
724683
808015
988183
514317
894023
99850
522290
700722
540457
900159
733033
749594
529815
298328
653002
718922
497932
6167
114404
622645
370126
43067
76674
531439
39229
792578
531221
285057
654918
439781
837720
157930
626728
101176
435193
638343
939916
841575
984975
374790
11477
666884
620452
945000
88664
653010
183249
394168
907035
496311
856884
269661
581108
967641
779997
871222
65473
951075
649963
542970
488583
183111
963928
170878
235056
684141
584061
201043
88345
417252
844514
8971
227983
951306
161290
668304
346549
714316
930967
957550
778970
253184
279389
496948
319145
183774
349279
207804
843054
959641
376346
163537
729184
343144
615658
723661
148456
918320
56220
647251
760867
661280
237403
759165
737157
63885
164198
336226
855304
220166
429472
903002
584420
873646
133234
286668
483911
724985
89482
756623
109406
565638
203535
493161
217521
742862
277355
221653
106069
142530
5378
567839
756297
782111
815392
603387
508592
35090
944169
80675
255887
154446
402625
658582
995413
885131
935464
463921
485508
97541
455058
787639
673773
16421
40690
907595
943267
842734
361944
155662
925287
971187
246826
109016
548032
994208
900482
39424
116908
663451
372466
590683
457457
135936
643453
530173
536503
159936
128355
393689
988326
206336
895445
466956
28501
258723
326134
765005
266506
530077
385765
312504
789055
769790
276127
353388
322677
806349
780988
323194
991232
811714
227697
596928
443993
610467
659989
263812
887782
82351
23764
826896
748435
726599
591513
273557
241282
449916
710011
724344
295570
883085
711852
13598
39434
696275
787106
114005
439710
988587
487893
219521
589409
79536
23145
681259
238341
968103
110542
902983
521479
333504
82890
752203
88453
525862
280862
925798
123629
221060
588551
38079
318668
391403
725080
789771
757480
640619
828553
844662
793566
506408
821438
827255
453739
336040
9918
222631
780750
937310
211539
607001
581108
287491
960300
338759
760283
864745
315241
673490
274229
814929
946905
544902
782311
775758
66295
277288
442407
108180
284029
436214
418672
375709
474570
616416
638322
883384
975829
890244
99858
144583
442083
164512
938849
256838
254183
365682
737806
717729
786189
3875
387794
553380
777635
665560
79515
81868
432159
333300
406035
398465
997572
794385
467775
561930
570957
770051
48677
946120
272964
454935
49954
308758
232690
990527
550242
227147
527417
825939
572968
689384
81640
774122
999568
392778
839485
908226
25786
55817
64545
445537
920331
962302
778431
781328
507544
709579
871258
701607
74387
349921
306970
966010
366026
827615
276770
45937
719765
695266
248232
440046
925708
769837
843848
181755
988381
482510
14931
149775
431775
435850
957983
344609
165822
56303
40422
110148
663839
950048
913072
379782
324062
782497
39821
973022
702359
757015
518855
255473
277375
292491
736319
827500
561704
248827
779526
150656
189349
941341
353819
536157
791139
822467
651419
551205
427116
54065
468369
5924
217298
576195
10624
222150
839487
582786
599383
964414
884271
704338
966403
615213
517238
331977
858782
655734
169221
203329
216083
626072
731824
911783
213559
256458
467742
754641
188272
555803
908556
587367
784786
593417
610782
533388
259292
907959
931705
515848
467386
557335
469954
297317
64690
962209
816635
990724
434084
647032
941181
379318
607581
565790
627695
373893
370299
706691
964017
149430
904824
579229
985184
450766
229901
125951
799208
739759
30324
524184
764997
26588
620472
912166
828922
579064
594808
457389
968271
252498
254422
48070
852318
887497
543781
8472
108560
25101
646257
802001
947921
123762
952368
868618
923600
346038
318876
926922
439156
815409
29874
751393
727735
976345
330852
417078
274906
785050
40693
298020
270949
461465
48737
300671
918089
951347
838730
375835
776949
759215
605400
990949
225818
671659
955133
440375
326803
755316
276164
137312
336162
411939
224753
577746
585301
809976
514638
954048
177699
443204
44871
577631
411298
488207
414831
766952
369228
901157
974433
944784
364013
603824
459584
690187
585740
685256
994332
175069
13073
228991
273916
891290
851087
85753
890976
326300
145831
368735
555200
208633
288119
474078
392782
877352
540942
878169
470155
124713
586813
377892
935865
894213
232439
223228
671247
986664
147119
469217
289578
742386
169740
406257
322503
752756
798844
777171
165205
875338
679830
373342
331133
358262
248043
450819
843121
635169
572220
858575
831727
264273
481101
767675
441932
700517
475446
975886
732187
973178
384156
839089
95528
679117
410197
425317
751577
15053
698002
592845
564896
333884
290324
354852
167212
25038
729593
457568
645216
734696
94108
787749
348579
623331
661815
241051
23013
243168
585269
816134
44001
455219
816055
689168
147270
728298
535663
13494
206256
949915
361303
457995
227548
718248
590366
444492
249593
737067
225605
661707
206314
24663
207069
339129
625540
276154
582306
361849
694007
882558
394109
897965
107057
507666
764956
969923
517023
921021
668762
266053
624345
606847
307015
254720
352401
865617
208569
770148
327275
743354
303567
987808
23119
509046
136818
878580
295538
985125
39064
587896
387811
543682
674127
766116
388487
103837
747383
480711
318127
289582
526765
523886
311679
757062
322198
46362
27965
750541
102680
525491
73369
68143
886960
472599
268599
23066
378685
978326
267365
602795
406438
189592
137131
221715
127575
320076
563360
70093
498184
22
402292
909978
496386
649590
878453
865872
821266
448900
743238
25512
309459
183248
191826
70991
506918
107170
633434
258891
560216
142350
279129
95385
154106
250549
860630
283207
33637
828300
161405
946523
575918
141646
501392
388276
326638
363784
786367
122140
841051
563073
721829
291695
601725
875463
225884
129843
91698
300799
964136
696481
897701
453261
930888
26673
444678
164146
989491
497075
401391
136341
771326
791041
534064
540480
386120
323238
378404
15003
709005
261498
999703
992603
81778
784936
966065
522468
233898
475208
451622
526797
811319
812647
389592
306591
415311
743755
237229
480502
287614
44528
796839
834383
599590
328742
354574
839830
919595
832867
273538
143015
6158
426808
89643
28907
618287
168139
790168
849010
125635
486875
146116
774862
784962
258841
631506
24583
596178
605362
570934
851177
596737
975824
648873
113127
813179
756452
861848
923441
415585
456217
354570
282724
586639
213678
766836
903191
289741
747537
952126
735032
257159
448844
801702
994189
934662
541643
6907
667002
361263
968937
513405
293590
277209
547059
408242
194560
170781
167590
864356
973297
431820
520010
312201
241844
39610
100971
401790
134134
951531
496881
920288
459716
29378
671690
27851
387219
13422
167666
478357
960376
996726
616482
627107
816145
117430
911528
345069
265773
213917
812204
894503
295130
454029
551568
61339
368555
213521
110308
44913
680191
880074
105550
453433
631664
150342
440958
216676
902947
765223
473849
256521
276036
860210
47404
458353
721303
840666
186008
925313
359275
753466
342317
264705
658636
128085
347840
515116
183887
435705
261499
930015
280618
66335
171628
668604
995668
856481
953388
882913
555884
494042
402031
182436
862077
12930
496668
255723
559667
370636
111801
774775
268217
630064
79309
531078
795949
75462
141661
735373
284084
236069
587289
50355
845590
539713
814175
638368
679678
977157
636299
473744
352595
542738
76251
378640
885109
779302
387551
205125
802085
835393
989522
250547
182081
817867
246691
426072
122257
195632
209787
6342
437418
808857
8570
670014
947113
670183
410511
203363
935724
78228
658958
785491
235406
518031
36431
659617
139476
930181
774684
908833
404347
233821
57725
657621
378274
712998
706239
408668
880751
320372
849292
578640
360518
329404
845213
67754
313972
375760
41793
266011
596875
965303
744045
606553
653809
92737
639992
929003
471970
952538
143369
643995
483890
723451
719185
505132
951009
789222
867269
68261
780145
881921
196594
928561
898379
141363
324857
643598
954429
480490
220743
770630
553059
943890
6337
513457
784952
892499
892248
846723
825518
799655
848486
766456
487495
112242
151572
671467
544155
105720
878712
209221
956483
927409
53852
853509
232399
37871
33801
462791
535622
608445
717978
719326
530032
394915
63326
283861
764211
830455
648265
972086
167404
710262
600636
683845
126749
744776
991813
883148
4734
556144
483890
852545
638200
699238
632730
759645
395378
214876
373251
592995
739386
330976
181487
990721
717521
963645
399746
116253
212136
228925
373542
777475
987583
605122
702590
925411
554409
820341
468106
393414
713315
594762
30792
533505
277228
267888
769951
932952
366103
862628
103786
660744
433909
227645
239340
431389
624509
637472
258409
719270
439795
915845
706958
155160
231886
999631
853605
308334
667295
580448
621734
805002
563243
807161
233294
582397
726534
302294
512087
539072
710926
628812
685209
682486
158179
632134
73454
334931
68587
621979
225511
808999
507194
327877
499099
717634
422201
913691
174838
728109
354150
344922
792241
785669
380488
913093
97864
649233
722191
254836
42948
199960
591608
729459
655202
162339
394068
133458
455728
7188
830427
591032
567552
113897
866728
112924
419746
374024
194764
527401
958209
945566
244582
199923
850475
750223
517681
225079
133535
415966
577171
640856
188846
400155
35351
541313
254201
63808
528211
699592
840391
476594
484320
73775
683562
961627
110344
438395
421845
992875
184778
30160
274191
232515
554650
276801
526642
662038
458585
778949
102925
554024
454150
801920
853484
163670
216992
239274
99247
960361
849471
510301
987347
950001
875314
647860
141814
262368
227973
745375
395984
745005
151615
586577
121924
805557
839557
894215
914703
910186
562538
464217
840797
719774
726809
929640
767539
908635
699359
862188
637007
93388
395445
257213
178537
837859
917381
937497
625624
163109
431526
55286
986090
805777
208430
592582
953071
461143
657786
358843
679801
126956
252414
963407
962186
276631
678220
542489
782824
722053
819786
742726
33732
57651
953663
35137
428627
802093
310568
393359
539025
453333
479139
890840
703794
887546
738652
557734
731897
49742
318792
490400
134265
920311
143245
925361
574208
593502
644246
830502
368040
979826
966268
367940
285261
293866
352694
782273
126718
1096
370533
514645
40990
154057
638815
160738
180253
220347
809880
639926
238064
304800
253005
219297
395264
858415
330927
821845
56034
669538
931354
229560
663715
361120
564144
347577
762513
355636
762148
745199
74764
416679
436614
428329
180302
339665
340056
394986
806372
52705
849562
194399
5823
509685
457059
807358
831387
944591
906328
132144
458826
503860
237745
542999
801310
734171
707434
840033
124968
122460
610603
291355
234476
135181
450824
943492
580013
334847
385337
693122
166170
55391
905905
50760
344752
868651
827021
780212
549215
396693
137845
46861
189441
753493
555778
37557
26824
254867
911270
11322
448938
469179
441449
818842
348842
955594
432783
722433
102776
350648
129151
425015
983685
938108
448586
884321
817247
918018
554174
310338
910414
930924
773340
557017
606853
130282
465903
377408
900737
874928
626945
121385
228662
724420
255633
903440
955865
427976
413749
804093
660188
366272
90507
474716
864454
53390
203636
111158
621182
593554
322587
444733
701168
92581
480627
514518
988800
654120
22383
379871
948626
140106
209480
999092
801406
334470
51762
371072
640736
203980
930821
506718
919399
211053
247601
216686
695527
792646
411438
251314
346289
161640
207149
32605
297304
476494
606987
553595
404989
605523
972504
885936
23851
976394
734619
968316
756339
905212
705421
827126
459608
422555
734719
786322
107324
74206
687939
699483
708985
172069
127249
439029
416780
501673
332730
334493
870031
369298
843010
166288
984705
718929
839367
872682
179982
419275
994530
155532
871965
571592
979229
855083
556565
609783
722276
132141
926858
869003
868781
847279
913559
811591
963666
250762
692083
63304
456827
556062
936524
742699
271228
557342
831150
662096
388248
611816
39324
333382
474382
518082
641458
556310
449242
326523
835011
194464
494745
935738
37305
486469
733240
188577
321520
541893
877478
817234
822132
325659
812986
557901
722867
194134
422467
299369
562275
74035
612927
189865
36630
898571
465169
385829
761857
194893
533207
558165
724471
384377
162457
936207
863838
449910
662619
700935
174960
230797
336958
521366
167156
649551
774184
520534
14205
307028
522225
986371
41781
60203
92564
103567
442375
68036
775789
530772
679123
48628
597432
901216
595827
810755
574929
991571
275541
831736
129294
240920
821595
887941
655675
98390
266337
901005
272009
329057
996733
637096
873524
931377
343772
192644
875604
537973
168433
404143
544633
610772
712407
74017
344679
162261
209858
107965
853346
211573
615648
281452
372361
504628
743248
198446
267817
233698
25530
126700
583473
544775
347530
711012
223628
267246
821929
36763
314921
900811
761434
858621
575695
604650
653703
194888
209611
353844
427454
438502
770937
697098
251956
78151
93069
151945
608531
62055
762193
159990
672775
426388
74175
501223
819383
314045
127977
947219
463607
744161
350106
568247
485466
90634
692443
783229
575779
569839
836985
800188
103161
845690
716334
732768
128613
561888
653518
814131
707412
103200
178603
965428
146313
489201
369306
996069
321165
378711
293422
303954
256527
481775
637005
597188
691092
797059
520179
643211
225654
140646
926919
53507
635503
389005
539580
656518
266148
707086
115430
100483
157023
976934
299809
771178
828842
345678
418882
209196
970498
548270
592676
819299
415769
851697
494486
343408
665023
49206
400387
587917
758297
148358
929040
372368
184157
370687
481672
21664
919162
289543
410161
533351
76769
873455
250604
675054
589765
514233
395904
681935
105353
805212
635688
539876
888916
682439
686394
266393
387044
947812
144436
227849
703848
161942
324572
714494
788781
558005
59158
576169
16367
784668
623575
919961
983808
33359
201107
420545
108211
17265
40044
840812
316877
379412
40498
839391
889996
184359
402686
327683
607776
604810
155721
571415
266721
890552
993752
563238
898060
385001
553567
575632
971917
870050
410988
640565
357173
821679
589433
980589
379410
778770
391314
117012
853359
967160
267525
507626
85031
19535
949681
268155
889730
199690
992412
314189
79465
394006
981158
528142
766084
699971
480912
921967
137518
732260
631576
129494
268731
686961
842854
633189
148045
499361
425880
382584
965205
453695
527049
124391
261360
949919
6568
913379
265842
792262
605842
452560
718339
46524
412774
779328
739917
994582
85304
693118
514277
871412
412496
712203
595275
655906
483784
595789
95139
928094
354546
567984
478221
860512
703901
879832
327884
746846
734268
395956
48769
830359
689248
423989
473645
296974
388253
763244
436784
965506
940662
795876
320141
855789
449250
26822
957901
182817
880650
864992
899758
416274
397611
119186
616670
78692
80329
121325
34524
50422
666536
166054
30857
634072
854969
687489
511715
687993
390751
384320
600145
738381
39171
647318
553801
284475
781293
710865
45808
535884
814136
166398
552870
720094
694458
320509
902495
513304
350882
78352
392694
379961
229711
41023
868313
239088
857197
248709
925019
963008
822081
188510
952177
4694
142815
378245
292743
554576
425080
600309
705941
998119
398343
60587
165161
886241
37281
400860
475675
408203
292525
885113
268123
189285
786232
930361
379714
290222
642653
33762
14455
429319
262752
335775
807754
930213
375255
82187
858326
292501
722601
541485
903323
440011
996804
610283
821643
994044
497737
79441
224824
492407
711334
170898
237659
929668
992750
381161
651758
576963
802092
235293
931712
195246
317580
518269
588498
222600
920397
833925
356180
525749
737883
786792
489247
256483
819241
66617
341372
128983
172834
805078
795010
165264
891233
646978
437383
147728
387352
836291
115544
127913
436512
119019
519213
140423
461314
115865
784950
874283
35459
714123
901299
519326
406495
518080
60117
152911
457870
1268
804606
603720
82889
703137
536547
763374
704202
680831
28880
767001
493651
496411
583360
255450
671509
469884
486394
571450
698419
442446
349418
331565
493631
979607
657710
435681
370629
652136
45326
714033
599094
973498
422013
391842
968386
103195
863101
9175
260543
423808
257416
226582
386608
717421
292785
240343
646116
826504
921972
566971
597169
594843
190514
767794
553968
585294
906477
305094
866239
994703
305067
797969
471363
959394
734056
866086
700451
587559
970472
26667
63585
924087
837854
874412
743761
867519
281752
281213
520623
704291
947175
653738
845535
85212
856186
452191
313833
801984
412693
560134
837563
910366
916309
352037
703834
491399
976483
599508
774374
926930
156002
541701
875769
22133
931103
909178
207494
536656
446476
72444
47410
44460
707892
628202
680125
648744
155756
669883
761489
89113
757069
343112
707133
521095
445683
238945
646388
950834
451416
341148
999693
866765
505859
843701
892889
285266
356853
527131
803792
898318
794361
954941
353290
856477
811703
858181
930937
714680
683386
497795
605857
899528
616992
474666
594891
692171
281999
759670
891876
158555
587549
796639
667287
376342
609824
160801
653132
168105
922985
820868
228517
763754
584217
640616
66734
830127
917938
495795
475972
327509
323873
545293
629199
371054
355178
954680
167718
676325
70724
29183
674713
960164
497271
349462
880920
876348
956701
525182
773410
375762
103695
677779
941227
598860
776446
447245
425955
480066
550533
981864
421025
196622
322960
150873
645905
747993
731109
392545
656879
264745
635221
269915
928508
425459
281962
267160
553661
88020
906654
334774
724728
132576
326354
259386
738307
223862
599842
95957
861936
558344
540769
110196
183632
435258
573145
804021
677540
750904
170603
441094
612939
592994
28573
268555
342298
843972
46124
572796
857247
246428
381967
991402
416955
18748
976226
842140
817826
898733
250914
447949
822570
621710
34088
62034
113243
621817
305146
958120
541344
525409
5897
851788
234852
305235
689690
470455
862174
124229
251289
570972
938482
109875
806650
544172
857674
414708
952486
790040
792038
749736
261902
82263
993413
544999
992563
600339
982078
528707
606970
152068
711978
946888
869342
507211
697891
362452
549565
547892
595433
279412
591582
166129
461909
903858
543542
10608
588983
96744
227881
870260
271121
319654
721848
243995
935640
208399
367147
39848
194339
187521
516550
980729
376278
613211
478758
602203
144753
722109
990163
488544
417898
154808
231225
937165
938040
956005
672805
931982
504484
446100
447279
836864
850910
116921
601813
170955
382608
766338
302464
368467
620200
497320
441646
889414
831072
540193
67121
321350
111773
122808
245862
582106
548187
730455
228364
687885
196907
42252
711392
927760
970982
441406
342520
801779
188683
5329
6277
309863
23746
668559
108282
123036
265814
353482
333827
939066
977142
571368
190194
139620
485572
626293
494072
179998
597966
468878
715806
797549
998491
905976
451255
432938
966956
682444
785556
701960
170557
284228
571685
597624
242163
246954
168933
956863
670888
226469
451982
545603
541603
954676
909332
648638
423135
419245
933024
566140
881050
35161
482178
574732
682309
517090
919191
957199
434176
677055
92707
419783
521784
286816
762142
11734
766874
218118
948650
382828
961754
416030
573457
747625
451717
885672
680625
995124
862514
425233
450629
539724
466558
797855
147368
223198
254632
879111
117260
983828
930228
137368
605502
102830
896204
34260
61426
230812
463944
968255
931393
972502
248111
269901
346188
299996
702152
271815
956206
298769
190652
600337
965973
721089
844672
182929
856071
577369
448337
38066
301730
940536
744945
607232
194728
969003
70921
259067
464711
226451
505952
228006
920505
361069
14360
366205
844839
478709
606190
76937
178223
482030
785336
352063
927116
659423
416848
258660
679361
679187
103030
381212
968771
748486
387511
157179
118457
858646
348217
310886
611587
982298
559943
463155
624266
231769
670647
166320
163696
29190
887854
642856
248
563625
81189
877197
194510
62440
593093
577426
734571
38080
100704
647200
376069
320176
462780
840509
663645
815903
990546
539523
290209
426522
877185
390512
609152
635427
449846
126860
289831
155532
402576
381865
535665
25725
753355
834971
646979
417797
621897
952420
947334
802175
973050
362723
990200
469958
698332
169576
441135
257007
619338
602020
738421
618546
764740
611890
888195
138460
990827
854721
938719
762529
961094
478011
956799
695656
720730
48608
512318
406030
480676
241706
623589
405081
539736
658359
304706
435321
87280
484258
88147
786493
700553
795930
837251
335726
715393
484551
897548
864963
516111
422852
734152
577215
691171
732155
799174
589985
621430
468708
926764
893556
137849
488540
354143
541613
796558
8054
873344
673576
788787
377064
398662
793483
227432
318934
580683
436348
674896
105728
856994
748994
808273
705293
660561
778260
887302
408263
795720
568564
724095
994242
664648
523034
184423
53178
184179
542851
623026
707694
342246
530283
150056
582362
332646
821634
59889
643620
439184
126761
619380
918224
9600
723749
662241
450477
586982
175374
125453
334744
829813
977345
311776
248108
604180
571729
52804
422540
649836
905389
587891
101321
397392
603458
735751
426888
125897
127320
441129
394372
993121
30793
207911
862010
123018
502210
551445
522077
367586
244532
622503
356682
252771
957246
878093
697419
161573
652678
992882
507997
217893
542173
65211
527480
531152
935707
524086
816830
666082
413047
310381
20034
755352
323860
574675
688802
740009
323015
985450
690275
24758
686983
611067
20829
402651
293842
556170
448055
908638
247112
80044
650573
721566
751077
808587
773600
117299
614984
246405
225281
339677
187060
26906
748709
993703
866728
913611
811610
652007
913588
594725
49080
728574
452379
867061
227974
347019
159964
442439
328587
374875
539862
474067
521016
389609
753540
17061
828149
267061
590041
251598
102612
914428
761848
176922
97534
449143
691079
322197
211444
736593
987389
911334
555331
341073
80695
960443
903071
251455
120059
529332
61941
443293
413369
12852
205792
749047
192028
223965
384179
869390
746576
417035
129228
188146
347442
335708
260165
217065
822125
413582
535899
748487
356045
849919
741451
481321
774031
51375
869322
870987
771271
502019
18201
264097
651966
736026
235972
529381
732669
426178
879920
412063
950716
771114
563215
20078
164016
640391
599695
649648
399331
35720
715097
831890
873058
74038
400968
47972
756400
201691
395042
798226
407314
594516
720037
436543
907453
399287
772826
229931
392599
288977
558958
887032
246064
81055
850205
871301
41616
624496
31105
126422
498891
38217
371290
948965
371882
65001
958261
928852
364802
686087
3579
357804
782973
897027
37526
927762
555470
320456
695357
957333
55751
480684
823880
695174
437639
945055
871878
828006
646891
747646
551193
688601
742094
928737
254548
146251
403685
390179
874852
626607
702023
849350
250615
883624
713087
847760
68521
353892
414359
85300
612048
579474
62567
257379
347507
49295
144703
735789
765483
8524
790930
427238
812525
443483
348896
100189
544054
47139
761657
429160
772754
119233
708484
860254
479645
867350
565735
162545
705175
296755
489059
574312
402696
537107
581706
860183
312884
139998
820488
450989
268521
345077
450907
349134
782520
481237
133634
512730
859492
191262
740500
187665
859314
35829
423705
4504
510129
833391
354882
91680
350358
508506
852271
327192
292499
747165
93335
883985
666819
29148
955095
712785
836996
440021
741827
547082
522798
475802
221458
656308
223358
826331
669921
970492
411789
831571
88115
804395
476077
630546
292633
364023
78734
650087
128124
861960
750079
620906
49015
101410
961580
256142
89146
760687
260935
439493
56650
565097
103701
969351
822653
829442
295519
643241
479831
278687
269726
401775
885276
556287
23425
874359
27093
609499
369975
780235
344743
465942
256740
94021
592868
386314
584523
853703
314620
30407
996056
412490
688605
67443
827399
997922
175373
761533
506191
837834
854509
698326
880728
595657
847246
795738
453872
565972
756961
602933
553274
260339
855685
705599
931001
427618
796981
72104
8626
981738
656811
537810
60374
157985
831891
243847
343814
531861
666522
634631
225370
390707
486625
979665
710835
454050
324590
181849
927099
680740
918200
668991
761775
468798
658688
236966
282394
84609
535473
471474
655464
787645
873173
500038
125935
763839
556367
405283
638503
265475
220772
83359
870363
212770
538287
788996
633048
572842
933269
949372
951373
219159
390714
894355
904134
972696
499174
310299
68782
151990
798948
960530
940755
472898
406346
364046
432731
820439
665624
183529
653543
859123
173742
697324
523172
53423
605937
527520
478690
827877
768562
125944
535100
750393
938250
363872
375360
227209
875082
124557
240436
502407
966060
312943
637932
593790
156215
784237
160773
506683
90006
226171
240623
469212
986355
485071
399485
258090
440940
389674
343778
393592
147177
945233
901561
420087
665778
957208
403094
5828
97686
638266
765206
827359
944240
10851
78177
192464
21196
996359
580563
816875
293917
785791
679693
421136
512747
776625
444284
99902
300677
392894
747191
591886
781035
213107
351728
598595
483656
148421
908592
837673
628835
199474
499250
784860
704659
959199
637883
93636
58569
419094
125866
172749
954151
717252
553868
716995
273656
517613
156078
862639
730241
865496
27024
371186
63585
924751
999904
487905
455530
373090
775612
591907
975451
855357
23137
502408
630438
256843
835054
764508
463499
497183
913005
213773
144390
322484
577973
329235
228178
50125
142648
784168
597055
773641
626087
707900
875786
822110
770895
147559
760896
943518
64872
550509
766960
960851
672653
30748
376517
570258
978960
987611
728944
344460
276245
457706
353325
244598
313405
447854
192239
845037
127108
192059
940150
694947
321286
215636
352525
798851
638557
986482
719401
898817
718278
94352
120121
683941
890752
682684
174652
301705
749829
929090
598608
282885
837562
555967
120226
336873
883565
718083
594356
224279
159993
18468
87719
973787
620476
582
357263
86295
637356
825750
227996
618579
78889
777256
741147
1743
953473
96751
100815
68299
705519
519930
414843
637284
166508
184653
82103
991190
261500
595689
986699
47706
422388
882262
611059
209894
851629
104111
267921
66143
583609
8624
822173
731885
523059
496381
662695
257240
877673
924188
403263
346667
906230
177498
358942
860157
558347
561478
163502
133257
610944
864254
736902
183700
944510
498835
555542
765634
868173
730457
197867
964128
201584
722566
94340
557306
427057
691457
110056
611527
250984
408281
403374
85858
516253
271733
424557
943760
794329
181451
445911
760931
995261
190482
394054
44196
858871
848642
237887
41050
539152
244695
740229
489589
129033
672512
433811
130718
217919
31333
792131
559747
58060
844714
17788
249286
60522
713042
593376
518845
646368
934472
950524
920506
846871
943755
129863
319600
990668
163947
864743
186102
233946
52421
358450
870100
785947
755107
550904
509989
99276
672194
277184
925106
278153
180153
58873
946736
199100
387152
122397
726087
626790
919426
152768
971284
763347
743404
865933
159505
467931
486415
81813
828690
142791
49652
287118
483778
97902
486701
443638
30130
519359
771260
407363
484797
874601
206870
238850
31115
598639
546237
829053
447593
542817
285775
341734
497994
467949
25219
758360
410491
189380
61737
475798
520495
473655
625855
925300
677414
938260
225803
475944
563554
200453
630711
70938
579397
347972
558948
204441
32155
470738
189630
440734
347548
199218
32996
786071
234657
943721
750248
612195
81688
886247
238272
521821
842955
993032
312974
464789
110390
207300
362516
7270
678145
963342
473574
476740
360437
275584
394239
177885
284920
910129
591433
393657
745232
776089
922684
675069
228786
356373
990471
736166
882931
246785
244699
33139
796289
22648
600550
754221
345262
41408
174172
684582
117496
948494
129576
836967
783722
653782
475550
888728
30178
653899
60187
184457
576188
259105
551492
528143
275214
338003
653060
310786
926856
866723
508775
79723
272854
810901
188029
799703
314692
623620
951618
498555
435339
772639
308550
672139
835776
945529
986622
98872
852347
85509
168381
921113
137491
665605
624979
520705
305500
726404
475888
918228
712852
504153
541494
153953
330188
559340
905883
666477
640462
174239
152673
317163
529289
130663
733572
978406
124077
458506
501894
56776
453490
944800
72389
46698
108186
443072
494120
483739
296137
877872
464273
610229
764502
134332
328375
619032
462346
733423
223356
704257
857313
995195
123312
700244
44820
461152
686181
37193
757404
308458
749974
177206
828170
368695
195732
280346
406384
80655
906372
36631
715258
980813
809178
27255
770685
147482
693396
766551
765346
739905
154692
761082
380541
794216
230380
24046
940810
239823
347984
781463
199572
345011
147075
656935
13888
949170
467343
338161
764254
437034
375931
990313
503793
766362
984886
138992
143525
878026
188246
414589
20862
270644
445931
318653
44648
22335
444952
375081
330413
811035
9622
632480
257597
482644
112881
979290
8891
217428
1468
855426
303468
922634
662147
430079
77992
160181
190373
320081
581447
162320
686206
9180
85547
105295
854953
306628
581182
566466
67695
902330
244592
661132
283030
565514
288080
809708
219818
484831
51783
714718
60689
257333
97020
289627
318402
916307
181641
24515
799627
218700
880018
472180
927385
310584
138627
397312
631563
292440
557108
741157
349731
174611
191858
903016
372382
990090
742435
168138
121417
144494
567018
95259
726753
200939
341002
706509
857761
380934
39109
602156
913244
640912
506568
871371
777743
354188
603252
915494
732634
434088
622972
637960
44881
245341
858819
787306
607228
119947
625272
315311
711474
585510
242730
126686
206489
55222
499516
980724
52800
690393
105000
731454
898418
91730
920719
263061
254119
872320
469226
426582
387398
607064
852100
52076
231276
440343
791107
694503
921438
246564
9431
801063
415701
969090
340185
275333
937092
911358
702371
842431
533576
13619
717598
259726
69216
674536
337273
603378
963237
617513
404248
694741
797272
764743
221832
622553
239601
474695
939918
239205
412368
976006
955198
588522
996462
117711
568272
467923
416659
618506
877534
103562
398147
531056
302005
372863
988503
59294
7898
840973
438909
453006
492355
499887
994659
850454
929788
419844
462426
73376
752027
624238
175747
619959
278362
814735
67225
247884
201995
189182
671387
834847
717796
636284
705605
413956
460481
36276
274911
336696
815341
708118
988752
703086
620699
890871
68585
260405
681281
521851
303175
587631
511463
59263
151059
343522
889664
189635
892057
269065
287399
137381
671830
13254
407124
76606
57084
227932
243592
915857
812128
513615
991453
130709
412005
925213
165309
972766
201933
28704
602178
32771
375824
208982
665269
179996
949675
925155
743330
743422
590759
694927
113629
882869
69337
434818
998782
61202
522241
270134
445892
227789
199591
576453
352010
484130
162073
140681
385430
829631
947048
64448
362390
705152
282227
758724
444090
267790
256150
297399
715860
46404
678321
769422
671312
581993
137048
423208
710732
177328
978205
369478
123780
279242
667218
930925
127872
793401
877623
291791
17666
182206
287834
705145
459813
662080
641985
723417
757630
276267
542711
306710
425135
885597
401749
962240
911217
936574
55880
887879
327850
775414
489418
774944
238451
230722
23287
703669
633265
208074
255991
170937
862284
484929
45344
974795
74401
960784
635741
809346
123267
71431
943390
253495
629060
340792
332900
239344
373829
910178
527947
843825
257105
273696
61522
314818
23706
823763
44601
889303
946702
208862
243477
169237
605294
691240
496314
348860
709135
834899
254559
797139
596737
827102
785982
952026
584427
803873
840810
88792
399033
864209
879164
452194
323202
387750
852490
670624
935166
263219
82285
181925
347
111539
829137
475100
454320
823239
551629
336420
555274
22875
835426
491407
556996
994523
823072
935916
751233
303930
820826
836644
806933
425077
999070
614952
405312
387106
769478
466595
922214
994719
640828
831731
403304
535950
580256
643825
831890
474397
207478
366267
923667
611837
850817
400183
250714
560567
79465
525720
927862
958224
812126
750895
175195
871396
120554
566374
835590
407031
226062
776258
513787
853902
317323
184634
202251
992088
400262
880518
297658
770158
170996
236594
415640
313943
4832
648168
124639
62852
925487
720695
237760
600319
101977
78213
939674
42133
216676
318285
353337
848019
211006
204671
229766
332826
545653
305563
760742
53041
164493
477676
954128
385888
990891
755133
610004
605405
730553
996409
672200
604648
635869
856493
975207
172817
403150
481923
460956
661593
491533
88409
271827
441494
5433
824957
138449
461281
444314
929203
820906
524696
71625
343250
462457
210523
57255
266962
591913
158780
283457
314213
363380
134378
775977
192931
438318
917557
418260
671698
144598
142912
535438
103896
226311
948008
538494
995867
427847
221629
929197
856035
289628
884609
656009
389633
501296
717560
514480
212170
24021
305239
834380
816505
792788
498547
975354
344066
300034
812062
357648
610279
667438
842890
660004
902115
914670
335853
723315
158949
73480
784303
542790
590903
130021
266235
44610
120342
589879
98075
178774
150106
563413
412377
68313
500666
587936
619414
897350
378448
788528
53640
953195
899544
698021
274351
832777
687354
199571
688249
200823
563734
628566
444185
349139
823600
206588
897342
665811
408986
224356
991949
742642
387395
776097
124430
186028
828323
183582
754302
960386
917935
682030
130308
972472
615635
676407
621861
274356
993141
592841
201987
991552
94970
735109
411220
239703
490730
438719
889858
288703
804730
148458
341274
855475
11161
504418
125359
290828
779425
627498
640770
772990
746000
169712
760428
771663
445854
242148
392702
186199
100830
61308
1077
800352
656251
277647
716426
901755
443657
818096
637382
318592
216971
93563
809706
191150
603143
861859
926480
563974
874229
819368
130944
312278
933510
703891
426841
659776
375165
339135
849251
856544
24911
760158
247618
160542
915826
217372
460253
776448
764331
990802
939472
548405
458025
175947
319791
265594
281483
128225
619603
146037
906300
745785
887899
475659
915327
497483
690301
342621
816696
757652
127320
137101
397212
977191
376100
898192
245260
951216
519684
654810
275348
689263
216310
551476
337477
517559
5438
95921
83347
916599
576251
245071
388521
889803
750736
617279
78958
547508
206147
85569
249374
788739
317172
587087
994657
119085
872769
785120
324234
78052
345630
846203
133482
17941
596470
66646
154044
446296
979174
226892
229124
85147
707377
557888
340276
638887
870922
213727
254188
328016
77770
103885
918719
134936
636280
637834
611312
622663
776963
435001
337238
546097
562414
677776
62280
87956
949103
153388
154569
165578
164949
953940
967498
796049
917827
963097
764808
368725
278336
660882
419285
71450
700267
187878
111483
587408
992359
10399
27020
406705
389042
817601
748458
503660
401276
588343
473558
530736
714334
269584
584764
617557
557208
44039
747989
573496
372769
431086
886559
3277
687025
868096
965327
443124
21239
879616
511249
876936
905865
475100
137747
634274
442489
767320
869920
239371
94746
85476
744170
524877
372478
528014
229277
938
159428
306131
701874
421603
675496
736062
755223
679934
140880
809799
697658
517288
149672
566038
959572
289717
84000
469879
48246
854784
492848
912998
227197
419574
521262
850447
85715
962571
960923
559507
518252
846913
793342
36659
764054
439513
511629
459099
857398
340542
841063
403499
413428
789428
518808
910532
347800
709488
93656
285751
923272
912979
536754
135455
959295
354356
46931
251991
586396
643866
220746
703215
453824
317019
148058
698129
838876
620635
170041
389292
980120
423049
234950
64123
980817
326949
956864
540707
125886
429152
65774
964334
71514
484965
605411
254327
578404
75059
195943
515960
774750
370060
84910
725684
462947
964419
265861
570315
586887
557844
321711
922941
358346
291866
867636
839601
360271
665058
908188
62395
607910
430146
391085
574777
334850
203844
530033
12702
842783
627355
825457
502602
721511
236068
489508
943827
690924
121056
364810
783365
244283
664125
952440
188270
202854
815709
538074
409540
479335
946969
22551
439637
733774
330869
254018
722241
599572
495185
884773
171942
134545
574363
323913
395691
956541
223036
367353
588363
722533
753407
845397
600600
106238
368420
828811
101768
114900
736296
341702
564386
161528
61348
651922
440161
586802
769498
269550
646726
758172
943017
592703
998762
688448
933736
754111
679741
343701
552816
713294
184487
887786
623626
825384
479110
64332
558943
306305
97430
261245
348669
965743
454427
981716
704001
177475
307101
723416
569066
788927
481889
565742
856896
397767
259104
617676
961270
162071
664514
73336
142767
992305
185752
761126
981423
487222
162844
71484
909736
278100
219074
257071
990398
335668
204745
874045
730148
958317
66
588020
351607
31115
827725
95730
416381
380690
979339
154122
41781
656509
832320
663585
810015
39315
816354
315278
334681
696985
282017
134313
154817
883721
16765
461167
457
792167
930151
654800
812865
986538
26643
974113
636140
875797
543086
659319
502274
448677
482568
856189
659865
621832
236930
61644
936228
935960
106385
763334
149731
142112
354482
415304
819769
911471
788728
89011
153319
765559
453181
622341
55665
893862
925264
330845
502736
6351
855330
725627
412574
34891
491326
129595
775402
242626
102714
397603
517610
2939
136117
765234
997569
780672
153308
819818
750703
450227
368030
910708
851222
340912
292471
957130
439980
759045
495728
858647
187548
412414
741735
248904
916303
4579
34483
324474
293812
230777
809488
496983
250663
178413
806515
15767
44191
756365
488402
556897
704873
480456
826950
215353
878261
920052
933167
141906
316130
553874
531379
246461
162781
368014
582715
739356
111017
502756
928130
991401
875615
863745
771137
713335
166774
577257
131287
967736
938006
128427
903642
160098
654281
353197
171985
818228
290751
687359
846783
151498
715041
550049
840864
563135
939891
757257
872490
965017
365103
501838
17219
998321
826373
225103
424070
955390
784070
728639
325152
392907
534843
854244
278205
860231
591236
780541
798290
62874
148230
789812
942290
165159
383045
379431
72014
71433
261961
954725
251229
620024
68457
259707
175888
520154
691570
211389
958966
519542
18210
674922
471249
16000
772514
138822
561526
817710
393615
146766
798931
643009
844999
968972
426333
885846
445341
145372
329651
122668
359329
924932
229141
299278
823200
539265
410730
670432
735031
909278
337962
838813
39755
23325
152467
235634
254501
508249
382092
140720
706041
453603
233642
314861
641497
912161
677926
764749
702347
74572
885920
711701
794034
358800
251005
283145
161943
25250
573970
600697
878644
858178
694533
340481
280286
599074
309463
561631
544005
876188
788134
134363
749019
644059
527359
117167
540152
186108
605021
87071
989119
547863
133435
235606
253344
422267
159846
747628
197436
178534
346320
436209
239614
849118
59542
744531
840488
819290
827148
213797
436280
541250
624370
636268
739643
889241
376848
785715
15372
661988
758397
349853
868847
382155
977665
668268
87172
656207
563593
341295
730066
260397
857868
977417
433714
451282
926725
504332
708450
832934
499226
866310
930674
11536
883487
495527
580257
777425
501834
732078
932039
638455
865156
3975
671906
757308
418133
839476
149641
842861
783336
663383
994105
156437
207149
491602
998534
905214
43761
155095
391794
260444
195923
152933
542046
281758
545468
353990
531857
664401
540297
973418
458163
860540
351275
609792
718971
138086
550538
413708
884028
421119
906557
620603
38102
551786
185896
126947
625217
651637
760926
577902
860968
652242
527030
272555
2281
322861
691256
906622
516326
375725
721071
421163
186205
718195
103135
73790
705591
17287
216187
276391
998515
122107
469570
765547
15759
263953
3777
475721
688836
466582
822054
824518
495557
941973
167413
74886
50706
579585
740240
286359
871033
855727
538684
997575
264354
827699
260188
792157
836838
656537
693806
831126
689830
172673
537225
960874
681359
713929
912025
380084
407788
550946
224867
385938
629674
445420
35589
468531
763153
557891
870508
586416
112155
606296
443798
647130
527627
671373
230746
610882
517185
375737
644966
827398
476298
652342
790916
825164
45523
988839
473408
682877
576622
80397
158209
708789
631137
171363
337117
942466
935482
393138
693603
817306
451251
678312
532208
406415
127496
129693
652628
340276
299409
140627
510726
872193
530925
381585
514284
614422
858869
6374
649934
624954
836693
824092
558126
569695
572759
95357
652591
563197
565847
783734
230606
661401
236697
825
183106
146085
807148
172073
524355
436658
644543
719064
998600
78110
765348
22027
577042
677576
859435
660976
369375
653334
260859
512451
255651
593026
620676
331012
884673
691417
920016
109728
652890
444764
788111
829060
249620
274138
276568
420770
803841
44772
491704
498801
573699
298264
217604
862529
189145
156850
576799
399686
541848
282138
473612
678277
919999
587014
490174
838583
413265
221614
58897
156065
514790
610270
514272
322671
119023
57964
81749
338648
171488
100277
401313
63740
87779
808160
687480
490470
30054
896685
777698
702207
846150
209408
781571
288403
915462
629596
63326
168595
259163
87415
352016
835779
315817
426995
948861
778631
33624
759897
658713
870693
702057
365482
109273
118275
324348
596666
28405
868288
885742
120760
307596
950359
487526
601685
302575
813522
604680
78643
895731
393025
504609
456067
295712
902054
439726
639728
400631
384825
100511
616313
2484
394213
899583
44622
393209
48802
54180
247292
178122
900169
126521
443907
344577
421107
495431
325899
300001
929724
83003
347957
940077
35346
134900
759442
658083
121629
602957
773768
475349
184149
974761
144951
499119
296680
136214
122746
853683
553302
625867
857739
992603
343213
615324
791143
506598
342837
741432
272275
942244
361595
163042
477021
905302
811564
385664
906680
504434
771164
607734
223424
569072
763391
575634
320295
261236
255706
44062
890792
986217
617392
996064
542593
272604
255262
180270
336927
286334
199486
841247
377082
899019
351175
834990
705517
311880
599842
546783
30625
808657
561212
837417
439731
71375
513931
21760
151158
496406
542707
208933
698184
695471
560312
29612
585636
920726
323101
165645
49440
727258
493553
928440
393545
548054
652576
934030
713430
765235
65713
904375
721383
306793
539985
838936
809838
500355
29839
103747
598917
779705
867792
431026
925217
132606
719037
35074
936158
212304
439687
52724
740329
897978
479968
76070
433518
24080
770882
848634
470729
492548
400795
795675
541629
614652
45444
976502
804165
757072
880296
884785
771204
23292
446039
344097
395570
666696
991953
715406
581651
486937
946218
653807
722718
346173
659730
489826
128680
783971
63372
949377
536961
355755
989126
592318
532485
654276
559212
735757
760351
978601
910312
996146
157948
731365
471371
30884
931197
251393
687402
800
728717
266376
923189
547490
15994
632329
397600
220227
667822
948716
442719
802512
345623
464527
800298
949661
62245
270438
536834
44109
467683
79176
560040
588171
211685
83264
198634
930924
746342
610007
76237
641906
978505
492
482211
194157
54001
978640
337335
227020
304037
742001
904711
618271
942087
572160
168695
533760
528470
229780
99737
556451
264964
300397
446521
433709
814695
960324
540736
700452
13610
288286
719351
788478
764528
161688
897121
121072
909223
11430
279406
925002
182749
150092
228591
599419
392789
593943
392295
586680
632894
505856
23038
335406
457733
80727
6936
446269
273619
133342
824034
601051
973441
968030
669649
200953
316144
193652
881822
678108
447459
949547
111186
633239
845217
978306
475665
604923
168964
840886
869038
125433
201203
525316
985549
152379
607413
285030
218985
969869
123619
279360
630580
588746
593279
132878
475317
862561
261069
548176
977282
313619
594754
683823
978038
34628
428820
9835
877971
239020
315337
273242
24246
269874
509982
476915
471108
20274
474416
75088
217531
788685
588438
162595
83525
895762
74441
700565
236863
974708
431371
656483
692536
130256
829335
673374
610029
637189
33257
76551
598727
416669
52602
622586
309434
499918
803810
756973
748737
326560
424482
514650
983043
447783
485390
658311
799791
938155
373135
729333
791557
800707
71390
535480
336711
958501
67954
468612
103835
932699
659595
601660
264986
627893
62288
313523
436357
474791
272518
232157
865638
429676
482108
688582
486507
759619
996044
926486
688013
608218
513158
453157
619581
588567
910
17695
462468
444278
219293
920060
669679
30870
986286
551402
571680
478798
960350
665244
450353
684154
349132
600450
393969
435235
554487
840127
664422
713418
755863
421987
589354
338306
760219
238098
932244
752721
654281
239787
295203
261908
402151
301921
903492
962879
411109
237394
43259
591648
852640
135465
62992
892067
215627
428519
702595
627847
34868
351754
886651
834228
850691
662872
992172
307455
222235
125880
549284
698123
993986
779130
488859
135934
964376
139918
636300
36961
796859
82692
938892
616083
151153
157733
769742
896528
525125
275859
155799
620653
422267
73032
863580
171001
999863
792378
199267
682461
386013
262560
949726
834824
776860
18183
206361
250429
947846
993303
700894
25638
138831
279753
337157
269121
808600
425749
856582
549593
3924
423658
291989
618565
971377
648129
590289
319744
111615
126710
734318
812793
140621
548510
715697
813363
916821
562907
70474
660692
843937
503595
730692
904652
691856
426832
830731
470282
566909
651066
897783
355957
447180
553413
802138
418187
312156
73260
377892
836192
909684
656259
556479
123040
960214
314459
744658
545318
249303
854500
891923
842504
881683
222910
5290
749404
669959
19625
870855
354614
427134
390648
163599
300809
517456
623175
331068
564190
239434
962238
481159
296040
973738
895163
990246
684057
727894
300736
548945
628212
534700
396293
945616
387708
601096
425665
261946
750978
725496
4111
991494
256958
776395
451574
109979
989508
113148
204173
932269
573023
595711
871912
427739
268482
494044
184585
470284
633778
273092
631977
817378
951104
566801
264887
664285
157799
67821
953997
196362
454148
948261
976141
245384
35860
914725
831838
779463
266790
631889
133921
829547
910969
619104
557201
293494
337709
753158
676104
734729
285480
215321
547848
935712
499676
298836
337764
328917
557626
422521
964956
505623
751820
96471
156195
230183
401942
639744
242276
434967
355793
12477
312521
495965
787128
927280
141100
517517
543835
479749
192321
938734
845358
348294
658777
733531
898552
241024
73942
217207
682709
568258
259951
431712
292623
904170
435888
833563
324588
127874
613023
902099
343398
384350
839977
222666
860738
166071
246673
847548
372085
903578
2857
147008
368583
475973
207507
375732
931540
951107
312354
704000
550422
528892
141207
620268
991542
53875
879330
172637
999
713276
165904
210519
296231
585934
31530
975268
891408
355555
446009
252827
870404
399603
54198
246697
66285
968570
58904
818194
582722
766415
175759
104709
609347
844957
279344
997772
471577
749619
30800
578806
882248
227204
101492
22774
13660
354914
727340
440665
787278
322005
716130
495085
208958
843318
900364
333818
629289
27632
618555
350323
396623
968348
510707
225606
902219
191132
392274
569753
589562
733366
651011
720018
699486
744548
926792
914625
401997
154360
83746
538806
4979
860798
465078
812162
873080
449089
493339
46752
980398
979736
7813
412556
856185
389746
214298
728520
793650
544951
40132
275066
571404
90253
59713
917500
966608
655816
314353
530177
759580
80278
286030
718666
172869
809040
958191
795338
921716
838171
713524
686303
125515
331799
424801
486535
536068
900483
882266
99293
896394
40536
779034
188024
678243
764302
515060
748215
188450
862850
618987
350839
187263
708025
622670
356423
535297
647294
571624
685538
475714
762131
739258
528516
656962
112599
569979
659727
911264
350644
22449
549928
979797
952295
541596
69312
527425
186384
236651
595968
959722
658651
500181
76128
121102
72790
81348
846955
694978
542632
661117
806124
881569
585844
79170
299693
99566
604647
907629
412050
689966
43069
230895
643877
855745
506160
466777
305352
270852
464454
16135
101917
579119
98137
114170
436535
82273
261432
221525
615145
599266
65810
229255
53364
390444
222231
635813
118406
554950
919428
54622
282938
446451
682897
358751
905842
129708
96621
670197
98681
123671
312880
528575
86329
21036
681397
817432
553883
350428
762467
219364
817097
653290
977727
18660
906659
478646
651183
608582
158555
579152
532442
387031
764424
397770
43182
37559
203522
139125
601691
637763
467008
534357
297118
894019
454224
301750
826945
824627
68271
242645
221519
427904
636617
151341
188445
17337
707146
850662
521412
355139
102313
28450
780595
685723
285147
192416
835582
336309
741940
660518
664133
209256
724657
640859
165960
69762
695044
334227
268290
85471
115307
44399
573987
674446
151108
329233
248748
364953
42789
791318
25863
428691
15587
763525
658470
851292
42748
838121
828707
335625
69225
66551
317437
791013
115637
517722
350001
927860
842143
985529
953531
744460
88673
948976
743295
506710
107927
433631
284029
413446
11587
541923
245542
248411
787604
206490
20856
46337
812921
766246
386707
47721
265163
542718
96850
586122
930698
834677
880327
111769
923020
629893
993470
906047
558622
836579
262498
927560
142961
778459
208504
975334
359061
878182
244654
453646
573513
57453
614626
930884
147274
596935
636573
748558
710104
808585
113775
91239
436657
176960
964701
366279
28035
874760
675732
107726
426939
631327
929549
253118
887825
104685
960913
67406
790671
262797
615189
345177
775477
59306
835105
816361
225770
868591
508946
568359
889062
309149
738247
642613
808619
69475
365448
558423
528205
937075
261374
491913
945525
599719
957411
770135
476995
544955
762599
386487
65288
546978
18400
371215
722234
400562
936843
919236
538279
368429
261254
554620
780094
651836
322644
260891
756071
99737
77685
675533
611042
757618
132736
280774
403603
358072
993007
984762
207151
100328
689896
731577
810617
393390
388509
355936
140391
241977
840450
658959
52166
393939
235671
600170
787663
254135
455010
266460
586607
556681
233379
735462
802353
874062
899869
901357
852378
681939
796016
854847
795231
164482
150222
879970
207928
512822
896806
424995
887949
958727
155086
249270
875712
185765
8880
486970
47511
133656
649494
577676
969976
695458
626558
261066
934272
586263
75540
745394
400787
735439
500698
874991
160423
888093
849850
339490
618631
340863
555822
227385
301656
847129
366152
805858
32695
69005
195378
330714
431722
510354
772668
304607
262480
180725
449809
517793
931751
222941
646807
481975
327304
122766
771387
92039
412586
629771
414151
644769
330597
520810
406198
196941
390616
113069
810515
82295
190671
527586
572815
267797
999182
391111
339130
141672
382021
809335
203437
420149
886814
14017
656731
135217
200591
535624
796344
537814
111148
225151
786630
338654
346159
499406
570500
865060
609090
964647
298175
621255
438155
698526
277218
843789
313588
591529
181818
184167
726592
445225
208574
288637
206152
907485
974975
848521
459845
189184
178796
331090
853806
510825
467288
43692
535211
771990
945215
376205
462575
255662
170429
543942
114913
508629
996070
633681
58197
96375
264443
435261
395335
654646
747791
139530
747544
576300
335724
35035
251849
877888
198157
253144
860472
485438
364924
360245
869072
881752
866617
122053
716090
194358
920556
894713
323165
492472
431019
182365
306639
889688
387112
711899
810170
701178
673524
811808
847151
111893
87607
879341
929260
952185
577140
385917
4189
698750
212656
978362
336708
606042
690367
747125
108859
754494
86444
234353
840473
145040
424105
290589
353525
724910
726953
872383
503620
163581
198111
689216
661897
794941
490125
95592
444911
58533
803970
419949
61810
452124
375333
815987
434643
532900
676401
351297
386702
413792
196793
795900
624860
390298
269434
439215
134630
273155
80708
224343
890856
987486
41796
349698
330275
815430
355546
418656
974485
211840
559516
398390
533679
775104
720475
328734
218057
254078
940594
296421
427185
870180
318799
158437
822859
421407
392014
614581
126061
944998
26269
893948
396482
340466
675338
242214
573891
719836
712280
673692
879149
816554
262295
217047
895626
460482
794294
650592
453264
274266
386921
63723
211679
121739
317166
80694
781246
809386
732711
241067
593629
836333
369513
844626
16466
165686
20970
184010
647401
526966
441586
234058
538907
774992
753334
623258
462815
80272
987221
405274
92013
346292
346257
904484
61421
713381
848484
41132
585175
402884
203888
633412
19064
705066
236557
144365
373034
960880
314214
898156
172153
866984
649518
100350
383254
829592
480058
628754
702431
224202
74335
753806
259868
301894
682965
872710
248528
646360
189363
517731
883365
881718
977416
69708
654950
730024
697167
902807
679076
859106
145358
144948
139905
374068
328175
250225
808834
458232
367950
504003
944490
896778
543279
468618
465018
789536
428948
927042
355136
119715
362625
411283
718283
472879
850615
607590
187984
313564
751936
294779
913251
91549
531041
903175
834355
376799
110639
875468
167691
430662
330800
990086
656586
242739
695854
410201
16497
272388
130107
243191
387601
278053
505617
542569
791422
671830
286132
313361
833150
518299
640434
228539
855442
311046
988559
567072
22216
920239
263174
19726
387115
294137
496611
403520
675209
69188
769633
818090
9737
956644
316365
550723
903700
188502
11350
27737
440010
150894
741408
917284
543101
343699
988990
417177
810493
948832
354630
51471
325593
765031
179269
916146
878361
947348
935023
233367
212600
78170
760496
576346
517534
469804
757088
16139
782176
729909
949185
156438
739360
625520
839801
348338
75465
425924
762334
393399
905487
745182
351855
523570
572338
18189
995057
465993
304061
317465
986908
927576
526287
710526
356799
280573
445545
555001
596684
174233
4457
896218
980044
462333
30168
439755
515186
329439
507513
21081
488668
202759
979106
85470
877500
921735
192393
605542
319016
8588
247362
144642
154212
531671
323762
958875
195387
601436
114794
393645
663693
329457
236348
395
93819
300238
719818
104927
488873
882670
795319
472549
188893
668216
478946
702995
562275
543584
785484
239218
898857
309045
689781
939599
579729
795523
667772
580611
773802
538971
918756
987763
399825
873320
702724
197104
481782
601084
507862
401416
904278
678177
147926
389155
279902
37824
208868
984614
437638
429047
193120
171768
651493
454504
861130
919906
990555
39343
617438
700333
83644
130058
52360
148154
962654
5279
919161
533042
426859
87128
394726
516711
384646
771852
863255
870757
510947
176743
479219
947602
927329
907362
830909
651330
789991
496612
565290
330348
433756
777479
944142
243794
711353
895283
524603
231048
60050
762335
375242
282734
757912
417663
128704
838343
100214
365570
701095
188383
817289
207882
98231
199013
524558
123065
106513
726915
612373
692335
898203
625471
260962
193101
995768
138094
159471
344093
595546
196595
504133
532870
631234
674664
826558
415368
155314
969340
259067
623516
689304
101834
65242
583487
803240
44336
826312
918219
123684
878841
476953
618624
883238
234653
337324
42358
886834
158864
765047
117086
838124
958463
42692
547316
846077
290029
364963
74215
132056
600629
882846
32575
363826
560357
439415
821989
651186
139671
153034
316256
475975
895532
379807
221895
553311
395615
909796
53750
245991
455754
70396
501751
488652
748669
100794
127781
446427
927258
632703
8146
179554
642922
823798
983615
519283
180574
89457
225740
643796
973146
722034
287688
443371
421859
629348
996165
588565
375568
107550
110808
904058
858085
530478
542705
830191
472098
492862
27563
998901
325451
832448
222053
114012
607123
739299
9896
338274
40946
603734
138428
54353
616890
639902
915954
455227
509936
142483
684160
892403
20094
872256
578224
452378
725964
520795
227052
869576
157162
145366
558372
256448
737779
426786
894976
645166
32847
36281
373054
25453
452276
404415
753052
263869
476001
973410
265620
856732
241840
943675
14200
596418
583394
605215
100461
990000
943420
832112
872086
58859
125949
866635
66754
967850
387636
804934
55325
570744
193618
749416
204696
786385
193232
237689
813753
282405
634131
437471
631995
890005
518963
294727
331159
649020
266275
531365
431677
929595
315308
802372
121221
403756
944537
892827
909095
483660
42580
791677
385595
681597
342335
811128
16930
620702
283414
867460
570881
570275
730030
735167
49008
264096
234916
720550
439510
236733
206975
256558
519619
495390
229301
714474
571978
65918
951946
694331
628574
130562
815796
434184
484891
130784
398877
436736
91691
363940
216443
127612
849379
908163
59962
232821
691889
258136
130524
917418
783354
24208
580387
662520
344208
773305
134858
703776
807174
997952
262230
643517
479453
114372
437333
913997
309195
64124
40042
115081
497470
205040
194653
887418
80175
74410
904844
482966
295398
183625
751969
62190
172963
861588
294317
402421
507524
93544
323554
434576
943312
343149
235899
570754
273036
144735
971239
689033
903433
11307
377656
509447
713235
340092
719335
458061
519395
546979
192846
514784
987794
454177
702428
913762
957331
542948
144215
44184
168423
121824
523832
787265
704822
465082
771925
732446
101328
297572
284033
804755
366669
903241
483542
221354
117412
905324
337590
600954
298067
212217
375343
211777
164631
827434
345100
495717
710609
128721
215589
676635
467146
486666
570086
584097
866917
846387
58389
332759
675955
572445
308932
416328
908734
698916
959859
864209
11578
998223
711351
103188
740273
507203
355320
718402
583545
758021
340979
466007
562460
172937
917105
815113
734630
170880
181624
760500
875682
172246
737932
114311
11109
453418
814603
417223
65153
284308
162094
466878
911254
277358
376046
263944
88428
932275
21932
344127
453858
627269
605762
968578
42107
635251
912268
940903
611294
528510
623032
528865
131700
199744
820146
835186
57841
122145
823994
336255
492537
966347
388567
855067
387264
978834
915966
735570
494586
194183
300123
401352
652581
759956
809537
932616
158521
581865
932025
51645
977414
189690
119770
944800
366865
740366
210377
348671
197018
382999
782936
398143
60515
767308
639546
797216
136462
47483
310161
706662
128300
58096
54373
52582
471561
974776
871676
888442
296685
784608
599587
546018
347027
495930
399574
91996
783486
866702
92026
856548
724187
897452
369000
748544
279497
881458
888487
101903
105985
547717
231087
291403
849522
421356
518233
636306
578533
101724
82502
528570
824858
863530
418382
36140
576267
952533
404122
142540
425726
510634
69711
560557
896709
927443
284292
139764
742273
750304
283212
305326
954246
56436
110073
441027
126296
507381
841498
251079
620022
454698
63397
436739
501653
82597
535659
243775
686952
573147
582668
800507
877049
735551
788093
813863
602709
747905
314274
136730
250081
734092
101259
294416
751560
200784
633870
502674
461537
639286
266778
197771
246461
959684
550773
542572
434364
218956
28744
523658
702537
137539
260385
105556
915653
13716
439154
343717
681667
893932
446819
386991
999545
6561
988320
693049
756226
674105
598176
778363
192849
445057
901648
238242
106263
559778
262246
31875
353709
750616
787233
875249
657934
339183
986795
214288
720462
768351
632474
369597
973142
359978
952106
818224
680169
592113
36268
435085
26843
931257
87293
141866
758881
729369
55953
260885
103389
435198
992160
415036
141441
524990
188466
917593
489025
609868
160283
969250
762881
266329
264793
136366
142510
719191
169432
195906
797986
460122
410793
310336
345441
974837
93181
566302
866788
905690
120702
315453
373234
540590
298553
921455
208616
421529
167770
21419
259612
220809
318922
607844
254527
922538
920945
918487
747837
263115
655946
645799
366769
129102
984165
980920
80093
786441
500135
278680
166466
842006
113099
293016
158266
43793
259777
627404
446680
812841
48938
359362
454619
718346
45052
167688
388206
744122
971893
827859
251507
728469
529087
428868
278288
935784
803912
881703
484610
731737
223565
580969
714128
74490
829619
741929
165530
513240
838637
628919
672476
109168
805114
895443
766207
700894
134441
431193
373808
203840
915870
917698
833399
743099
952292
924625
341627
888655
548335
608875
568469
116351
587896
952451
964588
620425
71112
942456
647794
574047
752137
984439
835142
245230
42529
315740
43473
884639
309211
286583
949003
963312
777966
877861
185648
108815
451361
670795
158252
969870
609967
951777
727255
607951
429214
317231
575495
545148
469770
662532
762568
165007
975793
213255
262401
573010
417497
554620
965429
646585
739974
849992
483187
286084
89374
90975
57992
467770
144526
713139
702796
454778
572522
824804
230825
444343
921289
987209
888226
513297
820222
738786
455528
947478
858111
67518
162496
188025
570749
389359
822882
644676
655962
282637
750915
670073
421564
532990
768221
383620
111456
847635
584919
595748
255093
512177
415734
709747
563549
611687
932799
235693
438802
68987
702755
547515
619345
152861
56803
626321
440516
187545
515951
340215
168952
475591
165264
580658
281855
447661
517571
502566
536980
162969
622609
152483
595519
304633
502398
998390
949002
932884
186163
966901
33011
693849
560412
57766
271595
942302
809547
503010
576275
52075
219944
696532
976881
141151
40841
443730
31468
347257
466436
491397
287418
85491
949842
195198
253338
532455
301255
289331
381726
467948
796282
60333
223080
854459
405385
783764
216843
411201
332761
86521
200474
268465
822436
164773
980766
107347
377417
263693
54345
509819
878942
820594
797447
941588
425754
555658
937054
740462
480586
963736
466138
46429
538676
413106
255393
293130
589333
534938
753729
607964
332078
502655
116297
625022
538992
199255
376520
88197
389841
672393
628858
152907
470393
832235
394655
805775
968313
358931
689022
74455
18744
326189
33245
85180
206780
422191
35011
778921
73555
303293
109945
38182
575195
623543
845871
104022
696149
993844
697672
604573
377894
511649
195118
207035
171442
234362
523824
118674
136854
927207
89138
153171
651774
525593
256382
714976
975745
438556
172275
524189
154465
54483
223245
964634
310969
584806
665525
573962
618187
699673
121766
746562
765841
634952
643985
919384
249424
864758
137959
302923
284194
286888
636032
457002
459142
147719
567676
20767
641826
272630
603478
894461
611704
935485
585476
335664
210378
620532
600203
976883
160868
273950
670026
708515
554386
192410
894838
989201
656222
681633
958199
549086
745723
835044
98531
920809
48565
43267
682081
68406
144352
748266
715533
639581
700943
176715
224581
168070
522345
110165
540119
91047
765188
523428
676152
601938
308961
565600
380755
602900
941091
860753
588203
190758
889470
239782
882855
562680
578763
201612
773498
461761
616833
926857
354760
488917
636556
969987
367099
913021
802611
765515
147860
421129
815978
849998
119662
371086
665672
613598
526724
625026
584380
385677
716720
21122
979375
984984
366890
295398
18676
457483
392650
397564
250860
755698
196946
201622
16238
492443
912767
221534
29016
470111
972031
375171
218805
515275
769504
149927
544375
406507
252826
394836
35790
692391
742167
834167
792770
908803
184456
235397
599619
241752
928778
207072
282124
418797
314872
757666
590363
528224
294025
593307
689653
554776
483010
347648
806471
623644
566533
270589
181334
358100
448284
896655
610269
298976
871706
537817
404002
445059
986923
946796
447680
708737
621531
38565
950627
377723
697822
263737
518549
120319
691758
793763
22426
380452
997084
767372
149641
644867
944311
751939
748120
157450
205894
905610
969535
561661
487323
339539
434087
919760
588725
439266
733466
869363
935450
494565
791124
682713
22215
417645
736991
872644
360872
460642
626969
783380
821738
73383
103984
677742
336239
340130
216687
432519
991651
283680
121849
680257
686813
353030
224007
583472
343424
347143
672191
624238
574995
252277
137593
491267
669060
854593
23407
25006
419410
373265
152712
536873
524868
431136
470707
384660
404425
851888
134149
984114
281669
446078
341133
263793
734426
100390
274982
193918
20286
589368
946852
557580
375424
935154
790285
83633
79045
320105
992236
178481
486282
926088
530454
154135
235371
494881
128160
589743
714866
864468
417770
525848
112412
916296
45886
478680
330041
788937
378690
22760
490866
227986
384037
261374
250241
797605
351322
437856
234063
266094
466139
387511
181852
693086
690792
537291
128169
31918
890503
765465
403420
478241
482823
105551
594355
205455
381586
350844
119495
385826
750181
191579
384593
527178
610950
512191
673592
186378
708184
921277
447290
339733
676947
856156
673079
476442
843995
247034
887147
44308
313524
242476
415483
214674
806525
599272
590319
904879
440689
747270
296087
509945
264295
788543
875607
826625
704060
977259
117642
590705
423184
926376
926958
377763
367762
276961
642711
716067
129668
410092
722598
275040
331488
122147
912466
119125
926294
301879
495882
789405
329754
2732
775333
477858
97043
880616
185270
292094
713219
699196
406540
359515
68998
181267
705161
267194
599580
651015
810432
634541
814507
673412
675552
188902
363251
388910
444826
94786
788329
373753
420908
208506
241674
116844
388479
400078
903568
689600
726917
989259
90741
14019
654717
102136
201178
776448
507455
262817
646359
748035
437565
149249
417691
341219
93345
69996
796140
689883
649844
939417
20138
804568
670122
728630
350443
252753
169570
98007
243201
833898
161260
262051
627612
633955
215224
676625
783104
694346
798802
215310
289582
25101
881432
137284
803574
643361
621459
720819
655686
461088
526536
419280
879853
972390
530187
379898
979262
596422
537191
555992
321111
327654
149844
922110
541316
84042
81659
241951
400972
263518
813705
890279
294563
500255
781881
114174
969254
543304
157862
495219
773577
676812
616501
645433
225989
759950
35317
447915
777395
714467
435842
27094
225665
43139
701867
33155
549116
464050
707966
671006
51839
911130
590432
27966
565566
839065
467447
780964
394848
326451
660234
104768
924558
562806
962112
409574
227068
499906
405240
52554
204523
691647
538179
375464
592984
540745
830601
846528
604829
818442
293517
737992
131082
435839
815589
503823
940190
841578
751394
378003
249496
898567
459364
919077
328842
691543
647726
506490
517664
566718
594133
436600
658523
639101
556270
264002
461945
115331
660509
306475
518331
219264
594187
89019
369138
492898
470046
464341
568150
639350
309626
103703
796873
711664
680889
366508
14628
430138
350129
639559
259095
630706
657053
215521
365328
375374
698217
410515
96251
828488
338041
849008
34763
350170
669889
709757
461434
546000
22258
877143
354187
570431
381290
337246
500926
823392
481944
101247
707171
699145
328003
204662
730857
320164
363755
573375
766738
251110
521467
567138
90696
35167
302058
738815
143311
271951
869609
309911
990689
636819
395651
736108
6422
760667
85572
164161
391141
658363
630327
705016
569089
992586
619765
336758
911857
511923
64380
968680
98392
470975
422713
574800
711818
650240
135489
901312
878556
875382
505774
708882
433420
367065
210875
651297
234990
729877
395929
85121
955407
550112
514253
677048
89246
334172
541233
688227
501780
790116
236344
824897
371116
758713
452908
850472
958231
593916
928430
714042
346262
723648
9266
920558
253311
82531
297230
410951
6830
884812
811434
506686
573689
467001
237421
954536
162472
977725
380306
45189
856514
55300
354928
904463
633330
183789
115487
762665
936359
632151
157276
167804
136487
584582
153379
764921
310014
976669
801331
693964
613023
233355
482468
265781
457424
722263
999062
178225
854679
441746
52218
585322
582174
533337
973051
86778
513430
169900
659346
695468
245805
354080
897940
114011
720843
413119
239827
275928
530204
603419
569831
942045
380762
842662
144930
222186
79983
23047
721795
93503
154950
900925
800861
843661
383216
670170
325809
98759
150597
596006
740305
332985
276586
507227
945375
118343
924209
128296
669583
272173
960572
878324
861902
152113
740586
590540
336480
328160
605172
975693
209292
260205
898419
936035
529760
298799
789754
579874
379706
540968
182112
39367
315466
79831
954920
24006
158433
400058
126354
785250
450053
762963
236138
807139
717389
625376
948192
294428
604452
511641
242313
445649
424271
763485
19626
214970
3064
732488
819314
520290
825609
21037
350052
270180
388474
247124
818434
895400
579895
260850
391410
927500
647873
87097
404599
225895
939585
309285
28903
863323
153298
798202
638830
126139
742834
522519
860033
380426
280429
726434
228187
487891
321743
262374
952401
868430
366729
713431
109247
75969
298028
438126
288094
481295
284104
392950
737268
503376
218144
934538
460338
397489
415556
998602
673899
462526
566153
54454
363690
84857
896234
439966
32366
189500
473779
540679
252404
428933
462410
647837
657407
879239
996362
651107
808891
77936
143992
463334
226946
276825
891863
988612
765922
994586
366016
337659
572116
581143
411889
973952
177536
600942
327531
143985
212893
517255
546408
350110
197059
709605
546227
317210
987243
48274
30862
276264
703204
194590
96846
453785
832817
947031
631890
76483
321012
563878
313825
377756
672312
964933
914599
310745
154924
563787
200326
683478
245497
1037
871372
146844
326734
850466
105612
82337
148240
439736
357594
393454
451264
425156
330862
784361
757875
896216
486598
556501
850128
315494
757035
964868
291543
777211
688551
993123
939329
270509
497541
219938
745
45530
133085
71078
884867
596964
849247
226927
907015
981613
811734
794830
185440
834895
173330
873242
29360
170049
363784
30966
846680
927229
34255
622672
127072
454887
237570
32940
750405
984307
69693
86077
66503
961970
890204
493547
217945
904448
535758
283806
416999
598041
15905
941093
703340
919629
456822
971984
970204
362003
339650
156658
833322
16584
603266
332384
536985
169099
278480
234306
500460
182761
66125
4502
170480
842472
822649
812929
258976
275418
241543
685379
16086
181292
821825
358461
355111
12040
581195
727862
846958
769351
771973
515308
522285
11631
937762
27024
196130
652184
662298
919299
441964
317786
770159
377478
422339
803473
401980
119496
464865
979188
229107
803819
2611
166478
803518
437892
998337
855916
104591
506547
122809
130727
560416
842018
859317
954698
851195
961951
449132
729237
15102
840846
556398
627737
44895
135940
293108
847914
640276
947188
3891
353406
279336
887986
841640
267185
213364
481946
394963
958606
707396
333417
592338
84442
658018
179597
237135
255827
235652
730344
320242
657167
998
160086
587261
903880
845088
10888
523604
385851
487815
965339
263201
44153
183139
140581
587975
27784
931699
231060
394621
75893
702923
817675
148690
426396
18385
412184
245984
58686
779984
661900
243109
563535
168496
190328
74235
824825
9798
99771
679556
89078
495320
494739
998669
249933
483397
176308
47450
267811
159712
851116
269898
324912
822464
348550
882197
721892
526494
379146
685064
29589
755785
745166
681528
73633
184827
789898
726420
948133
225510
608892
52327
511928
109823
605121
130617
851480
175017
301219
443666
22859
74926
146815
197373
369829
982864
83956
745400
672204
22670
713934
917275
739915
79003
48494
878914
147451
129140
990989
870379
820998
686109
53821
745509
311010
209059
386098
223668
789968
373054
34869
608936
498293
789695
475916
990086
684735
886972
759138
844328
12502
830555
662148
458195
15575
699559
304197
447966
839575
174596
477036
134431
176811
907510
707127
82036
796408
693395
836668
107847
132639
190064
555103
690528
318288
332259
392236
706802
259965
529183
898078
62203
784568
633414
977159
591634
232980
38679
55222
380477
947052
281781
801904
457695
411018
551133
870849
30862
140094
13715
245615
855607
832238
295854
711653
969280
881690
695768
611420
842972
951076
83553
985516
324112
147675
137534
581085
488099
479142
723147
359779
652535
165577
146252
490244
485556
338205
564302
596936
435196
639591
318107
454574
706260
251614
561619
387357
961688
921761
20671
333608
682206
566623
523758
79087
714869
693908
19732
886694
155192
859727
536181
472771
200102
611749
356032
65417
850528
447113
648433
992453
736604
604051
926192
940814
519547
67036
612297
999976
258230
3138
98640
706852
716735
453993
908028
576354
3888
229651
577556
106619
134059
621924
671541
230976
628578
975494
737752
707419
929938
215246
375875
96719
274876
188229
725059
158731
231583
90880
218737
213314
169521
993654
516224
395302
970466
464166
727634
153722
726930
996173
922581
969164
128141
457123
834546
257885
869752
284979
446112
518345
716539
66313
62591
83504
33092
604519
937373
793349
430913
888800
87909
589039
518130
5590
299218
567036
221191
592752
185748
615237
890399
805870
861157
180657
865314
754461
81929
914427
193399
131228
230052
991505
989779
110231
980775
378704
95402
542829
737854
5666
473938
39318
989514
513636
744930
706660
872173
320859
44083
286196
341481
309381
583481
410115
411788
251698
385413
341853
143603
531413
962765
643584
337952
774199
51986
948354
922104
618761
210351
285948
74966
324315
415255
184432
454579
996991
740325
126586
646360
652403
578009
667052
764712
434760
340243
564768
477313
146502
889449
808633
673681
883339
368917
246846
604199
102755
213212
174226
481406
474090
57451
307420
301614
915391
940465
880650
214839
552147
817064
678157
185261
339160
231526
946365
199222
558569
671272
617166
122929
413192
899576
760140
407458
364862
383760
30393
577920
654976
228680
431667
887970
379599
962139
684134
80895
657387
209202
609671
872400
663075
89034
917950
622898
895081
302033
202112
217904
599577
997427
993033
309753
488168
887072
64145
628699
201459
875986
425380
904026
546647
595937
950437
760938
953742
344321
468709
24770
208263
758678
22306
962405
944254
415809
743940
979736
508039
533601
651259
967293
615924
296691
882022
582861
442181
211100
262658
352341
65176
834805
545209
664586
111248
513162
292648
244561
515963
956977
310090
52564
758522
546838
675176
704679
21014
412592
721445
238324
310479
250657
207706
216246
979180
68669
829708
458434
41152
361452
442145
848378
728293
385294
396664
768076
432620
183794
800616
49874
805446
293959
203717
258042
306252
111322
319946
565633
271121
696944
992132
740617
51901
467979
878850
414795
313066
74068
382713
454755
711589
483987
653671
553516
327669
471863
481552
208756
836778
26762
66273
824728
188206
342797
295362
601511
288632
454046
517698
629960
996700
248043
865726
753248
512035
80165
466421
260007
54779
447196
59984
941549
962027
632517
641996
666351
141994
809505
217251
368160
958246
899950
697422
256213
492113
274855
632535
374271
711144
969764
617562
431114
80639
979887
393164
750525
869959
832902
64491
797170
129971
886277
662678
770477
834654
582611
153709
982841
775261
897403
512423
150745
816486
121471
971615
36744
75293
818452
511250
42935
268186
384341
997508
386286
129890
794341
525380
445224
971107
411928
199616
224638
395535
482560
122078
517746
801358
286884
510174
203162
590705
495127
394854
883436
120580
612509
108579
481958
628424
658026
40494
770676
361921
565608
840307
972570
471890
208979
150325
802057
241195
915418
626618
628175
22952
639655
616527
559149
640585
239243
606642
651003
921349
176712
571011
488481
335355
932976
929106
337912
648547
297767
706781
472013
569040
810585
489654
340458
458275
986278
541748
480486
654067
908873
222152
273454
748794
557432
515956
156546
624587
958201
431445
70453
624838
224548
451498
944503
553090
560568
944962
454104
864922
368438
448049
234965
435769
445081
691769
789826
597665
674206
131391
630347
820081
933611
855120
520196
115513
245811
205709
555029
510114
173099
298227
791212
884409
833716
582530
248802
820597
942383
15032
23899
346028
41391
554832
154207
615920
300596
310724
971690
6787
995961
789297
67278
94175
871176
969773
692592
310462
246789
571592
411696
942776
858360
185738
898636
404446
9480
720829
167598
6517
383237
327923
790525
589808
443275
117304
94882
886422
184725
294411
304041
934622
701927
569386
440165
53510
770191
235909
788118
228007
784463
131032
649157
236615
884757
821687
211146
418808
636175
232596
2075
319162
982288
74366
660516
107015
85606
73669
528396
865119
264597
401839
690536
579058
502382
365064
599427
219732
889493
76181
391711
748101
119108
97495
250640
728188
278942
632600
869052
469121
805136
211391
328571
910243
875821
447538
608272
104493
111020
117179
263784
865409
156192
562260
113232
92406
76418
426379
386590
779430
84543
865604
439731
474544
510341
699445
226751
815650
890991
750202
901093
796869
178783
436169
743424
781635
135192
383858
348953
961442
833603
194012
354207
716725
26588
882718
913138
76717
123240
877151
164024
411607
806276
587516
611271
655478
224277
235067
257630
57999
360563
692528
848882
584934
91485
731707
61815
557259
826869
204195
438576
769120
216206
252294
572859
501787
327643
119820
761660
870659
381879
184841
18229
545450
677638
377863
495932
729782
830021
47497
892739
382797
985956
759104
792104
157250
208214
21938
46944
49009
3400
869003
823610
21997
675322
932257
644465
230767
19309
903707
686354
913832
237325
145001
380361
15007
339758
151623
724830
60465
637960
132126
93378
423747
352700
197411
596079
939135
515556
144287
996717
632201
191186
191349
978602
28676
758398
84645
455717
368395
219027
302881
82549
26712
599449
794228
784223
158880
428772
156442
965513
989076
113788
946094
324033
110132
351751
403025
800501
548762
629109
289207
490696
133116
741138
795968
184479
760512
398796
989583
124045
534913
251873
527511
507791
611547
267412
535301
107062
482314
751930
343845
281828
872232
63673
973055
811040
312992
843094
916288
898496
104159
899229
175249
126224
255601
752804
580490
862189
657003
712575
629180
522866
251771
959474
995846
412802
315881
860721
50852
703288
384798
479711
657266
38070
302314
867193
176623
141854
323336
453887
512709
87178
992908
459893
931973
521316
100686
711353
428217
924966
746072
993198
932940
62468
458832
921813
410817
216961
604176
457220
110091
192379
573949
722656
302789
590041
450741
303792
53430
709414
889421
936086
49311
528809
953658
581548
822969
408099
519558
230193
657071
230991
739205
780912
349190
138141
854177
707630
934547
104148
733264
181537
152739
824926
240800
280247
209377
53604
681179
522506
238283
204629
301379
242606
528759
443303
317990
936862
270510
763702
765772
785166
3321
761188
620449
29636
7755
654673
767124
132551
661902
940419
228783
37895
616862
296587
945127
889214
491516
976150
943062
404744
267092
834564
303425
593855
621238
467950
584564
789289
874455
439504
862644
70599
691224
566918
318865
23524
431574
436429
834657
433918
773392
36022
429990
591855
630331
305731
63505
623734
170398
603660
513326
339070
805056
492405
882150
262208
523286
297551
207224
866627
591211
534058
740427
98689
105148
266211
793796
774741
343212
874332
892050
189219
265319
768182
112237
321256
574536
307979
485493
613935
508239
459149
389618
81908
694110
658625
224296
54445
182730
108344
147803
180369
3937
848704
306333
899708
949726
911104
310426
141383
352367
351434
335354
303429
7111
559687
173767
702356
884399
795231
548594
526687
142463
951342
145892
356283
122178
820470
963668
329040
262980
900244
817879
542229
712503
762623
252330
461656
533079
961793
531099
652852
689749
162508
120404
234220
750721
530053
151271
172262
101841
404557
762085
874806
690488
205778
550963
244267
557633
468432
121029
629668
958419
751948
700736
476788
422659
956552
404725
490005
290333
724086
698148
155131
341326
640277
956885
615003
550559
764848
754296
471021
113269
313008
52705
235484
783592
640641
366791
197854
489126
131177
955504
690251
742259
650615
694766
384774
530241
507245
36674
88379
606115
964186
954631
351073
359177
923432
361913
713172
811296
614271
1368
935473
632107
196233
740052
844384
628224
294102
193774
486125
251434
247928
973013
919814
281173
508158
926927
354099
466092
737709
15159
753025
413879
675932
157554
49534
877011
317780
232231
137899
40131
643955
985760
418824
416152
847283
280255
910753
50524
882214
733784
121656
858235
352931
670709
809816
192481
576027
173244
612544
811858
270900
490855
894863
763260
891138
379395
837167
747797
905434
438307
199776
470370
939069
144116
977886
718651
496094
236834
934352
71011
242772
210280
38811
765456
895763
38026
22663
304700
345364
584516
873183
862388
363271
28218
767504
228534
469313
109459
919464
846091
413014
900836
683402
626684
694157
577106
646692
973394
507079
218932
853620
699557
506019
57887
995152
860500
936514
878350
468224
476942
37766
473954
832125
720470
227036
766034
713881
976282
259908
867512
323436
689457
729013
995286
672950
114386
432259
136848
79808
534326
13163
828534
661790
468422
18956
258726
407267
804606
328698
188052
368921
545905
714486
561722
343929
118802
173304
346140
759077
660876
795721
361371
955192
344313
108297
182876
351257
485568
502345
199491
56976
320523
530130
499523
329188
91920
143198
701445
956832
24639
616888
369376
965764
864967
261153
495694
578969
864145
626790
662239
766652
354102
97479
850351
456287
812627
139077
933624
390873
426094
91943
139407
513604
239877
560531
488167
750251
956455
607200
282730
493801
722015
379353
910549
883671
401196
2782
860050
912047
560585
677703
381308
358159
887647
912470
629154
863069
21399
545609
517928
866739
33812
365959
423347
94202
955260
905480
500253
320376
610318
665385
543605
969208
442359
123675
217643
3967
489060
32493
18444
239618
831786
254275
957233
615747
564932
52974
920634
256762
663
781762
504968
244960
380031
568645
795550
382809
360417
542414
451588
883347
308145
106789
94517
343225
785277
411153
604224
552273
776826
985040
528939
647727
108151
956364
380568
177086
590573
383056
934122
21694
513037
488147
958050
186056
260573
118466
697510
138977
784535
124695
508737
829899
516285
10709
940682
944318
106287
60544
350974
325377
71998
867296
772493
720841
415967
589903
854396
740178
30393
280445
291380
964188
269977
617533
660996
14323
48405
721199
743753
700487
506590
250043
922217
372961
453218
776461
73341
224119
801879
613410
710022
348586
276404
777188
480909
140238
512980
395307
589167
861296
555948
302451
243108
153671
931561
385075
18475
421593
794368
444334
748202
575740
352842
589784
433886
977851
538274
766074
202951
546738
539192
330107
988098
673133
659983
213293
235310
720387
899614
636815
355866
420143
274137
405770
172943
570509
610587
579985
524010
667484
655473
465116
365267
991974
589381
415665
182899
357630
285009
432936
662405
213267
422367
240592
679658
938658
835103
73205
940167
771060
420498
351017
654549
263394
779360
770098
267006
809951
599445
11210
762391
39781
678665
796697
406661
55667
701595
258014
193663
226544
657943
143723
763039
658571
270011
103340
685290
19227
132799
9105
288579
977764
308852
913655
837923
851400
588277
954919
511896
22223
478878
959143
490073
391972
202248
687241
18865
50757
468951
786881
382493
746552
982997
548587
74190
577244
576265
695506
594838
356380
69788
500944
136950
796339
802416
84915
273067
629078
58063
108514
946178
775852
277256
942635
137477
931674
170876
60037
736874
711332
895557
685905
428883
743137
606116
748833
156866
761847
579963
184774
341125
697486
839187
822740
129640
959561
251138
467336
690062
852253
530682
353666
967588
990739
932969
9233
753219
503221
257830
858800
260434
97660
608298
439159
397200
202356
989571
42099
486633
33506
459261
306586
766170
853813
970946
473649
496402
119072
356518
480942
205841
138672
483902
2980
402574
900776
718568
853628
405407
519737
913578
126142
785393
171025
844882
265761
127734
938225
341635
393969
708372
123129
286767
565270
878615
775950
715490
439721
946261
249189
683492
165488
212161
681519
667990
500144
884575
360379
493185
836399
439112
317701
979328
239206
116079
966042
695010
832391
837693
967417
3316
395795
936249
51683
111311
368659
570836
190740
866181
736496
692570
652418
711845
577969
221101
588624
200949
345825
434360
459657
181955
883317
328622
831750
575703
138922
839311
573626
162620
760259
406497
494860
243918
35067
164651
793807
36915
272262
163193
800204
481612
166168
451662
900354
122233
962451
789735
807983
786432
232772
792437
863414
316930
442155
929225
843055
518644
825654
440120
845834
82767
51055
697819
201067
563093
48144
769523
310107
209251
457620
268047
690205
537756
332519
33334
793030
444673
460316
87963
31515
54878
53765
108129
950625
458895
977034
183595
208564
53158
485533
516670
694980
31912
479814
942483
323700
492370
9583
240380
123713
12118
754465
637651
29975
617930
900798
728565
603825
446101
418755
316779
804149
120774
765192
142246
353906
183847
216595
118504
300172
671634
828667
946370
247890
896424
886927
583128
314105
365648
870432
799107
232811
197786
154952
914864
9764
918528
701950
480099
984610
583644
732810
124850
315165
666618
606974
58545
637300
739572
50204
527825
361639
747570
433924
924718
827280
109906
96824
540431
126597
833796
757967
979210
774381
227894
797150
481341
314132
179763
274582
453406
223337
497210
292135
81510
493063
391893
494448
921957
367357
636914
767704
377862
841201
113438
50123
748893
112608
163542
227176
264678
646873
833435
954287
366959
109494
59323
654254
61361
422959
743416
781800
82590
955041
529936
777490
168758
89653
363078
725857
665243
575331
696716
174636
652037
592367
811962
502273
217274
235525
931922
228575
104321
997378
904283
600927
561585
707875
626913
155974
365131
883460
260487
409098
711562
38546
161828
648429
814204
264800
471462
156720
783916
279442
280054
642736
754496
770657
219527
266701
164945
917684
112014
851322
397093
210372
729696
42134
405113
845180
745183
885967
875066
425185
545092
581539
42086
447412
793211
849282
10249
24054
882918
346748
552846
963370
137245
413422
420607
994424
678276
980789
803449
721727
72540
607755
350949
451812
660451
282052
165606
351883
399142
204283
355608
295912
682679
163222
86430
649988
477676
366656
326155
545501
656116
314718
400264
430534
283263
52396
100469
232873
291746
492753
921063
497076
234766
835071
327791
39127
987629
950091
355998
608851
171100
376560
932200
584923
794078
873544
144921
777983
432494
409293
254992
340323
351407
183100
46693
578953
375841
777362
706511
229522
48379
100969
219713
171653
181753
478602
1545
650218
518863
555820
980622
884625
425611
471535
702302
845236
469278
529699
873181
952366
823942
714042
561700
304765
999649
307240
655628
737693
431115
550564
823525
537391
155372
646402
585020
76438
525659
55252
110344
748575
287366
576760
277790
399551
86872
818050
225949
547967
692320
687079
469903
303073
98116
115056
867618
189677
796311
476361
907391
506413
123982
146456
333217
924618
702923
412292
522669
125097
827196
155900
447553
286546
316761
546911
89839
568214
450589
534346
467762
406897
155992
53417
542484
987225
918183
220161
182650
679176
415020
738330
905343
1377
914388
516914
976146
935104
1667
135161
351478
406485
580320
577446
189297
270971
986129
837287
928363
104656
860185
242684
615673
844334
923520
788378
857898
439440
886763
828247
360399
28471
726014
957052
790260
681537
221939
15907
91494
720168
993886
872688
654439
324039
779081
481782
301427
674791
301427
968868
189747
887820
823592
293839
770345
563461
795674
50252
803651
954419
267277
296865
527024
271280
986576
88831
736345
962669
55684
590269
385970
2109
905137
539816
81070
324827
4081
99790
376555
95354
934384
386987
574247
488705
732962
784354
92668
780097
826153
12936
534979
85131
214181
616864
315871
589172
699992
357678
369277
991981
144002
71444
140534
206243
702414
291163
136426
181603
12892
639725
349509
946788
755830
236308
402168
870259
202141
42541
959545
842068
237113
300779
111752
917190
771393
172817
492734
360395
115140
246210
386849
662245
265236
736789
857940
138740
412807
96304
947560
999914
859332
842092
572172
545293
906721
848063
610711
223520
17024
872958
376979
554540
831976
892172
366200
932633
226932
860988
901018
610977
108346
686319
365113
998960
725081
680083
774302
626467
171493
272197
210814
648272
678425
120516
799689
892799
921295
716672
409761
164983
127623
931829
261800
308177
921761
373295
390587
317633
146869
459887
325697
657402
949110
524246
749581
477385
457370
833080
290192
142508
818596
602854
352081
450424
812224
364637
987968
382044
246216
65720
934541
95406
222139
932103
660508
661734
311052
356866
160917
400097
196023
878645
192925
719067
404889
569320
667002
121300
647452
31769
99672
68185
16019
573661
704819
807143
424674
893583
400463
143087
407523
375416
177352
991667
714858
506506
883710
608148
497159
298754
472612
936083
613309
298749
693972
728410
119313
136606
220409
39711
204686
926945
399320
260110
443783
206789
994750
604399
141849
973255
285284
285839
143643
613673
130194
324995
970284
514958
676088
417090
344971
834880
818846
733335
452753
911267
865050
962147
786922
13061
380338
142160
355776
39885
962931
510360
163905
963788
387205
657866
271293
310657
740578
235048
646182
693154
619136
958667
876764
486469
802162
560454
302298
45902
125802
852189
941145
534636
722588
803948
865554
681294
546190
459165
547234
621280
347573
964622
93103
260426
946295
882397
557168
89900
464247
270548
560466
421372
182688
344884
911280
781762
704508
90957
425092
259302
36749
111336
250459
528146
454720
321706
69314
927473
260769
867819
27131
22515
100426
886279
743975
813995
488339
541688
605920
509507
246726
982688
698382
357013
979974
433915
909654
333044
652421
620818
180215
18927
257583
112962
652168
28105
398531
723178
775992
620926
156370
885005
670319
214970
772410
797974
616904
523686
395117
447148
173189
277920
287412
867184
182476
867932
324726
62115
82352
78568
326654
340824
109807
905371
168909
56078
632038
908135
8149
44021
785077
385028
44305
99663
326208
90127
667181
88450
512371
623923
187366
528549
204499
33308
739445
879936
172632
788545
202480
590011
814477
253123
959666
751475
504819
881978
836415
796114
201881
526456
698604
52942
376332
207492
659170
796050
667170
330363
313617
816103
113210
104919
951602
941773
222357
122366
297683
68580
450487
414023
926333
863859
634927
300331
879337
914824
537359
221436
225724
977664
51731
179161
86169
790562
921010
578922
714433
565843
853288
773994
52943
911682
544031
152172
331011
956569
900281
866958
624019
667971
805581
354301
705850
730392
635146
182113
503527
801972
81957
905327
28288
893037
943698
183335
919423
878115
71413
469844
7686
168954
566168
747502
549306
679219
247039
380714
331296
747107
425590
223566
854902
781195
466480
493517
811002
191259
743362
239049
272835
671364
430884
363347
266415
734018
333042
639575
272084
940722
40900
259482
430908
807653
437408
526948
752068
249480
76587
856098
764813
646786
49626
950274
396069
658689
310873
587154
671678
870854
82051
36591
896882
449959
206943
210106
223176
821081
293599
511308
59279
362519
860700
441761
800038
317791
206380
806799
285930
654451
240124
76580
381603
700145
377280
930860
333257
904238
622505
12970
494736
5831
197078
8357
158957
161636
271775
860985
309844
151142
697871
302054
448142
531217
247200
72213
211415
755959
835281
756427
54226
135564
605746
321531
912893
356027
915696
993491
262840
801884
305140
383951
84436
341695
706994
709809
224166
94772
667066
53
848285
614007
467210
550743
222979
639163
647211
452924
812099
351617
680790
574080
826415
409826
566678
671203
172139
964631
401375
49185
326491
23158
75555
434172
984892
753920
550779
331291
140605
701350
800998
798622
389586
109609
687972
204312
332142
254591
635988
780349
463400
314765
991090
994957
260874
691869
658796
137597
980380
771757
720943
514758
462327
153853
592171
279272
33245
232041
472768
264796
363977
885597
449844
35254
342596
569597
86547
128266
150951
342770
973710
655625
714203
294251
859075
624069
883650
807115
887416
515897
328937
39206
224646
589248
816719
818316
542595
327331
927453
99565
268384
54808
449881
353377
553781
317929
415513
896301
257007
98131
146623
293705
25391
926175
873411
335025
911436
875139
288170
513606
470506
638717
488512
168598
89193
50417
304757
124188
517595
314658
242224
548134
965173
722174
392436
370854
471547
249536
912953
167497
13971
695496
715743
111915
449526
67799
714154
773695
54481
459306
823165
944280
677488
536726
46784
434868
435826
446000
841733
300943
727160
359402
687297
20462
393110
25633
820883
768440
638990
929852
696842
935053
399799
326288
498342
770293
535256
307577
553707
82095
801237
969557
334352
122557
88654
161159
259256
736546
48876
468295
360436
470337
413259
105685
253331
450294
439977
264753
30531
378738
491356
583399
807699
104805
943394
836207
952496
311809
182214
188213
844208
159719
50483
471656
492608
761386
308652
509468
300806
339947
371758
625834
634985
981428
676046
736461
647169
810197
330660
650329
171079
907570
315362
581674
215638
608212
934782
466418
80570
264797
437127
848664
687140
77863
439302
249058
154923
843761
519502
311508
449859
297098
478761
268519
770607
776040
50955
811768
303919
494595
390556
827206
190854
537726
24049
92081
968691
541261
222195
18874
687744
557329
354908
254597
536879
911638
815348
513822
455031
482241
167828
514527
365639
122202
133339
76090
811688
623887
135345
421593
874612
233321
906924
738286
672398
441562
105765
186442
185195
382414
261671
574607
222754
41042
774319
901330
365800
592463
293002
999543
983329
147085
885582
652466
177872
793397
722032
65583
660132
249501
905463
379246
517715
149716
626383
560042
692005
713777
661231
821846
662789
929888
748635
446430
248520
743866
377023
873207
247725
906558
692638
450407
695009
679038
372824
156887
861297
558830
868355
162514
111131
598581
347262
176933
454016
644664
579166
394104
25322
573252
400104
617562
737163
415658
930006
150488
642816
408548
686465
666589
304266
605418
52194
412035
824751
499945
910770
796652
396154
208913
120951
543770
688592
959623
519152
259772
47959
914374
482811
374542
481473
625489
599405
736850
267841
177040
841151
662016
752736
277852
433286
180860
598817
514192
266126
100240
311902
402244
229243
509415
296226
137439
849298
918785
728007
416565
438294
80162
234242
22039
374494
518405
308225
300366
273680
827632
880641
845453
895683
792225
71359
386890
103513
369925
499051
294626
157507
897425
466690
128959
944626
324155
234479
51393
893377
300368
321187
353782
527132
397986
513971
284843
282797
907191
418135
426970
220272
520389
196041
289433
843762
566767
162988
486991
72302
203942
692710
720727
859803
388773
650805
331692
136489
186791
555160
507335
539516
388620
591630
230787
622406
809443
93276
567639
514063
362399
497928
820425
112813
137743
263938
56233
294935
579524
311155
7030
561167
504042
701195
284134
649260
953582
10313
984905
918630
376810
671423
23894
470559
895868
841437
865956
261514
276422
358861
948851
900136
547023
194498
750834
436194
217740
795494
853306
401743
177719
537497
630522
609516
40190
759147
223301
357830
75244
349913
941247
620694
383651
898209
429137
719781
744369
146964
899540
634996
893748
686751
698688
242151
321363
520167
217992
55577
62278
106030
816837
739322
146146
32699
879794
388824
321881
353459
964360
904693
815996
718753
782671
302224
451288
716076
51658
826440
173410
272355
150460
69224
708665
639911
463882
336195
73627
678328
239875
169826
422418
994595
737722
463394
140946
171940
49387
192257
336705
454193
143453
708882
762042
239018
354009
905994
56924
302139
247343
292464
586203
532306
519652
188227
777243
858117
577435
624265
227276
756818
646480
554497
887817
744123
757508
323652
524945
229363
562003
468311
802259
72080
681202
779791
822973
509645
821480
806578
51982
7729
572534
198872
766258
146434
115876
539069
375559
711955
588877
149166
447143
569500
886141
126573
816427
936406
721219
528267
15805
482909
301059
1041
43896
270099
216886
402653
632857
824058
737884
517916
886448
560586
652221
395834
267986
491457
390525
967559
642087
314953
989589
599267
589378
844542
475808
504616
32043
417932
93053
592157
692078
943423
893990
428345
208039
379128
480193
372992
361137
814950
990855
881017
491640
615887
291556
639136
910119
747785
945538
294469
326495
779076
476801
116409
35865
211416
991083
73770
353151
633974
280436
386004
949385
844314
167959
394186
598596
257424
786873
533515
497479
895489
961534
775599
271005
458134
445423
806712
887535
47860
595256
149975
751804
809331
45248
350810
394925
494545
888943
407332
780255
473608
547567
771369
20131
436162
279588
280009
324568
685277
543935
321748
694242
955161
820986
624616
355205
787417
918875
447193
310992
145744
630136
832588
668
546625
910648
676128
268122
466309
192577
118481
824176
495374
673635
573005
602486
624256
941339
887980
213478
906489
632569
163850
926642
293889
136198
21512
994903
501834
268526
763592
532644
648307
471557
714836
961664
156323
267499
159317
875003
970919
355926
376629
434521
380768
364083
919975
863381
924055
764138
767691
909211
91173
300551
852526
418796
588313
679690
818969
347755
163014
229389
552403
105387
658369
175935
999395
347343
940675
952012
705660
144533
700112
350831
491934
275362
823509
917283
617532
126673
935715
265697
285517
246429
268302
784338
850321
919858
538235
969639
778111
741160
342486
386214
261357
240555
75144
69389
998496
535401
939540
569839
287449
905651
369707
435751
993412
882199
868632
795742
9640
209940
523414
857126
680903
644864
26773
995073
418672
664324
894410
252727
253006
336407
145579
281939
295649
426728
783076
846270
845636
166007
210880
512765
43498
537734
315877
298280
956222
65758
276170
510683
218185
168920
114866
520509
601668
378515
359471
679752
661535
532998
822989
675640
867086
28368
246301
393514
92163
481243
805770
79389
98573
630969
937568
860794
822781
201598
133892
256577
134299
723651
494606
38359
138423
145345
488718
411199
69460
783006
584362
856619
493133
395213
949651
708386
480850
477001
212035
535617
194948
527928
697123
546179
360261
419996
686554
509155
196776
114955
14091
172801
826279
474475
990308
117489
634125
599627
534860
43742
468132
587170
468668
947090
178343
657137
277272
115907
81249
109842
499108
845937
137084
710507
853540
986198
991351
115793
314848
706765
952215
422327
743196
394684
50975
74917
219780
67661
463168
941944
214531
337474
141762
655679
505142
885345
354586
744498
683747
917522
367547
863582
938429
862305
756718
316695
150786
637829
221128
294634
439944
410148
91006
968552
789486
335281
822577
169097
691714
601726
182501
82174
672071
700647
467570
398064
945084
358387
310843
662832
237965
135300
9520
280025
605411
471526
847447
811631
366916
714572
608346
642815
221441
211024
295997
406803
469796
639818
877882
196351
744158
271383
236548
448942
10148
731928
414687
657132
451190
397186
134234
832150
673328
543158
566631
647708
662011
655963
644214
345504
248450
890122
101853
516899
938622
430014
761327
709521
227667
593528
914705
113462
562588
323701
362173
679579
175966
619262
807180
534019
601522
300907
437416
249479
525841
545985
403368
967400
616798
640207
921606
218913
68709
696924
256440
738400
562886
281457
518341
89968
933157
959669
250983
493291
918721
590583
528272
485152
90258
449027
741771
516016
431612
223151
579832
780654
870411
811134
161237
137478
432123
339489
727104
375414
60979
924453
93465
327826
117251
516517
936282
191720
592298
864458
164876
716781
923011
566570
707510
123834
519771
695833
782958
434358
12279
48459
33624
514705
278708
650847
843050
932175
144789
37689
331373
113148
717724
740419
535855
667945
452627
2150
799339
192002
221013
254825
780569
944236
125147
894399
824528
148187
581373
848832
716696
644809
212623
568941
872212
143280
48662
866202
226393
408135
506306
877077
223633
917963
819763
810945
221370
43257
543712
218020
242354
184105
72740
85532
767482
435446
405267
175342
481524
142954
19137
763271
234762
448155
20974
907059
348352
639415
891293
44222
891032
3404
26866
162398
491823
183722
700496
602133
982845
248512
71044
977188
172489
758286
318958
647897
491207
984897
8812
286684
481752
998937
928270
981148
419500
89437
879126
995373
668202
910509
866062
722013
535720
926010
216766
844292
87102
353868
376533
65537
663823
143208
587317
190256
568883
6808
329030
169756
533188
113630
312182
314619
228566
67485
209821
223950
454403
468110
260015
91478
630901
120868
472501
533492
898
781370
176219
24265
150636
559959
688317
492265
930000
633680
168279
673316
79139
76316
465934
433208
880095
153769
157667
765836
911501
972719
590036
838689
294236
645230
551589
832672
108510
552389
646320
124343
49087
627854
39582
501501
847036
318884
825590
524300
278768
418896
13227
582157
29909
635064
407375
17243
399803
204286
208078
584620
146589
993706
615790
692494
591218
871613
199242
63888
929394
828256
382771
865238
727424
651464
597174
880192
694083
657182
77606
37733
801587
179588
913467
508019
167667
440439
622597
970246
917488
149107
707832
735609
573930
888721
97670
83434
243699
336582
643067
495340
821863
781244
258361
536783
322111
567379
20440
312683
449560
919706
40132
794842
456128
681336
953049
35413
44195
277167
705779
242110
100127
242606
373358
960195
744182
478831
253545
758075
218252
439468
222263
227963
789148
49443
322074
318297
671794
390354
974056
580906
844829
389297
325012
423943
927844
561782
39683
54095
109124
702853
569864
413369
825467
982064
935697
760168
807959
750841
532372
178481
145017
303762
609527
109023
804127
77270
411187
763185
576144
83281
51184
886554
720208
538711
565809
76516
454317
545507
509436
174826
750419
286437
801441
68035
206034
855
193788
54218
616720
730385
955594
652849
264213
508475
949847
919517
506636
318480
486886
279357
224023
577541
172914
788596
793389
776743
875171
735169
955308
911427
207502
258820
282164
681876
78158
542359
548299
72009
169537
723810
476542
679761
32932
303663
574622
773072
839765
725033
948336
899899
301970
969741
167507
487269
477089
968551
179537
895976
377764
823734
81434
139844
268803
438904
794484
873240
689538
612733
449549
243862
150404
357611
988225
242007
895582
479300
366825
810609
126762
735014
418986
869294
78256
220270
761772
253232
912885
587785
593360
327969
383172
853614
726447
398856
4852
349682
429329
916979
806638
319255
812486
692604
993525
781995
567258
124186
758246
190078
498707
882824
804472
928100
722971
900943
625253
747901
668428
500100
704376
72562
681095
713054
246674
662301
124139
556287
841503
824033
183359
427921
769290
754837
545368
92818
149384
746799
68616
63028
629437
194937
118754
908292
889727
996184
723953
832990
386602
22454
474739
785222
117553
628462
822091
162250
71218
579035
454014
823530
639170
348973
143972
514707
868520
153128
142192
951756
520842
287755
178917
742318
644863
837498
123
103031
368263
174227
359613
994463
96232
349807
642367
44790
292344
202116
210439
26992
825008
20987
531522
224114
792541
298179
425297
560014
233848
837634
32513
912274
641242
301856
238660
740656
104272
930419
136943
822766
953709
855224
550462
85453
729156
768480
79617
472853
748157
549054
462270
198005
780137
790480
124887
664655
174871
546273
70125
711344
691390
204144
237285
585215
700059
539693
731573
157001
494101
593210
118064
86497
738236
345475
34793
527570
878534
342954
850286
137650
218143
583286
384664
248892
826898
488755
108757
726294
637707
567904
579499
514493
876225
698873
78170
932845
452015
173733
791343
83180
995402
733240
807043
133509
457959
795025
183266
784466
497049
896855
368472
822268
349910
874022
508225
572937
996172
701161
812718
185643
653078
879434
730630
769710
854319
718727
487045
263972
210043
450787
701459
515617
577895
999063
72408
836233
672857
122807
704614
656544
885328
305680
249630
921979
957680
776263
687018
288595
633639
297874
464918
950021
76578
470563
363520
254365
540594
666979
977874
357803
463023
227810
648929
69206
807750
653278
212577
117226
373080
652031
893926
915957
691898
101815
606479
555407
959290
405965
91171
251627
2185
230925
731990
844892
465845
217069
723311
454452
114720
669023
125250
137999
142497
874928
87318
42690
498657
897225
864576
888797
132890
927017
368424
30677
802669
827325
246065
208805
522423
684986
199552
829603
116010
642295
718862
750429
787577
85136
531764
764369
607682
920958
953254
329626
952129
317683
436177
494841
59001
295102
850918
495251
73699
877873
336255
790850
679019
926905
393981
169101
321221
475101
520548
15200
469545
640852
975605
637787
310469
231212
37248
967171
219014
776184
405846
768343
529986
548498
719359
426223
440133
117905
111280
783625
342429
769320
448192
131001
265880
479402
785281
134908
144779
733906
807205
708825
176619
804682
878644
128316
805207
613664
76531
320315
996983
23711
955231
722307
16096
623664
485618
387864
336766
667779
362172
702412
107852
90821
62816
773362
847204
171756
476881
838784
643910
477988
368872
704799
974798
589989
913714
889036
204981
53428
594537
359800
907936
187158
427949
305060
418098
298682
825978
43572
487724
294844
879515
40624
571581
354960
662520
524394
11398
89952
271800
226273
962383
457238
614389
256067
653097
519876
213774
475146
681265
316010
117641
500525
141606
230268
79095
470915
540695
143100
274841
265843
714526
793475
440141
276990
907584
767940
764657
403955
121073
690713
464269
901402
705025
366520
18015
856576
969508
616237
863796
778305
569860
450658
404585
304200
759049
174608
852981
487227
243085
768641
881276
378064
647379
212767
285715
490637
455252
124368
126130
393624
317110
517404
897375
369897
920536
731357
226830
568838
984280
282405
858001
813320
116442
113333
135358
140956
944480
244928
494333
739777
295353
260790
748914
614746
330205
48072
677203
684537
429112
915323
145011
712337
343800
694096
453375
169622
154551
930350
334243
131041
204263
791352
499624
495715
688625
871817
464251
205323
801000
825951
610363
793430
826228
23235
871886
883890
236076
949159
830916
288295
641972
350902
377815
311986
389126
847805
382955
198891
176972
37115
902658
988565
724331
831019
466884
186746
378118
560633
747547
856517
117426
862336
277058
761823
632377
705904
399434
346419
862200
105920
11468
783896
555912
437524
708012
873448
108199
915688
842740
434757
66162
481381
341897
952787
813436
556712
182102
70195
245734
642675
395558
346941
893179
142446
7404
734582
937919
344133
885778
834840
64990
573353
343317
488155
259804
250322
987673
711714
758658
702226
217033
570377
798187
886455
541454
889983
108867
879727
426908
511691
212057
529813
364038
88417
440186
158643
665285
833972
973369
959408
105049
613640
354162
848323
760477
801702
270267
588268
875323
32429
356566
39467
673114
880621
178103
637061
665319
638134
731551
559362
594007
285080
330877
557449
954394
344231
349938
517082
516116
937160
403983
46568
256925
34832
589529
58422
415871
900531
41147
170576
339709
318425
627429
220324
995508
320375
213044
896575
434581
487255
345613
590740
82674
694149
189707
344106
660284
781532
771781
284372
258874
218022
774102
805442
448210
909614
575862
707150
140125
406848
827752
6979
459938
808447
798219
839440
115415
523758
963898
464497
902279
712266
544867
223552
817156
567443
845615
355737
225440
755691
707038
478876
494258
587452
820142
478941
151375
263893
539294
7348
458207
950657
725683
315582
366572
964381
194068
585748
562206
55936
245553
141687
309724
25677
469367
952767
37118
367797
113557
782822
110691
633379
26341
419486
120598
482719
448562
163567
990672
784091
70140
945177
889688
148759
718364
545365
531185
748669
518832
720983
506560
835042
392960
319902
963798
292228
650850
616839
135117
313828
290297
126940
56135
77899
843292
540997
433690
810256
833166
672023
304982
824159
11598
637321
389555
431666
478906
950425
923709
899490
848833
414111
514800
962228
484700
272831
648991
351317
916361
783714
822487
855308
713191
323137
967792
482862
951570
496473
234650
66598
37624
156980
168485
572927
422376
569393
90897
982751
686838
392578
801369
658647
921381
820345
75459
170543
272319
315946
779709
5135
47071
735341
965398
221817
325441
90700
298779
76049
980257
461633
607410
321754
59202
987682
242605
818212
277220
146727
424707
507994
622927
700417
446655
126894
52543
302434
88596
953018
955910
729127
948558
801991
729776
36501
142798
725708
380594
743925
178648
30590
368130
531499
244687
445636
150869
733546
117265
861015
789300
730003
314361
272574
687935
200365
12283
529099
139345
621259
445190
280656
490051
87563
627940
309186
56041
297686
931763
746211
367520
400332
874358
176407
493485
808748
631184
787668
83361
363302
588234
17591
338089
156120
398487
307338
731715
47261
158543
214314
152622
700165
966437
857646
9606
656683
786121
624320
614981
436837
111753
445021
75015
410970
542833
843217
662322
562341
668029
92982
485364
273243
86649
968116
176503
261826
266121
573565
546232
976856
170932
789404
620760
629649
619028
73079
377279
90041
848256
754118
58784
812616
401521
586022
668789
280977
598170
614262
346195
92736
313557
639826
150762
250414
39837
29231
908756
639045
731710
905391
42723
889444
142528
699303
281294
812399
762363
960889
867080
742366
685730
897313
971503
107417
556588
744561
646868
979588
823974
175325
806385
5028
330093
965108
409408
52401
100783
856714
777986
907754
921976
674636
226652
592920
273783
2166
668140
308102
935870
954538
428876
245383
599714
59664
805038
849184
26793
408993
251992
109119
55525
657109
173589
356768
704613
883920
741620
829812
518028
857162
130326
696242
625117
288400
226852
933247
443021
739929
659244
375440
21879
643402
101771
757379
852946
555765
861586
828964
121372
206744
242544
312546
30013
237974
874804
90108
793922
969221
145814
592067
956077
11919
237406
276330
704658
465925
576730
527310
410825
570447
480129
106993
377566
477520
261842
356880
72086
798786
371717
36552
17353
264622
529873
850126
755713
876900
535002
258727
292283
547099
17349
773487
824884
240865
571335
829404
464949
808889
350522
992075
972906
134116
847980
959550
907362
89900
400178
178797
238843
41104
679023
378313
4808
316154
73891
143484
200486
811463
978406
171450
44760
273299
659888
779695
686012
485443
13737
251910
98339
337143
640076
314116
530049
349632
57650
646856
566230
374485
441313
558925
195344
571528
654414
736739
326725
828894
141770
87378
297340
16963
277805
128059
615997
635198
434493
837160
32709
962021
327788
335513
42041
480090
375390
443407
622237
970678
338734
133630
427471
628044
858722
130113
513888
803976
183346
924161
609637
507604
392540
548244
759960
479933
247898
313322
351373
352900
791045
919378
315228
542797
119503
884749
701879
949271
935272
828793
66268
654947
384787
416160
221557
224735
777552
134799
756103
663589
563968
549927
701259
406240
51566
391199
105635
437646
909094
158887
11505
56383
452180
776328
624838
594624
226236
814448
420605
820542
116939
20506
342587
232597
482138
898889
496471
634625
87950
700059
15545
797144
834072
771631
946336
131643
513620
88177
36290
81471
37047
272152
780257
992509
193999
88957
129842
26165
697137
614497
694277
959353
457765
185026
49327
166436
317688
354188
559556
677051
926563
334292
11961
721953
852601
834244
213073
293816
696215
473835
980073
80455
590896
325015
381797
867572
305167
821110
529661
173968
350746
358409
802254
139628
327728
479758
14246
147383
574570
186870
302677
494348
20670
320656
44712
301159
792564
180415
526296
464520
891216
655099
645298
827269
70401
524164
997803
922215
307077
358210
615463
511324
603601
236828
256952
409051
94722
271862
383952
852451
910672
944472
173684
508204
617916
185416
225480
265868
126731
387035
704599
42053
264140
965222
331998
976299
136066
545451
859319
265553
142044
250030
940831
576510
147374
277410
240289
653417
142166
39082
2216
557908
35162
542392
257699
589504
314557
496810
855684
29285
109677
7825
995172
73958
443579
573336
386513
932954
393388
594582
174275
389277
179958
722693
735089
543877
635315
682859
231437
245852
500320
232466
59237
206830
463318
997136
487343
21689
29191
503810
56069
525682
117879
937264
384707
488991
343168
643795
417846
210386
819094
904175
750972
705716
651016
814809
687174
514204
764075
644795
277077
15596
294459
992024
86688
526320
10760
177314
798035
657803
893829
154798
143700
63743
955341
733453
385755
704639
135104
392041
533089
858599
341650
370456
822773
586213
507300
772470
585972
36314
229008
972509
845336
347595
561636
83330
692724
744880
742741
415454
700509
861402
676949
490138
924691
437211
552070
123490
914282
887951
665674
938293
971065
872209
484055
373908
613725
883420
947438
879142
434360
174315
707713
432743
813470
477499
998912
819617
393014
649246
156522
17620
374190
816626
731206
252181
879422
95292
620628
861036
423537
301141
425029
767729
300378
381367
956438
458636
482829
942754
539869
145104
300881
73556
809769
988697
670394
148350
858825
571420
539022
502882
596637
347156
834305
780888
301494
230876
448577
877254
437078
207582
830421
8681
558156
686984
207120
120081
40411
474076
901368
552975
236519
488895
300541
594455
755050
377609
621940
109413
7589
932694
657376
354316
754973
411170
894835
113778
45006
818922
620493
620521
249315
168954
606281
394956
906323
590303
886006
677389
821689
308515
827924
140990
818808
210021
154388
267398
98423
426082
442347
964407
695068
566929
55915
209902
372735
819370
508641
781352
803293
758939
66009
180919
426895
178605
578827
13584
666546
313924
549212
745492
679636
267195
628539
830681
882390
895407
52539
638214
309978
741202
89761
819703
256721
382570
575067
432513
788199
65898
461213
30925
337703
576701
181631
549889
922879
157066
511892
18492
934735
252818
159599
452539
399945
990989
480618
240595
572565
728848
929822
242271
108010
688472
233299
994689
515699
847116
337099
606179
766296
652606
140636
218214
584970
322504
125043
8843
874648
75304
702302
203128
551963
429918
886934
171676
328251
689555
967733
609658
373696
435246
750107
837999
91867
474786
93626
859979
476220
268913
713752
491067
581081
583700
476849
150056
363793
903780
160918
332946
490390
778939
664538
818287
607060
615132
646116
480168
184330
2549
146508
974163
366449
70097
996766
963419
620623
803582
411515
759832
808082
110787
637823
148275
561206
961847
272243
731647
917086
247346
694975
204155
828400
989276
282494
312907
457787
738959
984641
629700
415476
360492
439244
904547
388507
254422
973106
634302
818432
899642
163048
539443
431166
845898
424222
314538
368943
646600
839951
232495
217739
427159
909518
759059
680384
929337
268683
391157
19411
92865
249834
684475
681525
608084
92967
622162
641490
999005
738941
749660
110575
290316
22262
385345
895282
95958
380270
662899
849083
469027
343817
521792
836775
619009
283058
200886
342829
770996
108226
149877
805900
637838
892855
843844
83192
596651
214738
940699
474800
263774
421534
63857
323908
292343
270904
284032
372582
510677
581632
251430
320789
483944
934619
787773
337672
819889
682111
732072
334608
642075
715233
406515
604997
848888
59602
291698
547787
186020
549711
199376
91406
442170
26943
780779
536531
495910
379164
150699
155344
708696
790524
658485
491181
733355
574238
609566
830741
619464
827963
809804
492650
526485
303304
114832
915283
286257
48040
443765
495759
66927
936393
196128
908392
981959
416615
280159
126839
434364
111829
2245
296634
548776
200532
115974
311896
454362
653312
456444
299294
904439
699982
584811
331965
412200
166824
637490
264541
723179
939180
969128
957443
727415
681499
144550
990452
837205
473706
614027
582102
272536
500497
939966
806646
621038
321135
565041
235904
854314
346899
201549
556685
894093
506201
40348
388729
665884
943034
915663
452357
29107
585390
72344
682740
275755
865373
914729
470552
95418
688426
802925
605821
676243
414302
604531
616002
696544
11548
444791
34399
8464
520619
199384
905059
2420
162404
108356
579868
70628
260851
433160
50193
223332
628031
863175
19586
669710
189626
494504
256992
103802
718872
282718
764940
276628
179985
740958
587892
284020
763495
715475
303178
106682
362293
225534
327578
729278
598400
457424
823752
206004
243394
857145
633943
252356
589373
905795
724208
742838
235208
764713
471986
919635
266309
820851
576320
749780
608772
886309
213079
363829
266901
354086
840833
279089
794968
21516
989066
395447
584912
475788
913122
152914
702203
296767
794853
487595
615607
583175
224173
551264
786637
620260
373282
441340
784618
596265
966157
499741
934574
693306
93837
341540
576519
597448
928030
277778
57507
405227
696212
865685
737582
365885
844672
199996
149696
818894
738133
537476
716279
4914
122035
265929
15540
589955
326544
748200
945512
655275
261789
589398
898110
974218
299529
339282
966272
23781
623110
148054
571387
294977
333741
630834
373316
775742
280935
369181
854853
343621
767872
854259
970107
510424
302995
426645
3384
527158
224526
969730
934357
710262
190678
789203
936106
592046
727387
862256
916164
110041
769454
260247
17015
189785
349062
918753
593206
557111
204915
612777
580051
559513
935546
971541
899934
428321
192011
546743
433783
319734
306120
611849
128892
853048
810830
70274
859829
486410
843246
179078
223085
246827
132392
73478
59233
725491
37418
952446
675412
133730
535590
289511
200657
683335
6428
732265
746240
844545
471321
484671
491852
785827
316574
323874
895171
246651
453325
574115
584161
334336
112606
968207
736958
873863
220065
421530
470844
424592
620743
303307
500616
621975
788553
775285
542409
624592
717237
386
675994
87548
49060
54716
621162
59712
985188
459646
183122
968723
632204
49947
190789
745610
642651
245467
967770
662036
520454
799807
287732
792708
179647
170691
742762
92123
966881
829691
9608
596345
84303
956369
272395
621207
772454
787514
710021
656268
341257
206719
352440
80915
50911
913546
891055
988894
979732
283428
514724
47116
994133
97856
344890
282502
773427
897216
233235
594194
246625
760668
201280
383949
775511
900897
804630
82316
507087
906717
17035
1103
149318
152390
401089
120576
619255
726624
609928
903606
535231
174297
508134
589916
932901
218084
900140
32625
806460
251911
360632
646179
345693
758251
325633
268881
136148
140812
849125
597026
921870
697013
440249
981747
585398
226815
609795
943959
373043
434654
818820
511818
41383
754046
221123
496814
235821
365776
249116
493170
588243
875895
960939
300829
622787
832188
778821
731080
113509
883999
782563
546773
902761
5986
382166
371406
548484
705092
933852
597815
467149
649227
960759
437303
77009
541455
302993
487455
789574
221628
545252
552389
630443
564944
677021
427082
898632
672900
100375
102535
13373
729041
347895
706894
385530
119121
993996
136918
211255
321406
574820
952461
769411
899703
411870
353573
380203
327075
733147
943976
552590
136212
969304
331928
784989
916036
137799
301235
416699
423928
411755
749764
17105
945740
669844
980248
262549
740913
541276
624559
93030
608982
844895
783279
564142
891781
683758
551353
561258
809746
832848
220165
194055
209085
111596
945531
90817
915600
12435
238988
906275
39636
368411
818312
731835
171210
735103
29144
765453
715726
223830
533484
205437
137394
693338
494137
348248
711650
429644
218781
84432
452770
590299
178773
608259
350703
444301
381097
136959
644309
425564
260933
793868
669159
682324
822488
21717
482215
271396
617965
83238
569497
205123
473250
485735
92264
688623
19306
382621
765
381675
366313
428360
593630
476035
280269
122899
599208
673175
325874
76061
551247
148148
456930
127563
255596
18288
338430
74076
629953
307408
860131
85427
101296
535801
477801
977175
630023
709231
433314
759959
881378
404875
574394
789158
77928
972219
583011
958952
819739
127437
967243
982148
191655
279285
524638
427363
102934
411667
632094
808642
84206
626250
274385
622038
507274
346293
907738
949083
331610
721526
561403
793696
59172
871272
515784
377918
820337
909461
126985
748205
950197
285387
735534
700942
279552
64391
468848
272188
443027
782686
221675
859147
894784
24686
125714
799493
503249
425975
586347
156715
666901
663098
574444
898164
481105
872641
803592
556479
875459
246525
348146
996557
380553
627660
529177
616997
205020
245419
90866
689030
345852
16668
28836
837012
858798
197083
27955
853217
160770
359121
939091
940458
421220
389845
493805
122593
669307
214711
710590
198858
610419
662264
85235
680889
441927
475738
594639
872337
367800
536038
403341
592210
141948
677264
102493
362663
444561
698666
191014
351336
391326
719280
8049
762511
558396
838874
547928
820103
700592
219765
911516
662627
137974
743411
975694
160610
867151
282594
362289
865099
841339
739733
489976
461519
518619
224131
38476
637535
582489
163242
426027
766871
128127
842077
737050
18098
952274
706571
544997
101114
177519
836123
487239
718172
739387
806575
487874
34138
373944
628747
249241
819626
34877
431832
407425
787862
154156
529960
145903
846306
677941
417699
265652
737710
639431
560730
740109
122694
981288
17589
155508
503231
681081
717881
535679
70877
229812
131948
686450
621942
224692
199392
502568
717007
643287
434920
174137
214351
916991
284703
735208
50449
436835
658015
136228
912936
557997
293220
752166
965553
901933
76588
237955
271515
312686
147130
70008
61200
91065
988915
270062
793750
460668
125044
44824
237728
868592
768684
1652
661354
985549
256643
181419
114690
259777
204340
421485
40062
200317
31508
132393
975520
887788
478331
799675
182704
955467
635651
755020
795938
628191
360289
232042
363841
45119
938907
53707
107997
28367
772042
867794
465876
611084
937130
346896
496077
538623
821021
283044
426568
496551
714060
852076
996287
661361
173814
782005
248276
191910
181045
493097
839526
95492
556579
227403
408543
845376
339131
806288
187995
119713
340076
686215
107398
344169
350245
370351
598741
814703
14174
777871
419092
122097
237292
303822
470439
755375
91067
576012
259071
673264
145219
997792
349520
379257
524417
464398
447969
452959
542344
439529
767178
129398
228909
653795
24505
95323
239397
962103
930898
314124
663574
589362
120782
461653
94301
259831
777782
244174
892830
189639
517067
607478
439015
846363
213973
589448
507015
133596
433166
949579
31249
825640
117177
873712
934578
518341
114596
127696
860051
759961
726789
909811
816769
252168
451844
128529
594190
163862
320086
701464
468306
298183
220978
146544
769676
316593
125403
285439
564428
140644
474591
834092
514584
436661
831827
996918
340804
738871
182970
372792
610351
339137
752598
781071
720363
158888
493436
528345
443947
892718
584438
973762
636732
819548
960343
616821
756636
602626
234463
259672
660641
211390
517178
572614
475246
983790
219834
769396
237086
972314
555690
224598
494178
649040
278968
552423
789513
638871
546736
352451
729830
566735
382626
356583
707518
558499
363372
772980
256492
644268
637287
172940
688484
996436
223427
989836
511634
182337
348608
91344
13651
235778
329226
705398
927952
742620
714881
706730
75548
607974
490624
747985
61596
823300
208503
664434
318377
658901
791988
142955
58892
96238
535421
157836
386235
30928
708665
163160
302448
74282
204817
749764
162588
387976
268134
476209
113980
344827
784085
338930
271410
196343
774462
572183
344667
219555
283949
951542
294849
752138
487035
734807
274337
925049
922673
781378
511402
583626
450327
511527
556243
487522
760441
175020
19578
540592
843082
39065
215699
558846
805266
250799
480072
781004
670216
404571
141615
997493
933450
282889
922428
324275
529394
389810
520891
876625
430510
792076
302495
848573
993886
77540
27876
876716
257121
990776
293308
302956
519250
403503
19799
829308
822048
377852
951990
847127
154512
377014
472770
221150
200870
856721
49692
79001
199842
431328
100212
268213
808088
441061
265857
621411
176566
110807
576910
437958
744941
795497
556249
331323
992014
397113
430781
34084
937509
381487
582340
504681
813453
476871
156776
152027
675063
149236
204820
9487
77282
869217
323911
464604
489803
969612
57204
746553
847866
371968
99783
610005
242133
106520
54720
265687
687043
850716
241041
66223
715238
185799
500306
457784
616538
389859
181823
432804
397392
42859
272955
347997
723926
779549
106813
869347
933795
673924
775339
342036
551938
370835
330015
832702
538829
397237
189576
155703
897312
281450
708980
812639
769412
470445
735362
570660
332948
141020
573821
946103
388626
162487
470176
820061
433982
128278
363880
499717
918736
858663
85775
875897
647715
310661
30417
711463
173763
94954
388489
883016
157541
154597
22849
248266
266656
931628
789319
827143
527315
368575
827322
654902
558970
296725
403569
209668
143032
928615
438837
575245
16919
917389
768333
954235
425015
404309
518481
540153
688895
643691
271199
401138
517615
251270
982513
797497
555359
311494
943239
508431
369064
416164
84399
820502
309587
18311
828084
640521
789506
404107
538756
658062
715200
889078
651937
809981
122659
988611
818101
676184
813341
559594
800243
679728
378279
73748
197611
580314
142934
441996
931702
403982
428616
898672
174712
81077
89104
388855
243657
575998
628048
320253
185390
679462
539682
19853
506113
825264
271145
138843
901523
480755
361879
26785
867
994742
744299
348879
575658
327999
321174
960942
401694
39568
769311
881603
246517
660297
494102
70172
18881
715764
752671
401075
350183
673953
79203
600811
241273
961603
284902
426060
675305
859527
197041
157333
948854
75142
294727
668123
349087
188286
296262
304989
665402
457832
68886
462808
414216
518183
670865
204595
114731
486923
173564
584476
415926
209297
131872
495036
78126
764029
621391
120173
404716
944899
968328
568516
422179
23748
121107
879077
501740
674322
441122
539009
840135
27590
865748
824014
202060
882224
223945
564294
704870
993443
158566
101282
930821
307227
608605
944813
917577
416476
110077
555629
557106
210702
805583
566016
789477
966905
768595
443639
979681
625532
969371
218684
519410
374624
301613
751105
435169
908813
765402
872934
538039
988281
908788
906066
324168
348630
603150
580275
379478
865075
977963
541497
603121
894965
94174
237839
636813
403129
282401
110987
303924
217346
829570
556246
362217
765888
843107
537505
875209
855988
358472
296159
404976
985863
280169
459510
451801
434816
578152
427510
616908
896972
221695
258568
519677
690289
981865
826674
420487
533833
69255
222106
666719
566776
792357
471856
223625
781570
356174
812012
750303
989909
181760
115074
643747
982874
297385
141945
96946
703553
211069
230493
865786
715700
167608
769293
435603
695437
412814
802984
704754
645903
712620
61442
510410
915630
987619
322752
729064
128424
710478
13063
115638
84995
730013
559166
93023
818559
65526
967606
785300
928483
305561
746082
509422
973756
868493
178247
173890
335241
545964
333957
78129
573707
54007
812680
203477
847203
787345
543907
220681
504944
94945
943446
511254
5027
674321
427181
820803
123592
341568
814096
1705
223721
182564
993271
860044
231419
897249
758042
349036
790363
688116
305390
833111
929183
825950
55853
850480
989345
420383
940932
933560
641400
387752
997528
662717
753894
736313
267055
662743
768951
617872
584897
451154
790849
950377
226817
80940
557596
590844
9882
692894
612669
906130
438507
78684
336480
321352
445887
406802
802243
445360
916649
554718
438703
997104
142019
105619
915246
832622
862116
705837
398923
790247
727180
308387
93881
810348
919473
451993
641744
46633
982958
945016
544968
392625
839492
735572
674289
789510
589338
146605
869939
400015
973882
933416
709357
561162
356237
332198
76266
49905
563548
504795
164922
679894
644082
221911
837190
958866
238203
187375
36365
477745
292950
864649
125682
141526
331647
665826
357056
492750
120982
902724
396032
460211
455297
804331
582919
314322
715770
535365
751727
452920
694939
275188
621024
259995
867654
165429
875757
375882
441077
769103
625358
840417
209450
656571
932408
995494
259274
597450
612126
770317
273556
690518
374824
588326
455825
373057
150459
448461
914902
515572
156413
246289
323702
124102
309695
109016
536289
162639
298315
16756
971464
908316
1043
824627
504796
807629
966435
44290
174197
368245
911336
891362
446163
454385
735506
117844
183518
661055
401625
797006
656925
917591
560483
454525
792377
312679
196488
236851
360147
608004
7574
586991
745188
988974
229975
666933
517635
273544
280427
946505
321350
57122
369710
773210
608669
173158
983128
907731
8475
878956
21746
137668
198383
132982
84672
703689
56483
184376
412333
278579
165946
809983
722606
46589
512093
625128
802556
959968
733286
77650
880947
974007
721029
552314
522772
843627
707623
316368
656694
177065
996785
530499
330513
704474
27296
460404
556328
64920
838873
63026
338293
373721
228390
549956
551930
797181
130920
678432
254611
780097
155272
247324
708821
145661
160999
395673
440159
351592
855833
435279
200089
680849
548999
74809
341775
285333
890694
494866
527557
777685
823774
490323
906892
314871
59433
346286
224658
449570
295813
249395
923927
225868
732953
978427
136919
177975
989635
327797
662991
189480
657510
7822
163804
955922
80048
323718
820033
421912
780128
974104
309163
839153
578946
35055
631696
613049
870824
74238
662955
294149
676510
348751
98003
517059
312896
915377
644205
120649
812877
774968
840337
562122
521678
607032
549035
204652
266545
898093
58007
806670
77444
751270
395749
414792
454889
846240
38132
779069
55814
261730
469905
114265
428116
354217
273669
762536
680873
854723
982554
560542
746508
23990
48212
579847
652881
211838
552253
422177
117585
882079
709540
786310
213201
898533
178041
618680
129385
938634
421447
244499
639448
482886
54624
744917
686832
41813
567588
907854
149040
748860
250798
77942
629462
84981
236740
973553
543434
172730
3599
717035
578326
431572
123219
640161
437070
863031
908165
703638
459975
467982
219629
83353
389968
194778
136965
975196
664062
396950
539138
564975
680853
754523
974985
990736
683553
706658
456834
229532
133817
992280
455807
758450
196066
924127
648739
565444
63582
963621
846930
110096
971458
7674
985828
870915
2718
562023
355736
924907
770284
302389
552837
704560
202774
295695
863467
267464
673177
53212
181350
174105
191104
943521
907420
932651
242141
306313
124253
502113
11470
165253
617621
14378
196208
131255
515582
780592
691368
95072
367260
238942
324837
367957
507027
510469
113519
673703
591709
669924
838681
869804
620487
904063
887032
646755
602484
990522
144266
791476
257106
698189
261267
294504
180995
229014
273069
144556
45763
515913
139964
285884
951145
882630
61486
949556
564208
551217
934578
369318
270911
356851
912283
204207
255525
184969
17646
817799
105593
314096
180382
466311
459336
868167
197027
100454
744411
322805
915689
392463
558905
815622
188957
788304
924395
287608
523800
604912
318559
778179
141062
520450
640283
409238
249379
813552
76738
956944
827945
833789
184909
665310
512833
10290
470464
343497
167444
914453
337204
94600
667138
515038
746311
438027
596360
572749
562810
803922
740918
726789
507885
576925
654269
804278
305587
594030
106173
212569
732012
828298
442284
964961
52777
998896
900881
641112
718659
96503
383312
980604
380851
368844
540290
732367
588890
695021
910872
989940
617236
235449
100123
325040
35494
701022
351719
869064
258147
29190
545166
312487
459994
813007
982579
923809
350595
826530
752204
889322
477346
257327
438176
481295
851770
606375
574812
954368
599317
78722
23626
280927
987402
164381
721248
103405
985910
56318
391994
69032
417596
621347
897673
32575
895682
914512
517675
723136
991756
705637
159641
104735
631143
61109
60344
609822
664993
170975
502058
38710
351488
844313
203548
39686
728410
352860
199603
11566
178158
221816
899711
478802
592841
203536
197649
587401
186323
230723
440596
484363
678356
599648
847986
591860
623830
196582
761806
833320
582961
880189
639340
559685
153826
199646
70586
788972
640233
465511
657765
443456
596607
493643
718189
886472
829503
264617
823783
608759
567676
999661
623091
512697
515330
445548
159708
777349
633566
88185
107430
974635
821373
561534
842930
190525
98495
120797
346326
141737
34350
103115
456449
742966
662944
914980
46336
455020
961443
61423
824194
337653
363685
961658
927657
973597
881808
727310
226073
234665
252084
776797
417319
227596
485358
27821
200207
457305
427130
710540
635682
905395
620989
416850
983270
933200
571649
672363
668928
832248
96220
592909
72327
752457
799541
436043
866423
64569
630467
572551
649353
434708
105610
383707
339470
499509
31384
539855
582235
18660
69468
425234
175484
648543
625471
368891
842179
368647
340656
68038
750828
875333
677971
939131
146800
685627
869245
81152
624897
364542
233254
937655
327792
924001
854461
63412
762968
335090
995996
711956
76833
514739
182767
115955
784830
979606
943624
971860
933040
301467
264887
997156
783433
142820
844923
694982
282575
652310
726399
577710
57315
293734
767873
893766
785173
101381
495628
312662
38024
42154
32032
259151
10004
264867
485561
266191
517932
712200
664029
152312
642678
471663
407204
504937
253542
710362
857274
67851
813508
133057
527113
917883
55573
593831
808803
24458
896014
726752
53926
74598
149565
217244
265614
343416
41764
845135
324705
92171
13408
484654
51504
204645
250554
665029
429755
158530
348228
830171
798373
812405
675481
442941
213395
250136
266657
776122
19331
414959
680860
525504
112230
558220
262121
49133
214380
84689
801645
978542
217195
984928
788673
80745
235572
172521
307566
300375
301918
402239
502095
612915
959709
925787
289015
612219
447794
607382
133744
206710
223113
83469
218456
71615
443828
25053
444922
869996
529979
503580
416127
957126
257734
147682
739507
193236
751950
984451
178706
257923
624437
636954
811944
465768
442031
147386
682758
240862
677501
333824
271717
581925
154402
743786
313370
699560
287795
177078
397603
815658
444508
353364
800284
158809
59800
178751
175125
494027
840485
230024
471434
819372
75019
164832
692346
489171
988723
276864
412965
216524
555352
432678
503256
808401
119518
733077
453389
216989
829925
248197
666728
108499
840466
190919
320782
356400
215691
719673
397283
707816
838192
136687
171574
727902
769083
717971
957550
379689
12095
570216
706911
709961
367902
61181
378086
134396
693533
477925
962417
827981
634617
395508
60500
970544
97153
526452
225452
844342
28835
851071
225992
257147
343205
484487
318056
784927
471262
676282
614804
299293
520168
340282
260054
233974
939273
235489
361613
564662
425154
858048
877262
418932
834711
233531
484297
577632
549982
282793
210779
56805
124039
195509
50706
652460
737158
772859
985908
400493
347980
690687
644185
618374
771567
666275
243162
9048
896147
889118
963988
19763
289176
143896
391116
536954
996297
290727
461543
309638
660267
508727
246288
783945
849461
987109
18261
898037
215335
816089
47976
867188
519462
605352
926528
90366
891800
215466
805776
446656
784437
842420
319130
166693
732397
836750
735736
805528
552976
25799
299435
636488
271602
864719
717639
783281
152615
447592
16692
774136
703632
240041
909726
493265
481640
705151
616978
335575
230384
575644
159726
717417
812023
802888
550887
128863
437134
240041
849915
751944
880530
372473
335390
122870
40808
562866
318641
14614
117357
668345
23868
338094
251531
108433
607422
674449
509312
120790
695524
298322
80285
98661
428248
89918
417325
607419
727118
839796
73296
218592
193579
493374
815775
179658
836233
995370
19562
731692
4467
652366
879218
637710
436727
426535
544780
738095
394033
287557
118351
194353
299452
400295
688256
236066
676554
574183
50913
838407
239623
529905
748782
428504
866775
947735
817288
596837
721934
317181
346717
215873
952143
655240
951409
606826
301954
513427
43182
116918
70521
146745
459629
248240
800694
871037
60571
986862
980672
309780
287863
67908
648810
108316
318292
990898
366194
128662
974299
749947
157356
217277
940752
504837
674175
377137
37543
562286
950066
132821
873443
681301
22085
840509
965287
850105
33441
885823
47519
393749
225666
112656
844750
791679
645013
448914
822880
40031
239542
856153
539893
768900
872229
988599
228024
910763
778290
992613
45785
795061
678
289607
65345
133746
465812
63723
478612
757740
45259
817125
133241
636078
539473
502751
417400
295212
975681
828658
39421
390507
994939
362390
414822
492233
735823
742453
953812
918714
584780
658198
103040
535803
721301
684121
336939
591893
978792
985918
239526
639955
569737
970511
668328
964493
248706
213559
348224
873097
12559
185352
678054
180670
656530
218355
94349
812282
300804
112604
966543
119117
370129
453263
100498
54716
233474
855242
66708
383149
25323
287581
675071
111632
136364
612090
495773
528248
242528
68773
869325
101554
128619
79153
598647
580803
325281
302308
45992
126170
554799
670913
670518
781468
29014
98725
344532
385916
544523
464769
449742
762373
752118
318660
396377
384784
841978
777333
870225
812632
261872
969490
881776
210271
461418
919025
894203
978619
926324
554860
641890
833154
194144
639757
512374
774862
169113
517657
392364
701183
958124
665888
315406
989073
264357
691100
30290
847371
237799
858491
929395
670064
675415
161183
976713
246050
368294
526707
159771
280786
723228
529588
351549
504124
410439
601724
284512
843443
868182
328500
685032
874650
598519
736921
607907
994693
301140
744165
340210
332143
240160
962926
141147
828610
471314
297951
99841
703199
998827
327310
325974
773272
143631
652490
521973
939318
831593
239824
141263
619750
79611
532506
890947
657399
236761
607473
396962
238473
467546
976560
186767
710546
719250
4493
403788
80644
292896
149670
852973
137610
343087
122988
303434
48637
158689
407213
774548
641604
942575
408334
284150
175216
529235
23911
361171
75534
412672
977633
125594
295732
603419
280698
254299
756605
288298
609483
768271
37627
187642
132993
158562
444953
659163
813003
707969
103199
777467
161888
156866
801091
533001
858003
911294
277483
138251
307849
879933
85310
188476
530069
916026
849034
413440
341538
348125
167887
919407
899047
523584
458538
606598
965570
128695
770026
418433
695596
619257
955305
368116
640490
724304
54867
212654
523715
734038
920338
560380
515360
727858
929879
426857
478867
875092
837059
375256
812378
163116
442164
963198
403458
845312
664368
203408
163051
871305
148304
997130
237441
69746
78138
251533
321462
335382
768428
677332
945884
917733
754112
442003
609604
293665
518781
790622
224851
734416
996292
113987
870638
323513
295182
486017
395625
462181
568238
668309
377893
214097
724225
178049
323177
228304
340785
990938
225107
878810
616989
501663
775397
625683
8679
733784
131110
794265
856248
126542
183086
151422
887732
792460
923468
72312
575778
202615
95134
135196
379990
911882
966587
498687
819601
43828
6938
3456
616702
573289
135511
570828
771245
750631
974798
899681
188427
331567
674572
126263
432716
842132
717984
97700
966609
538752
653086
265710
503740
238945
963806
744611
945975
235530
893087
490191
439779
324964
151754
350169
982167
48375
225942
192106
259237
88574
203797
633947
61121
123850
255997
327063
505237
700254
970924
238393
774811
536015
619929
200612
397244
272340
73437
879346
127148
566173
333730
825740
659182
641030
74445
679487
937239
627657
205861
428482
566485
200175
686884
409025
866155
687464
12789
841137
933716
62417
881565
906016
897280
394457
20754
723399
219614
612466
361359
72908
951438
936771
577176
402268
714054
355344
798067
352143
976929
104925
857373
811449
569291
39512
885828
611068
813000
947051
317705
177847
340060
667019
349031
779016
517341
789674
782657
45361
654841
225303
209362
343959
71519
34227
835272
833844
280566
480387
502713
781785
618496
951733
594183
115511
322088
738037
32204
35477
402365
373687
617944
734958
378046
495987
87887
500067
648563
64771
52293
753016
620754
249351
139253
923659
315269
35843
13108
182370
833792
743772
718356
286847
447010
154780
534563
159355
896676
19239
738537
376432
983652
483713
696048
646390
271277
821223
975852
768589
944240
400977
739176
348402
725660
633260
982793
155741
997515
89668
351733
72794
296681
516550
888970
568369
316662
224172
883061
268128
468604
952384
349441
412574
700396
522802
407058
42731
19903
777333
112053
840716
130365
308488
929429
331293
425886
581757
524415
918779
711610
511494
882867
430252
776564
932617
893195
444801
572261
256488
680207
534453
402161
151490
10009
140468
583586
395749
385454
160767
534091
288508
762795
282462
304996
344097
907178
541859
816783
569879
439654
337222
988326
99926
812476
161070
90354
352399
16918
811199
41519
650065
458875
597690
213286
25287
410289
530839
965180
469112
13652
729228
77872
975989
711180
740948
825782
395052
509826
982471
862417
591063
139779
175973
200259
954884
486350
346775
54978
721609
92769
141115
97428
60279
152976
452700
494217
37745
287655
787249
613978
597442
674735
621528
427297
971895
518726
707268
196326
46226
765583
287711
197919
979059
551827
685337
475520
102659
815515
328857
556548
479299
166632
267732
737776
169054
88762
790277
839771
807604
935014
125477
298739
667940
492796
249254
394094
339415
102966
982800
937491
246924
149680
86301
383146
911552
606763
461704
289014
155026
538405
995099
715784
771672
424680
281749
274835
92129
103946
344835
52483
142688
178246
389510
274687
306862
899381
682886
265307
86941
454879
138548
997437
713399
703141
152466
975132
791346
980246
921074
127082
303641
309420
461851
529629
96208
124313
432647
947319
778846
935340
881251
525455
594271
72285
200759
439679
982071
635343
872703
453357
979909
706794
294078
607749
651441
632183
33634
811450
452579
747843
504706
941801
690150
645784
382183
478862
878757
928631
753258
85679
275565
678177
887031
530916
786456
587590
164420
507372
838864
919537
37642
818733
821395
858427
174046
550358
418537
956054
36485
162509
96677
485371
170475
607130
596297
953272
896440
592006
549720
903435
229505
287080
862795
334883
975734
272843
16415
240017
822665
522674
640606
677843
907119
79574
570274
349248
948168
56680
207424
249547
494533
897423
317113
662975
324981
132650
284859
472930
762180
728713
58546
262792
713605
818137
403186
178829
307908
787279
748956
784348
610922
258658
288577
654933
659525
942795
696410
167034
358370
572762
581318
450725
377763
306265
507610
495090
623845
350685
312330
229592
225566
153664
915685
717227
915657
428990
956208
832529
128803
115598
30872
556296
303797
976339
31779
803928
830955
540628
332309
845651
825337
46637
180428
938257
8180
339272
203011
848409
504121
203629
838402
501723
585439
157128
888463
792370
823193
256216
201500
335403
483184
709968
82881
789832
379141
786166
617723
926668
458071
890867
321420
879140
431597
318737
692209
252830
737937
105113
110357
210739
208382
587924
389798
461652
635276
845469
738506
798972
151437
414964
382986
674248
408278
818442
472844
738141
991631
791633
847208
776772
613581
200372
860844
20513
103046
42322
739420
512254
118844
153445
64240
822823
82411
814051
275958
12188
640232
142443
507261
678656
467582
745848
971319
199432
937036
928454
517338
148822
309118
655047
306913
221099
717550
360235
600819
83601
792262
928853
513260
650464
351575
54437
546176
993296
103703
298504
911195
802150
408981
758662
873598
525311
775281
11353
735793
137592
663876
310237
587671
663192
20800
192137
814134
506080
959702
113088
315074
597091
755728
337608
11311
464142
908386
760138
818522
530773
818561
389779
582158
915908
492052
128019
292159
457919
15489
743832
137810
16180
227515
510409
931258
586148
135450
77353
589299
777749
424338
767103
506072
30487
647870
886425
646514
927351
594758
182192
772180
148658
783081
7258
66077
564511
965947
662718
306254
580155
250559
710329
56951
366564
47711
353488
113160
455817
599405
627674
428381
26995
498005
945390
64092
598183
128098
406070
545214
238861
54923
903768
874025
603297
158473
319406
486391
623294
537156
371350
969222
595176
71939
853959
876548
965847
911475
498622
28425
776416
248246
77631
132237
699226
166179
318332
839595
453182
175054
653557
981714
101815
116205
443509
747875
883018
71083
920441
761720
746899
630627
974920
194439
709382
833314
899780
72780
153455
882484
913698
314190
71527
717476
115145
548935
928650
756940
861683
112233
781692
701968
769116
473825
616674
400004
4786
178655
660840
156944
954935
517713
420212
208078
644118
757762
454598
450084
132431
584259
187460
173756
42187
490463
108673
903877
464405
826117
887294
872659
898189
678969
59850
539001
920034
945040
243575
269456
426602
221442
387423
175814
85000
658410
161700
895890
36557
392876
648621
264564
578612
515429
385080
882328
746300
759803
972598
184891
187152
707698
909102
163663
829093
913264
982179
676443
446371
761335
643372
914355
114740
119173
20747
20216
681166
104973
697792
928082
375373
869072
384044
255527
248807
105585
910189
489777
163284
715132
938356
303908
923382
125183
838807
297567
275676
961932
393271
878803
396572
281323
905037
112017
518370
982799
588557
429606
409416
658715
939475
145076
287249
353594
174068
921532
399739
765360
502275
94321
766755
610771
716012
595445
806657
91483
231340
791488
635940
362207
42799
335432
385899
354722
843539
119550
326028
438435
149074
852602
967819
431460
746759
102623
949598
525128
804275
866852
69827
27265
721503
54217
281148
706606
630121
291806
546420
790094
86680
707438
561544
459155
536513
445472
86800
25295
788778
188870
904826
127909
894333
753088
693440
253141
57763
206141
182549
25818
791807
292201
134002
942704
806779
917146
512384
454442
93129
891183
207431
779980
411471
212602
563914
541823
490551
747552
306098
902822
227457
265534
550704
43657
125372
599648
546447
74851
481216
336624
274022
859040
391209
8367
670704
511830
111434
858303
73309
31095
975155
214918
902399
566513
749983
29818
765326
937139
266638
203504
78148
518468
40225
821000
996745
973969
39172
606856
566987
308771
880387
667637
126602
898804
950498
217583
411243
334486
166068
849617
267687
122747
163094
795972
120851
824401
977009
620137
302751
112191
627480
686099
115095
408731
188224
735581
357769
937904
519343
379397
721860
407592
551276
855121
277197
999945
973792
784358
199447
713694
484241
999884
927105
971723
926879
786100
517979
267436
423294
982483
876093
344417
232485
336401
222053
41184
855626
232156
91174
81370
784274
862549
233676
493318
509124
843347
753541
88948
497615
333856
289841
28681
116515
618024
170057
826673
377324
645199
961299
577974
565958
695193
856311
513885
945239
319599
184699
33309
56484
957380
267079
791437
769255
137013
343139
106811
366039
37888
548867
28688
336018
591682
885291
966313
840164
503982
791582
481660
346636
822408
224435
80445
449756
190007
615460
324032
569778
59332
524750
793002
135888
340853
610332
153223
377382
354592
613362
347180
92286
156606
270939
421860
267721
22272
476520
681000
990972
612798
854123
662827
235408
733321
759483
309400
593520
283714
402413
152012
332420
345633
595829
363641
136507
184652
820851
833664
408569
465323
847797
136062
251523
129910
719262
898228
68848
766703
949999
278954
357875
784526
89868
246297
356135
502771
594584
335534
856264
725037
983759
61255
490979
971536
243712
478473
92912
685593
323730
291060
603456
383663
869428
123909
365447
899832
527779
906921
691049
713182
705245
963416
439125
280386
185263
469414
825974
457862
117690
622863
796672
875374
122057
102071
472914
111288
469955
827222
111165
309574
816756
794609
793261
91776
776921
124592
109583
770154
769689
797250
618178
281428
743685
953474
930381
563895
258696
302145
519472
370697
425389
704770
601146
246282
10092
192994
615157
559286
130398
234923
154603
865554
868723
210930
118111
240620
625425
80602
841146
27905
697247
657998
416123
337908
469577
999195
477525
835147
684855
640066
25082
177085
92610
989454
862241
484954
719128
411122
492498
772669
541179
772735
431109
575498
513858
464458
493339
103596
419158
145091
861310
993266
180903
828538
801016
32696
781837
924066
3193
83311
714908
369863
643711
55314
574532
884094
878014
834007
112028
259149
77324
858719
133180
970301
902826
374157
316990
371216
830353
958892
472410
298347
533865
48382
791550
937398
666614
895901
956878
272777
332580
49311
335602
324420
520902
571282
140218
282741
130189
193835
178194
795758
97069
682323
865097
33266
201099
450794
549643
62402
729081
545871
277044
551994
812777
73250
374377
472119
360122
496618
44927
851906
931576
58306
118671
503479
855103
943338
151280
492211
367904
217218
118991
200565
912727
626881
105044
890026
365454
176728
479598
975530
812086
479631
425256
958966
153994
358632
238724
508700
848234
696275
867805
580321
696803
121084
23979
120922
81341
894050
461627
860560
129779
795541
607683
154117
618440
199454
918986
350012
639135
643921
702393
90835
436352
988166
938354
773455
427620
556705
410874
883728
995201
430303
499942
572693
720339
288800
386763
122551
200946
813065
926554
851900
293054
570430
737311
49313
841781
727465
785697
57315
455975
88135
386487
881743
106174
739397
635505
704085
160770
42565
673603
265355
890551
824752
972312
73071
357276
918455
366219
256542
126021
916431
392776
220214
675359
27680
593108
118308
810382
204924
730536
664789
334169
292710
395182
538229
261113
195016
950195
569495
540724
210647
360121
596996
252816
394345
182934
799418
633474
579630
942980
113193
335841
546382
518347
982222
974315
429654
547245
112389
204451
323182
709804
13890
919616
603419
30240
535914
837518
196806
98775
434312
972428
317748
426195
611155
727547
956893
972590
795507
545955
843711
385941
731790
448308
481426
482308
706613
626208
379972
900998
289395
713967
771590
22880
119491
327710
85068
120704
212971
301384
114288
437243
625685
701914
664744
670800
508268
509217
225891
518285
632164
131677
917087
488192
906913
756205
503865
896949
971234
847368
849885
421256
293133
19520
495094
354295
333447
935799
533758
813974
680480
319983
824658
203802
76059
272756
571819
626674
346649
388751
30748
886304
80309
347264
288469
243976
661304
34969
416741
532050
196108
976048
454311
28069
675389
834478
606877
790859
308276
506700
748436
476689
95196
369310
759617
42305
823970
96573
328563
417401
554944
244293
596417
971215
834233
317612
68592
622218
354116
724008
512000
160235
926987
10191
693535
860850
575023
923342
944166
383265
58511
163449
60000
926201
953393
228504
600971
121737
167554
936514
652262
825422
996782
292519
992559
721667
648431
687733
720920
575202
662593
532754
441295
144744
7490
526966
157737
192146
59082
267504
118453
555305
209975
457529
241603
904525
945159
949132
503621
400919
899428
707713
185248
157437
498491
381209
253764
226736
738855
445364
760298
818571
518091
931409
167503
406833
481666
474015
551892
115990
691473
664580
570912
225044
835874
936059
974196
960235
490055
175378
368950
577495
46569
708963
512650
771616
619008
280786
844743
100895
975942
188191
976158
796035
166352
698273
665843
993517
495369
472989
114596
36899
339037
262866
963042
38706
985046
524995
439758
657797
851659
676141
965147
841316
558464
884057
786101
436577
201882
713912
910538
276250
706280
123438
18850
951609
660778
330831
850786
180084
42243
927813
333802
528122
660755
776347
63195
959097
314558
294392
539169
844928
365904
839494
796633
187195
476348
136142
753712
736184
95460
186691
476868
759772
55064
533758
569895
109454
476464
52751
837557
359802
286259
422730
902231
409710
448264
405618
272504
37635
200380
249054
390066
949823
723871
951906
960809
139483
908514
554222
371952
17690
692344
480317
399889
676709
903843
593275
311922
836626
272125
3236
666275
782992
897224
175975
93993
521935
577366
138279
140617
554996
186987
921673
631854
187953
688493
968682
456873
298667
568385
194570
230207
90432
316014
676979
830440
115863
496269
819790
614058
979499
548568
821540
428799
993541
724653
617862
707502
422
679081
795939
339107
782659
477210
392656
220399
685601
645356
757190
558493
261934
205409
868591
536546
45678
667097
19814
211507
824362
696909
30918
571603
701738
787565
240296
195854
408972
767170
182114
50142
641984
851275
47257
76318
226909
697721
934653
578442
995372
709489
507526
618725
553925
75464
796732
400268
492995
567788
286384
354754
446078
62998
385688
263840
228482
685909
933539
756308
735001
156041
992466
918586
531104
674461
157417
871400
647248
570334
926172
581252
465751
691535
801091
370812
989813
137248
151947
556725
129579
774662
921941
2846
247901
730961
914398
20828
239426
590722
14802
257717
492339
746465
839538
954403
236448
525527
144486
78183
693541
804180
685745
621058
964857
836236
994753
821231
763667
947256
776264
448957
122825
601878
99965
658986
655825
629054
656748
159082
469939
281022
912062
359089
970217
154718
239068
325001
91068
667154
888787
346989
314307
578334
277271
830483
90343
56096
907864
474184
132835
958302
22196
676939
854484
174083
195933
374990
271792
189523
604754
508859
286445
589660
501829
753363
506697
215791
632058
174839
173188
478732
388164
33918
762104
475325
17372
868613
106165
108951
237009
968107
324440
294016
859542
623117
330185
240676
472490
287079
558106
78515
980368
708289
84640
306501
971015
5394
88054
134969
670701
754714
175765
53540
561124
615863
712915
513035
920004
315991
801685
95637
683771
745986
904048
172637
784619
16881
147177
575205
395995
844742
12169
482333
358417
780833
454736
956302
948471
270382
637166
481740
739188
486666
178756
618717
785448
384904
112417
505713
545193
361302
877563
188128
558536
502169
378811
79003
321072
71025
704269
381811
846166
112745
102100
894464
681659
912480
943363
924744
696938
139768
824253
237383
628848
751137
574349
427666
493551
122389
542420
675182
101995
294363
128183
928460
518425
462159
490410
666141
672618
251679
992590
38274
101877
339457
293949
744600
53407
687644
385405
71985
153161
263409
185380
468539
726342
480272
295609
827746
50889
216290
759747
196056
402489
432664
36664
307928
896441
79421
942174
108576
524170
631782
184979
620366
653281
106161
104291
171338
274636
660287
284367
268539
580584
759660
504170
552752
912235
385032
41200
148618
61096
474364
267777
706990
516096
779191
349385
486307
694931
991439
776580
606175
384382
57290
534714
83926
529000
956689
31277
999045
679268
917677
956473
906964
315818
331948
753627
579020
758766
506873
885197
115591
398709
294696
734120
148225
278761
647980
700299
389655
489789
743206
767292
373392
518394
33713
919912
163543
152788
702030
636964
782255
570213
161705
348901
663256
361346
463621
427738
753773
627964
390027
641462
858322
712349
591416
45629
147315
83697
201473
812307
756483
145721
900479
688842
431139
956551
818859
592113
753512
938419
744657
176070
558828
365545
472723
574417
86816
76298
238114
788602
387905
920539
676382
522498
612930
280021
165059
155719
109105
196597
748031
168470
346525
223622
412209
598613
751016
28507
368613
743206
782246
29465
322022
917136
357223
782833
146043
406581
675913
484175
846181
215903
762824
193393
556015
840069
769151
11354
212853
39352
652374
265972
766402
800931
242079
241708
123273
969384
407034
625506
121478
792933
86019
691883
798067
946806
234675
39160
626658
416097
647650
887418
891386
74753
778129
346568
575553
216193
102226
804640
357455
216433
818700
851051
248220
785617
572821
303997
816452
600475
544684
412071
276715
125358
809881
508510
144123
944555
250012
521823
425689
378994
586702
920506
238090
313597
622473
798418
446312
712972
269146
798012
365030
102263
9163
15857
280829
64785
646973
465389
250426
367000
968488
387679
564014
333363
474988
615618
966628
762571
906911
698204
623126
160078
573188
851557
916071
111088
120560
928607
377673
725207
867063
102393
688294
369455
520859
968139
158897
946719
433807
758167
733430
536410
198275
255937
42724
3224
652096
706532
13746
628878
697958
816568
650641
557750
972063
279522
828913
38771
774933
192108
901823
322685
439385
222521
702825
284547
165190
551771
29639
227830
17316
822101
502786
643673
300024
333002
213630
444379
360170
418126
721541
8184
744649
564401
551769
791125
316480
278474
482022
887569
317287
317074
746172
675754
455689
245469
236103
536787
340439
919906
235669
464503
976022
167624
660091
190800
767472
264023
642052
701592
974271
910491
715826
393572
305165
300153
476305
715654
111957
410545
292349
977116
166142
176686
956438
754943
229821
953377
502333
37806
203089
48815
67994
789317
205075
973241
661199
36922
212765
794900
352382
731190
388314
71418
878177
363382
590074
63047
916625
491687
677132
233925
832674
619827
243899
138299
468046
516428
4879
790160
205943
908966
419963
863097
179768
475455
202139
819970
996704
638203
472003
795985
151223
546488
188534
914946
745063
871694
950406
71652
208225
675589
313055
972836
322868
629262
997519
138636
698883
717997
910326
446084
750538
636932
520600
652222
266320
93675
827442
859297
481605
479894
739419
722189
667905
680801
387468
930901
661585
808648
184942
447550
353423
592732
42642
712247
792927
139993
217484
258267
284005
414351
562396
749027
822291
700325
635564
732338
131541
367078
830031
322397
894808
276566
174687
912167
824511
840173
434107
567793
143353
446427
797947
729771
699924
805392
25523
900884
228153
847453
783719
540640
386695
442358
436830
786534
935562
657869
437080
860209
823922
304594
886947
912498
692803
152002
614183
758267
65192
163798
374708
652336
599044
792494
526196
554758
387156
247940
464381
141066
565869
788
395360
673111
66739
680259
677480
712076
204192
417650
780822
933774
816433
269266
485812
256483
901620
679571
523145
289673
577139
889767
259569
73975
115132
327849
153240
971034
34096
548201
974926
237520
344725
598389
773607
387911
359563
854003
103010
715039
355033
909854
781525
908259
681251
243889
139469
167685
37806
32231
858843
720376
53991
923799
872563
693825
671868
850724
997448
625109
367017
865150
823346
894105
569033
23892
165017
645984
174198
943345
463638
281346
933013
149182
762862
174602
455808
364552
811252
598338
335175
562776
973888
231706
669681
105361
320033
649348
181385
793290
490947
698976
141812
718658
573760
400967
142456
168830
539392
648695
358306
712426
789911
16630
900812
617324
794289
137140
711323
245394
779629
128951
163952
879796
899626
137450
130020
916226
917364
493301
256346
322192
65983
68144
33008
320862
5825
48875
666378
744708
76259
908
162578
612068
337920
14708
646389
783593
642463
382433
792573
294833
962739
974754
819824
908591
384335
716675
10226
843635
657444
594970
579177
16761
873145
97326
40016
180999
177903
553523
9559
278068
264905
667353
751120
781999
839113
493307
740100
584548
154016
557583
881174
340782
588106
949077
624334
126637
333111
540849
470348
606765
291549
494614
959236
797906
794277
55323
670607
84832
508806
569231
456965
540905
234780
812844
751967
211830
324670
925039
91286
470394
717738
36712
814036
768473
23539
859101
611106
534337
461025
219925
847037
506510
939898
257680
99145
23542
483530
241529
614973
673445
511658
520429
443565
479081
924063
963161
208100
212070
346190
317561
916483
183762
200236
654578
75301
640797
6328
751343
405797
353007
240994
181670
138563
638861
788309
519475
405540
665043
757226
318595
183572
227034
525921
225597
862684
789772
916733
925694
245303
211165
789106
732403
967984
938106
296147
631793
90543
67212
566412
989758
36098
708814
858456
144805
731331
848868
700288
823830
386646
421815
432655
391555
226101
191931
337217
161920
60440
155462
271
742
918891
809776
924329
866937
769409
630617
777580
448233
315651
479222
178833
951258
325229
160592
10777
252125
450905
384952
484402
595158
948784
145265
291666
201098
801766
12433
132787
149780
595292
490136
172431
256444
22619
533414
112846
569737
96421
484375
461753
567564
332422
611090
238434
116008
801006
90592
200157
731630
396780
237271
476443
584059
724998
600195
704169
561427
989115
923391
102229
18821
3342
406577
512597
512853
202938
29086
190667
865915
368726
898354
484048
510336
347233
457557
214066
536766
187512
397303
773126
29402
90191
254771
75279
561469
351844
633803
18313
164461
998859
822651
185654
988735
982747
356922
329322
942139
776636
527973
647774
752125
526952
610303
82154
766842
984575
177995
889525
191922
610852
450653
618668
232598
761058
892588
810559
852431
302710
308065
749302
927200
435757
986052
333053
25096
472819
715867
781665
68350
411822
345126
910203
760015
292532
988465
316469
597105
879320
510341
336177
971407
598168
389812
230406
894828
847528
742970
517594
168762
664828
700791
752392
229405
43759
306959
783879
701484
935742
470287
398505
890273
239614
667267
809287
691551
654745
96552
808994
399612
337608
583095
105513
562538
861188
756299
830185
226664
187760
670807
367638
629423
334884
993634
495992
44354
431436
395919
217582
102551
331947
976342
677107
41673
950737
261960
295612
507749
286209
308700
920939
744454
173285
192945
507950
157170
416588
858763
362100
968137
3998
341585
704753
368420
280992
738193
735528
595360
196122
554176
187261
611581
21475
880458
919373
617328
689082
482218
353419
990930
797979
438924
149505
942851
414514
273731
601763
699823
424734
822262
819396
35726
307470
516417
642375
917984
294493
355076
327566
162018
111152
971453
714009
995847
429972
284139
497353
899350
740982
424140
213333
315341
186547
590902
784150
535350
608971
426133
774918
630027
176868
791478
200852
349122
291684
259370
540487
488154
737531
191082
407598
319715
147128
500077
177861
298238
860483
542567
734628
567826
580347
340104
36241
232710
2916
132871
406960
846437
428308
750196
167900
784815
943681
520640
716843
330680
45379
382492
893972
660003
978643
456617
734198
250417
169731
255835
895681
995152
332518
668458
94313
911278
824885
411450
431555
458129
20589
633844
734278
274510
38942
271814
88166
725042
589298
69661
711756
867759
233415
624723
243228
293359
657862
467930
622070
48486
929825
350397
791379
113031
170605
642989
661489
890841
309190
394194
959995
954124
602685
438556
426394
372081
910753
137546
602564
242437
211495
632892
937127
23222
191031
969064
371599
224461
590073
371220
686736
650567
60233
834901
526351
579819
820396
355735
621782
818785
923541
851282
306672
608892
412615
436707
765600
679461
439162
943203
259070
174987
991092
389628
409712
666450
249670
927720
945336
834488
550313
427852
681886
899101
980284
979168
178965
268885
512148
587271
829444
42775
972564
207927
417592
411347
380790
608280
580498
836990
818619
226405
741624
435830
602337
51803
380834
654282
100428
154948
730330
977454
162533
677230
120091
912784
82361
892780
605335
175837
701925
390396
319893
721001
907238
157076
516969
390667
471524
569300
719658
625955
8284
123302
241003
927436
834379
738944
602996
502846
788209
682167
67976
318278
971515
134339
882447
366749
966713
692321
242088
957712
188654
437018
563268
631449
448922
501076
507713
521874
756327
154626
624512
257996
226343
159917
224934
165973
210973
168200
69324
55820
678275
428335
847684
101340
550357
275489
23630
422168
436154
478996
416269
875144
750890
596862
341249
529152
818297
316574
336843
363864
856562
399092
484584
608862
592843
825099
125086
1710
644064
732509
861087
479386
136877
874571
628702
812121
634690
350653
83445
789256
394190
673097
753846
667141
164191
904955
979438
553986
280470
715918
675734
288292
181291
343153
131097
546633
809220
731817
479466
596650
583876
147416
453002
318063
94946
267141
522780
604924
229157
541917
905809
206066
203400
604706
284710
576723
972718
703801
441236
21986
125680
645541
51703
850037
216295
195243
231611
184026
513212
390418
341442
562157
36875
648451
880549
767448
139383
195454
42181
491047
991287
726546
287519
397490
437461
862741
172916
608835
310759
716370
145624
111827
272330
26098
635531
854850
88342
188109
197481
961965
878418
223124
37259
533428
995815
359489
180081
159383
173749
319980
995423
416318
147983
289365
397317
626415
884227
666620
617515
166706
133899
328715
165253
884402
654900
811879
882916
844036
607183
964445
292292
583744
674922
105221
527289
771490
890839
736332
57210
327994
514057
379758
424097
373164
196809
896626
711171
740064
55564
168747
8094
99398
81813
791848
574650
204621
440752
336802
908863
442480
897487
618983
83435
335126
180708
536735
204370
349568
397464
299823
950535
798265
501135
176128
374012
566353
443388
762851
778748
252534
366230
983940
152025
866767
753620
381445
557083
267788
510192
833161
175561
234440
832869
540321
779867
156995
477239
664385
427799
669181
62634
220744
118616
797183
260878
945036
260482
112082
16782
996208
766781
22975
964462
447168
339723
960065
889033
997207
637009
981956
725834
537704
18174
33453
481533
805755
188698
604120
22887
952584
144462
177319
123019
200188
990639
684114
210735
126710
233769
344620
430364
130949
250652
311281
793090
434643
655700
878384
868777
723097
377717
83561
359354
192637
740337
56426
924671
717142
474780
613120
639140
735896
46701
882279
705046
433465
468220
735177
777966
849338
859819
533367
128038
177481
198170
398001
863061
959888
868964
478024
262272
60624
487775
916315
835091
118572
27172
776641
591666
896736
710439
131395
504411
110610
886197
666916
128507
312967
702454
878507
74657
498214
338612
780406
630852
163822
870488
643176
151646
125054
445895
761894
648527
511697
571672
228396
788482
419554
945530
625566
613973
675215
771891
541439
228004
625481
238314
258358
680817
993077
391780
473907
49796
357982
831135
459830
126645
135294
2108
380073
485571
758653
154746
463308
257529
122767
777801
694260
742054
259447
813742
205030
149167
275847
240566
963169
807656
56608
272228
88750
789663
36979
269909
998798
250645
859987
727633
727912
97765
177360
520565
923892
177081
380853
184001
646913
717711
121472
664479
83240
208908
210349
486642
400616
827292
541357
88989
72865
610067
546270
401713
897618
585897
236586
828276
208559
92761
488121
168118
205987
653536
307723
772638
417517
419415
633462
452318
674421
494891
555732
174020
550212
78620
547015
663682
541839
905911
676400
165443
218248
657793
134419
380257
201685
786939
549690
180080
572441
720362
714417
911141
265948
166500
719690
671053
267433
961092
648297
781930
709085
393007
102844
893642
363567
965427
987127
488027
227061
479279
274972
564636
726304
625036
517556
350216
263788
785194
40419
707024
856987
633834
313048
19339
98683
324043
203128
979496
216727
734937
837897
295296
131975
228755
945627
500628
596363
111482
793704
577259
174899
501811
916964
296999
174491
971437
376063
636433
524463
452308
976157
543841
768994
696823
470488
88236
391773
447743
791605
55584
212159
799589
547574
233751
853136
525744
825065
58358
367645
806034
821906
720849
162329
761769
52310
492671
458556
877635
918487
880190
441423
851529
373087
630642
581375
824516
33863
219190
570840
414093
946064
329588
173972
315140
385278
584346
180738
510006
167048
511609
968330
794552
95670
481833
749956
36984
865745
562457
600699
207007
533458
899065
977724
631836
832375
311121
201118
427584
815578
695208
956283
951483
903519
320767
190196
532209
408720
10450
14997
432589
952255
185660
828518
155875
825579
75646
767359
523541
843660
235783
592340
602718
698475
343385
568824
201307
125543
567845
498986
662416
869327
181413
93866
212354
976045
285098
873474
497739
473204
982717
588
891586
329190
467318
106225
491785
464754
731946
37492
429137
242141
885336
330573
892916
901627
628763
975192
761003
465065
764441
895792
54089
538355
423876
420355
671459
526350
647995
121192
219191
963054
200837
956419
305612
235952
154998
364937
94212
440977
553629
87211
626179
679499
617658
811759
104508
291788
555026
39734
318187
966508
478393
404412
326800
530564
390455
63750
625989
401142
331984
513481
288565
188678
708466
427030
268373
380032
943437
52615
655217
288308
936830
431792
401419
504131
758363
992627
489050
555115
783697
706483
799132
229585
614293
524973
142122
456105
895331
804944
149570
483305
419821
300886
411615
916480
416420
47521
218363
823732
80024
731471
410023
734892
662344
550935
562000
249750
91834
260472
601565
718558
412192
524966
482173
200083
474968
324361
734748
47965
31795
319659
994066
917736
32379
71500
291947
697961
276314
251601
211733
943388
324853
358852
918363
565353
392569
572533
530
864402
101108
71468
161066
176070
684693
454846
244125
836881
84532
31421
910165
703974
981379
45999
382308
876455
876584
133719
862044
444044
346281
998142
405152
816299
591604
838738
402032
647204
389181
502866
243026
827318
794221
746317
687042
532723
134148
234252
312517
134233
751013
636892
815795
425438
413131
452144
157270
308500
178386
359635
108452
854852
511445
381300
188518
109076
490450
112277
429675
480055
49265
677739
507902
804827
168726
288045
131597
861607
508345
128576
652142
650341
285663
328390
437172
671984
594396
248980
30924
895307
757744
99010
185827
407983
190452
725433
554063
840794
882119
603337
213215
192187
631775
60645
620713
165355
965174
165735
522066
585220
234802
341964
146991
990525
830464
879122
271545
536571
761168
562573
550531
687713
499265
698489
182837
811228
799053
529755
229731
255258
872566
956823
421860
267944
397489
899830
571692
694880
308542
919624
698385
868497
264556
994281
562054
711856
514971
392173
799493
895934
954712
381007
161044
193909
271313
798310
485112
528261
447019
529020
34238
515002
702128
22559
706901
21356
769026
701765
274301
261643
968799
758102
634411
508824
777250
930841
438195
610909
11984
805041
184400
720804
759234
222657
100999
933861
145040
249535
967150
366672
55869
22358
583892
309234
737397
608249
547006
314002
820898
232248
288050
381599
779587
32318
897280
121017
79191
846780
11048
166333
754843
259465
534820
142933
548933
53230
785680
540774
430957
768179
656524
155803
780143
830237
835320
894223
620022
54387
61588
259674
364852
699266
907599
117752
934064
637856
38599
144265
321372
61863
364710
984956
652754
578860
279854
334113
479258
229517
769321
984308
226290
227449
838998
386338
115793
254498
999063
695910
324782
495804
351601
840182
982262
225251
928391
393684
547612
38883
993698
294359
52717
938903
629588
659182
345952
556239
242826
57811
492836
845459
114436
126470
408752
579138
323592
640389
722908
343720
718950
182581
191222
143854
744497
955104
791302
15407
945420
818203
951844
384215
488392
888173
983424
369213
634982
21680
724005
66464
537692
504376
256236
893468
319733
718990
726528
705196
921585
437693
564132
475616
992456
426659
536270
736927
618760
360028
980757
420314
112827
917074
506557
210104
273695
699506
430870
580746
570636
175962
899626
308841
731626
372782
813905
919988
55372
649862
74139
573289
93744
608136
377072
346092
28896
583927
538672
989997
405860
660244
872355
316897
908785
588035
4717
194068
961589
635641
315027
425375
665056
566864
185313
133629
509300
802210
181190
930818
258794
68578
546620
650427
816241
564402
364050
661727
407975
143161
89157
955304
759190
634651
871669
186011
661030
931365
938240
667806
60948
405314
73775
183839
331301
513192
587532
918963
510183
3038
977763
395471
680579
942153
998949
662368
618148
509860
247455
848549
855874
15820
108047
34307
647895
466229
656580
210332
951165
460246
155564
490687
201590
177482
419129
384159
662888
366425
249615
42211
966573
726375
834542
73358
350814
280605
309833
854989
398060
41819
588771
672750
629991
703948
268152
960494
329507
737586
262972
66608
949803
993132
504506
672966
954412
526940
367300
895969
11554
617398
3085
978129
149078
234292
642322
368067
839208
607978
93387
904655
862467
887899
234993
475914
103587
832319
669506
847158
862228
88765
228348
26408
926391
647844
235023
839352
49713
527367
536555
125981
191511
470353
489141
231138
577838
674594
596576
263560
337486
692447
48804
686420
544626
96756
154408
756137
389404
694111
361447
343308
363573
626690
976474
286767
815680
133008
527733
653645
394795
136109
860162
129379
442118
442908
781897
189922
192695
792491
713036
356741
972139
400566
443829
633432
547701
842187
689608
211048
908011
517839
483173
562531
105586
54087
889040
900955
655597
713959
714478
756336
384033
783743
72408
14783
884342
533035
119799
485117
736611
744630
359021
517380
701684
130337
419007
679045
486685
762502
526890
283481
970466
27272
861759
464522
807215
990174
360360
309826
347465
202838
398630
168901
132257
293987
487547
144884
743957
801709
740549
409455
43407
899810
366969
168176
642377
431429
128619
69458
207346
336695
186522
310450
952402
107260
247547
993510
617551
166648
849823
998096
434762
828684
668024
836086
26142
499468
525298
124159
496867
810426
81694
986216
796454
405968
777912
536230
340308
64948
254719
511908
353857
732011
666471
525087
625677
785970
264085
303718
979714
1647
640069
411990
597797
436832
907487
637051
318275
147710
373919
770975
333226
404528
767856
700318
292103
360348
503855
78185
277488
75303
312028
392027
767874
558261
276668
981734
832474
929153
94366
974280
416860
735066
639092
37074
331259
7291
618717
193214
302929
408836
707446
439170
422838
266227
840552
430450
96723
976836
29552
296160
786629
507764
204223
23416
103564
113764
236588
814079
751089
962573
59923
393543
541004
302877
747965
405856
257861
889517
385509
732838
458896
857013
654176
477086
365183
309973
357907
437787
773930
377582
506103
113257
735012
835041
854733
343401
348003
351974
491430
962289
641194
596507
994796
664301
215540
376238
24680
890438
503299
635519
614746
348682
351940
596837
700953
960713
995062
594686
535689
152126
730372
667389
494914
640272
167657
847598
624767
464089
339425
301379
429543
826932
602544
632629
267018
975931
65581
655418
798143
296122
272597
964707
906364
940527
672608
95616
100895
226864
1713
132038
421042
193020
144273
262580
641831
734892
552457
782628
604842
845334
229894
490179
891362
575671
101620
885900
451506
170250
411180
523630
802214
892545
809782
177984
313047
562493
705688
437147
961524
649487
327574
447077
691733
65910
428581
414279
77064
189491
523285
486958
69735
400856
514874
519331
992402
288536
211556
470751
308615
352723
921967
662836
745090
6929
393433
863039
665941
350349
869717
627514
220168
455314
307469
531963
465391
152789
142199
277385
789097
960727
364628
486209
822615
236545
459400
12131
681870
437925
948539
649696
289097
497269
995581
64704
647499
437767
984604
174399
770638
743142
418551
896138
233673
223157
963566
347208
111905
224589
61428
276191
536249
129526
820100
440608
758139
588517
581672
225506
433404
868947
71128
591882
383004
726420
923891
657033
105467
900901
985922
37684
222958
731170
458402
798636
638818
368945
806966
460042
992765
28350
672636
267360
72221
696606
874761
992704
28938
837492
459648
116881
628371
82312
590386
277639
75778
851632
494107
522222
494346
187735
284372
937217
586497
219557
851573
754394
908885
940926
829205
983814
950182
541154
249687
740291
515071
158491
312916
873611
326785
650226
384978
625591
933520
387187
183292
307576
778493
80251
333934
650089
533944
159472
842336
862844
277559
370312
640113
975258
294354
926312
753615
974589
932789
221692
635919
949031
441471
841935
472210
441828
971037
281104
335375
651437
953823
776604
737621
352291
50675
458297
770111
941218
705644
576241
484922
711472
266896
444934
655297
268329
749661
997591
941544
628953
560725
164942
380325
209501
18764
547995
799295
82022
215989
528902
250885
378954
125067
980095
727401
230541
391820
944179
409657
70101
328906
708198
725392
592392
37572
382609
358917
70269
672590
704955
317038
262484
606675
156935
99763
901581
966949
903977
295093
894410
633812
115106
299409
748674
247349
122846
139785
334377
192963
380380
334971
572653
448309
439356
597110
923813
188215
358795
935435
769874
103813
539815
559361
205338
107739
749375
92819
380996
962243
648239
796354
657066
28193
353107
11419
612204
336216
849020
954349
335401
703854
424639
300381
167579
742515
35072
571042
262981
679401
62329
113481
706746
543838
985082
200587
454532
697271
482312
758261
582920
625031
326299
374396
229828
139663
282354
985655
759909
374202
451540
608357
564567
188315
871997
664357
914803
381638
966203
312040
254158
373100
903775
683831
74761
247696
334679
116415
309836
117910
177971
723569
294310
972419
855112
280732
529412
371359
736368
183874
525879
671221
51615
667837
301300
857557
413431
369639
357093
964268
478331
942967
651585
636788
222505
548123
694050
620498
415041
329745
322207
426174
581646
866347
653343
405956
666961
939363
300776
779885
975344
176185
903705
322715
922443
505739
991602
595008
566444
603194
56143
678085
280867
575826
658605
256780
135991
742095
139497
225117
714228
133307
743371
148597
327430
955677
993492
402646
211215
979836
475934
182133
839785
577303
877701
378305
910388
422371
85367
742342
259444
887160
201442
280942
417160
890785
539779
980148
98716
362972
234136
737202
878383
949779
715584
990668
174825
860368
439360
268173
128386
636598
638256
747291
873627
311700
961372
230363
477281
95334
431977
363464
220046
394417
527049
86223
318909
723683
822787
144965
352750
908496
234298
657511
669792
687205
827813
980598
805547
254252
40405
102184
135447
938726
936070
264316
49717
491936
400079
315029
573749
539079
443148
864311
838873
968205
378543
526383
916215
546840
153736
420088
118811
858700
542637
971112
699535
341193
18767
795967
821390
92929
10344
33333
70424
30060
62749
98176
625741
926054
293063
354721
110166
533201
402474
615726
467208
259819
136001
308799
204401
619391
508959
608914
846704
205544
233177
370868
300084
445867
831947
318962
382649
991604
108161
760399
240646
361797
959933
329334
303058
355058
975886
62563
764977
747867
606842
852585
889990
938679
933764
666125
784191
192411
769017
533312
111029
337955
33594
269984
543505
490953
670219
104013
207792
442064
660044
685694
289812
552611
231558
541256
357
224624
86406
52707
715242
943010
344653
519387
99127
640527
293372
686171
597532
955424
863130
713368
873389
531491
930307
828794
416424
976029
152682
81656
933299
868287
682045
819349
838681
969952
150341
653368
786403
654434
661600
280329
597031
900771
539299
43783
356873
533332
219802
199389
644434
947956
367403
134712
184647
836256
892743
528960
805968
809477
12918
801308
881924
472891
101759
595547
868943
941771
754106
10484
625814
210071
255503
996229
279115
659721
673764
931916
989022
610128
592089
811094
322705
741487
415224
536806
84505
306517
951719
575742
772190
125538
200247
585213
932067
838434
640890
938778
432429
846145
473856
7091
192371
113824
863508
285931
639343
195281
357237
595543
424787
125165
317957
59212
548843
128501
283274
443532
479298
391966
444120
934209
474870
14178
316126
766802
156639
154190
387768
432264
403046
314697
544909
609161
945005
536417
273720
776636
183906
149328
842749
16112
605778
722387
72478
294526
352344
409493
48336
360040
742214
69969
181926
857133
757948
593291
636171
270304
784069
655840
377626
514966
515662
769526
113039
484109
537728
268358
146013
585081
306238
63917
333280
705159
863682
330129
978751
57998
246813
10221
249205
542367
623194
904649
904260
29043
634333
47792
301478
650242
230982
721631
733944
731298
119865
858217
997640
72247
396824
294737
217951
151083
912959
201094
783243
262024
632572
267309
214923
991165
907986
562406
791005
448373
980944
21675
215272
609454
457892
505288
800094
577930
43483
532375
527247
991241
730802
525985
25024
472601
304101
752639
289578
611631
385472
744207
134463
466045
648246
672430
167710
536964
278722
43014
499800
6136
447402
623122
228318
665145
996189
602379
175584
828195
48568
723973
62007
241174
623333
72865
100562
527486
334476
147735
927963
799504
129434
807227
405647
193598
146769
385015
264785
864291
327102
916063
953951
964002
826875
118455
47878
822880
61162
485637
45583
271120
377711
104198
985784
765320
224836
177175
563012
894501
238017
478088
501677
366501
937096
910208
404659
225312
112306
621949
473216
532946
155620
578924
645159
676245
598661
53410
883183
598475
439558
560657
311994
876952
257880
231884
107417
221367
604872
96472
742198
137273
223993
636838
222047
724714
165225
13076
12573
682277
559356
788751
387815
846947
810711
990343
409071
187605
65031
88807
208577
64411
156003
791750
843476
905881
355955
462666
496651
968630
986514
665095
498342
319187
564791
348378
840531
140770
45943
477316
285190
406972
543637
308046
644510
586465
911708
152310
846657
693582
218079
937429
884098
502913
40235
321975
258945
103256
775973
336453
482703
940021
923817
641050
517809
335258
703339
182646
577077
662291
769240
81598
964921
506222
201922
566221
89506
261253
249734
316300
648634
819521
824201
298950
25544
468762
952055
975124
556772
336482
945537
370050
78263
655274
930948
309954
235165
753560
244365
170622
179965
948054
919679
236416
618062
357235
466164
878128
714425
589603
362907
883634
58342
210513
196783
18610
74504
658552
935420
391605
722893
27546
36989
182466
248993
853976
425427
364115
369544
527760
35598
932931
812259
242508
29707
45513
226751
928192
327269
750598
768762
962785
945476
151337
36697
222712
479161
793070
538989
703565
877441
457624
967677
939465
480997
616432
724584
743394
843027
780900
673859
186049
679108
499510
438346
661964
633370
588093
685758
842093
540124
642663
939766
741977
493069
283892
690686
658083
169148
260548
986107
972401
840656
679639
864075
445226
13989
119259
121365
787711
559209
391653
258458
20998
456099
749496
238616
266435
207011
861955
301440
162716
631391
806942
703499
597584
707248
179452
257947
232189
693087
488492
423802
504482
753639
865044
566507
313624
941542
642234
87265
808909
923242
479373
530681
584403
812078
54173
271907
297677
332433
290436
225304
717092
874587
951299
81305
218333
632003
910350
388060
746907
644520
817821
470099
352318
715457
179873
268049
943438
294029
536436
100844
711288
893705
604638
582640
727078
448501
634819
876025
220186
717706
338392
97805
874537
593412
458238
69590
465592
280321
650602
773019
370408
736958
295125
709655
185747
330120
605982
461222
254733
515990
94502
520447
260452
872018
889180
73663
587673
235829
160337
590945
702823
909050
820479
11867
23467
215050
111787
967699
222630
737603
505627
56158
126491
274248
520498
231798
468936
659662
92595
5901
93226
258091
60
6508
913568
52163
749236
91293
735987
28494
255623
119617
505190
648508
955550
362084
637522
828816
321130
933302
1209
952930
904339
889778
647148
278501
548067
941943
801972
293430
478320
138202
190955
943398
960798
822100
264033
190020
200126
839369
796718
843402
565642
498326
21471
118665
799930
780051
200896
873459
880906
460123
873098
569386
803541
822831
374540
352454
602706
322179
935446
728201
263333
150886
446639
871938
793514
777664
416879
572191
407742
982690
587180
335639
77352
125907
7616
106739
464723
99575
238965
900578
841116
669582
261150
250329
54215
747652
479493
541080
635369
236728
81605
847619
141346
776267
43617
329352
237624
454908
972521
127331
696249
341105
439322
537536
690821
557724
280792
861546
476542
663101
325006
205800
703698
206322
763491
648055
9196
433814
89258
309516
344362
231464
84329
571589
323817
883103
376958
291947
5577
1425
674269
247149
889444
87687
491276
140001
931328
875205
423155
524581
741251
349864
372571
647955
133430
642434
305106
579132
290431
98788
564939
923028
568347
783014
926449
669273
717454
325358
917798
379869
302954
557287
553943
155831
365130
393916
548177
873669
461627
723128
726984
539940
951490
544509
945716
183766
612954
438705
716348
992464
638096
80593
26388
99309
934199
830947
993291
505456
563682
436221
791206
940551
357433
139549
922726
240666
527269
627359
935064
656809
680670
766084
691997
716342
587227
445187
615860
678576
198786
26663
133796
210997
400818
119985
414615
725982
191430
201806
33450
903948
454634
745004
42547
119949
709723
526659
159111
130635
499732
631620
839792
834429
428082
703992
250559
271580
119188
876338
796151
585965
167216
543644
170101
216688
695311
328238
356784
303180
584754
144020
898727
846249
646097
725740
798406
344703
426476
108204
336807
108991
851924
373059
34670
637154
139187
235692
501219
398829
276024
8503
243139
843759
184558
620232
731174
238309
911441
715320
497341
687690
502163
391984
818358
649737
580823
397405
438891
122747
468053
494306
547889
512491
132380
558500
991513
65779
884791
721203
905613
255772
792642
63257
939287
937371
381464
204584
745392
852723
881778
282496
555648
225523
596102
488100
281898
664456
242601
73578
424093
684533
191551
680019
849725
583605
112778
824428
180536
354580
455500
16540
825353
958531
287564
429144
668217
932871
714742
507664
697818
200641
841901
223037
510353
981327
764069
688861
39621
541126
914316
996984
536929
945466
108769
520179
579881
324513
27067
585691
536048
155723
587266
837314
974643
201821
30311
626984
334188
647167
996403
207839
703367
524985
56370
990710
288750
997267
307021
19469
843749
154455
447208
285185
359385
292998
908496
589891
617129
478633
477536
159316
156148
910488
162913
958286
868204
605764
219725
495276
886255
152373
475821
808671
694261
752375
731222
327949
272230
280893
11931
251877
242284
664693
543294
592396
94416
394323
998810
761893
496027
279938
148212
494440
901681
814872
290204
277263
198458
749292
273380
947931
467833
795039
218822
32233
825932
455852
448857
536858
326617
542703
340009
432032
226910
250928
225364
464260
245926
476899
720761
444740
187176
898294
8073
872271
641211
869104
655106
137890
448240
636282
948790
815337
112469
561187
659905
187541
206463
731607
731144
837744
929829
813365
102280
68410
283808
87811
344193
250684
540214
532039
196259
204437
156500
98618
824059
901939
29499
418659
172098
14398
891939
219170
706678
82676
134155
226899
631712
369371
645812
372079
375844
632471
956763
51738
772644
686815
922205
809901
485275
3595
869656
488229
442493
962427
855039
562995
415661
249983
307880
665461
842398
380065
327875
297834
533221
551950
949684
853194
365794
137816
413912
649351
123064
477962
861064
516781
9921
904387
514751
794516
616517
951698
343011
546665
737529
72039
837065
356229
579345
162663
133503
207970
186870
440281
526108
283219
138800
835598
837043
821979
929843
922416
155360
115834
812224
802780
762972
231949
254725
297207
285384
251172
255880
202770
128355
641320
722114
699870
380516
939834
567158
803593
298544
533480
921118
638949
472665
123450
564028
632844
589227
522226
567134
721170
620829
495133
471486
532669
382444
571160
627033
121646
449461
26334
811146
46699
591105
241322
276406
586145
91585
126398
392112
554323
815912
593846
347120
222428
159468
972906
536564
367731
734907
1784
467440
933222
215076
141048
583810
204878
788685
469137
257158
917097
197946
340293
361935
263423
268822
297726
144734
447316
842670
742565
86026
278534
288296
469707
564202
623791
991202
196500
749223
91229
857605
169668
973066
582176
52366
24652
77039
746777
553929
143776
594454
929490
241713
644627
765571
221397
990499
196688
852360
635972
100986
886447
267841
412365
752100
164552
643865
91488
131828
441633
13469
854181
89582
286894
22178
286901
609371
34851
809278
581004
709733
738658
110511
946505
430806
543846
800997
415523
98639
335309
212476
147090
722726
48338
883363
827278
978405
811574
893446
344492
368980
106379
697361
639998
24292
108273
473327
385030
241297
686694
274488
958407
468698
863608
537004
667351
112365
196408
431700
217319
933075
193179
4151
772029
636395
588136
533010
154920
761752
619925
789503
317457
927858
304216
118440
307826
125031
190165
201271
807353
340336
836189
311467
334744
279580
353729
274162
4677
361489
596506
838419
269337
74198
11577
883570
513749
983782
362501
77871
969460
872321
3329
26275
40371
914210
223731
474955
707451
739032
974878
965293
38684
495582
654848
763920
43111
568166
486311
917746
92114
662220
425324
73002
596848
80629
385281
131144
527679
113004
39784
397801
895016
338993
543326
135155
84386
8426
172287
916321
192989
848735
711016
616346
606320
656677
442314
3916
386016
953726
402977
861795
563441
536998
574885
757000
353531
816232
352554
117966
348116
395662
57935
564529
543057
364428
65421
262864
583099
245865
258468
251823
912526
843369
46360
456809
696225
866510
997294
803633
967408
168819
138384
276468
684527
241833
314549
857048
619334
846137
421486
101342
159632
379114
38495
854806
180767
911067
435360
843724
665756
719781
580382
896595
41872
194714
995178
58500
389774
949609
278367
316212
263892
478275
189553
483397
156272
942211
37716
110111
927262
683981
835949
729676
598627
231477
554118
332700
96788
605329
52444
299353
408866
412154
691133
683770
100784
883321
396759
446783
842692
617508
190178
940048
418436
246724
222633
929055
574506
835472
800794
414737
911168
7404
195915
153162
410698
607646
179763
583135
314564
416895
495843
11381
735156
739253
802522
547044
220712
89697
380132
929694
627254
282684
913982
851260
407737
805840
950739
214069
274612
105980
537978
982655
772746
133676
68142
147583
729013
677383
300667
789257
200229
678820
823013
967800
832224
528727
310165
810512
644415
389599
115234
543315
302115
13626
720551
247549
937908
704858
738584
203297
800265
470065
901287
300006
264624
860394
759294
826587
814820
608922
67216
754951
231319
837850
189071
879841
685651
239570
9469
291736
824452
425318
743019
228312
179629
967655
513535
164637
822183
993354
630510
62791
907530
403431
89727
807256
526930
332420
997488
463941
252607
868709
849759
286543
872429
572927
404713
216180
674434
712540
462026
110491
68806
797791
540884
456858
524631
903313
517698
987577
157603
819234
196402
318029
579018
753865
739352
866716
496652
443629
860931
40103
248183
316513
352725
364842
515315
213541
49417
41698
742801
87832
584329
393057
593388
798400
911406
415011
746792
87547
797679
819059
8856
584229
930876
211033
240681
509937
997388
413798
733078
62952
101456
356763
973779
45774
292989
842869
225175
937816
95027
606922
267853
319235
344048
941993
598544
857796
103892
463938
840426
226389
535771
246856
560366
318147
463878
461438
671851
112761
947107
85214
864826
39086
274802
14260
79281
35007
708097
984692
974898
763417
710999
965227
955746
426305
189714
819936
414147
903229
130681
269046
304239
360221
45581
217554
764016
819174
68871
317663
303493
234378
584097
633437
633716
476475
210873
861070
889371
87543
654019
548499
503363
641258
24338
332297
165135
539090
670342
477270
24573
825226
844926
519615
340971
118069
466671
11929
295789
597517
190075
618295
476942
382437
267157
422680
65085
284687
696995
460256
610774
249996
882102
132338
912579
97090
922140
245770
911478
8703
40924
663296
545815
788741
360138
996010
969427
949305
95342
707795
173577
990156
513246
575493
811835
126284
887778
241246
539318
723629
882376
722034
981679
353049
421953
107449
997463
782482
401538
793055
961895
563402
560330
942008
149851
276812
620237
223013
389210
547209
558287
747356
426214
909296
789780
540851
411509
175980
499612
819303
286207
376183
647777
625288
936128
582381
277558
524176
624069
410192
607128
899393
217886
509104
242174
564928
865878
225404
537068
113251
489588
461362
793056
91000
229736
823325
746148
926740
555459
520210
143044
770566
487039
41951
496343
53302
280693
610538
103785
103496
881758
51068
899951
583391
689103
160099
803983
575207
960655
389764
148555
42837
228321
56356
988231
345305
101324
124407
886306
917792
332344
631051
989608
20666
452878
962586
520348
606715
832146
696614
660339
965464
288510
417393
842551
913980
931346
752442
218269
294978
440943
22970
165204
869562
650858
878355
689018
205919
216520
751929
695898
592751
315704
612500
952510
825997
476775
801993
534524
713784
818913
914490
174255
865746
255088
844676
206770
956215
729861
874321
797019
89226
221034
813718
232357
950760
815303
682492
418112
281069
563085
509766
616524
572787
878595
435888
327675
319087
677107
706298
96883
849764
935851
674716
462791
475054
686677
260388
390518
240014
718761
510317
911107
666693
991698
839402
183619
544345
551632
529540
48094
246825
735638
904786
221540
486648
77663
803530
623782
63694
159132
300783
646302
781459
763294
325798
706644
768192
282180
640871
819918
862781
710714
425343
830124
320417
896575
961303
724024
467005
150600
710791
806758
727359
179197
121941
822427
217972
570012
1727
578561
86850
116870
901518
1539
849823
472045
476926
646583
872405
815699
212034
772103
910943
141473
292435
344905
554067
199684
156813
556600
444827
788683
629893
766918
682162
331301
62699
203003
440582
670963
374993
26820
699382
327155
590144
694905
637767
759165
861329
800223
644223
97349
90064
948693
189631
655917
819365
823994
61403
207053
450400
310510
468075
896612
160048
28699
658778
450885
629047
49645
674145
324228
425021
556871
312208
445146
995640
272449
759770
747424
99969
506136
158214
226340
697730
301667
347548
838975
357841
370671
211598
265653
975312
172939
628704
34349
241663
991045
966225
100729
648484
778521
24591
935510
812574
45569
397057
146868
747566
40709
264617
864548
366239
784108
171162
231107
840309
189290
492107
901281
82241
634464
463312
216279
318138
665586
314858
220287
649852
585204
825744
325831
432283
199418
719783
175990
857449
208577
610776
924561
999369
234187
294572
434049
201896
821805
881244
316347
93535
850055
796209
302691
934074
799990
283191
172620
844629
136958
810691
586824
218613
672411
945976
467629
928599
90874
522229
796180
947995
494009
279771
529201
557971
683997
445999
380419
829341
855891
913455
223508
859460
858637
287559
660137
879449
301475
357720
245021
578208
750671
997952
682339
373743
179438
896072
513696
304268
425387
243954
488760
534548
813517
972845
535022
827245
191147
737313
771872
100639
592679
362803
709751
916366
721502
570896
324327
512955
546976
518299
24527
654028
147750
711790
627166
522467
797589
821910
296874
129217
891113
350365
540327
753013
44216
141846
257305
967538
780455
901323
906031
891900
48782
332476
780019
567041
5929
227663
865408
409066
607367
398198
627994
7715
676481
586084
525789
291123
44680
431384
43054
458942
437329
182281
588668
871407
597984
763992
429025
826561
932156
473995
29106
739674
797419
311632
18457
320391
295172
221953
487189
741369
147967
154279
662401
933783
349577
737282
46586
374940
982918
948072
44137
139010
850977
790388
324536
113148
643944
436140
614950
684889
475040
637405
21311
28986
462410
551094
274869
681778
291713
299636
55422
53245
210557
975789
334386
821927
473762
820074
39172
135666
409066
670081
786085
964008
356591
278096
841891
333128
231404
484397
895293
867899
921920
437669
427027
440182
233427
158913
664457
199354
983527
678891
938305
190468
314599
622310
162556
258530
907427
558647
950193
538294
853075
112618
223541
527266
463642
101188
588194
237115
386620
227081
899174
273306
709153
662770
959267
103924
255090
633766
275407
258775
168962
136181
729299
517297
113858
97943
341080
254595
83921
866436
164542
931688
474239
621188
458416
51242
747425
788864
503294
61602
284780
536709
291942
116157
37515
915484
689221
535572
294685
357324
264547
473116
549004
744456
702252
657490
636943
35153
734961
17095
405343
611254
870725
970532
635174
135194
339430
553116
277492
214857
885385
401449
166876
317324
174152
766750
337199
894050
965311
444335
782876
753741
306881
973587
269349
294095
694264
940721
397227
391071
399545
523679
289949
25117
543656
700328
408261
666940
484733
700080
856453
789074
51695
615896
495401
542219
698275
77186
65153
334401
649900
723860
673314
9728
300807
646635
187055
413089
880465
203820
396136
796358
949384
734317
218299
959772
13763
543800
248555
689396
615770
859343
978027
363355
347031
347284
658983
676980
350256
985235
297536
980406
940464
60227
562514
546803
886536
139287
736032
81695
621445
20046
919036
253268
617068
846384
770742
725032
97628
466249
488347
261340
440188
684675
763950
923238
726259
729940
213272
707043
488485
750216
305864
728121
511482
903967
109345
929376
230465
783694
847494
925819
767260
884914
953597
69914
115515
788800
759581
598834
408664
446100
194759
532966
961788
276777
156901
660658
305045
828325
183764
151376
340828
55617
478857
47408
730765
215451
717448
764238
805700
181821
91965
969800
367450
434055
770239
295452
459764
487029
35176
480352
690887
518021
799950
512983
127271
138892
134019
19518
519948
384666
61779
376407
480502
565708
778329
8135
299212
120894
322545
150666
297198
426346
49310
925825
469171
372273
141458
196063
38931
610095
815406
22739
604462
346625
869481
961205
919102
528718
322617
612858
880135
558972
680693
687678
66078
83576
12926
512989
297130
270016
824899
712553
955460
319158
921186
537689
208151
817001
909212
273858
789305
734475
478419
114630
765702
48323
847209
997698
481450
395357
714887
310734
705028
763044
868682
74163
27076
313118
671134
590703
698185
767454
502883
461644
287966
689592
149852
684139
554762
810214
954390
67507
654030
113780
992886
211023
951119
307506
142819
927464
712910
449471
705920
298594
83225
111265
565214
867642
45443
547020
280794
998945
896702
588770
988912
851175
831997
462353
976843
748661
243473
630009
966836
907230
219530
198804
876085
865957
891283
117746
318221
269734
268813
430611
933708
15649
388156
731870
883701
974123
178135
628639
919093
58921
559183
586841
238013
709394
355079
904567
282587
20115
384627
711200
936253
429682
873058
90229
872520
429608
225509
711010
595148
379671
146674
950310
941465
694126
854701
983321
188414
869685
857369
79562
943680
372331
982244
698744
644640
458663
201851
519802
880805
783658
15356
150614
257446
882430
298943
517701
470284
290459
511717
57920
726686
569357
29562
309838
946722
652489
989035
314479
325746
440884
222540
600852
608676
547398
978707
302382
827281
384011
192015
527038
122041
451071
966267
155691
557811
831102
152909
96863
917442
925911
870795
736841
505775
132160
119866
509108
728738
970872
444858
299538
887417
946884
875174
592362
68301
850550
238932
129663
90904
268505
252250
390481
120426
703705
534075
919403
64268
307542
183354
728006
678109
250446
306729
166667
732619
985315
782894
989139
715954
691626
316303
624772
81120
554375
788209
533644
541838
910889
340050
893571
280294
308718
149922
893306
790565
121213
83776
10738
881928
214076
747786
417652
720478
431465
236890
158984
508080
931825
267692
27072
740403
957963
653854
596309
830928
769906
116163
916074
994879
177475
831060
805306
808885
159061
757475
684969
425404
851817
857939
825396
453304
762678
13620
317044
669659
600336
251485
334588
745997
375410
253341
512771
430285
493694
738622
909233
233013
566044
709530
996321
801861
688258
325155
848472
132625
998358
884298
6732
414204
496214
30152
810158
367100
368114
450824
565603
437558
816453
935611
261748
583213
969637
39592
824080
923972
501372
934138
666712
150077
269801
136082
372697
704004
486600
273329
384377
69627
896624
894616
700806
838653
777198
232086
735683
358909
59982
122866
323935
280476
914967
789680
942707
453956
949570
102469
97585
543583
581191
971057
598415
82299
319238
864747
702092
531923
681948
851010
705694
725562
925540
652842
864930
22828
601871
23183
728677
713539
212264
466379
94893
595201
419351
218097
822640
904240
164010
507134
76743
489530
363277
889783
995327
129469
82076
328482
259494
895030
239125
3296
697065
226582
94790
180698
410615
662944
701639
555023
901784
221218
189726
503557
915215
199466
811307
630007
339097
822229
537023
454326
608913
418124
902705
913164
597533
98965
628581
292644
161852
777841
705165
772905
843499
186263
620839
972372
74394
472682
407897
340019
738134
43783
479189
72233
485876
743980
509352
742402
310796
584344
245822
856407
750698
819366
582713
307896
47509
593159
67722
668156
75973
687469
769897
971231
861507
989483
91979
211051
571423
351610
659138
966362
521227
199802
608149
353343
830980
143675
275955
906486
755506
140158
64001
345014
617360
725219
441577
281985
88526
611715
567524
236128
602880
202515
187026
119725
530764
350264
122743
766452
410637
413501
56958
830736
369892
349843
535463
686691
885261
660820
726573
138741
744850
506374
27575
642022
103456
923746
624956
27648
871529
268886
374665
133328
194025
56735
424573
563475
569570
267475
709932
281054
451540
464676
72104
700412
832360
314483
187051
742700
686415
562931
922120
684027
660611
539548
171729
981778
481023
302102
56429
653322
49405
575115
898031
251406
768681
612877
251397
681490
867525
349314
680452
612274
521835
998850
351724
116979
654270
41670
270034
516409
766500
269614
993933
891440
234607
487308
887404
261069
294650
113825
443170
783271
593570
856502
284904
483949
449063
281463
794455
771796
996985
905247
318585
159319
232414
812363
275150
2256
916232
393655
723929
72391
425123
757555
542692
238606
269825
837351
924284
962412
154894
731888
460499
659745
173023
185636
559016
991662
269326
75376
12555
263414
417154
235904
176671
987608
221557
115776
425620
787634
205553
291440
987000
602138
884022
497748
359139
660264
564407
10202
951810
192415
639357
70287
34008
365519
587010
559928
727898
981811
403935
456246
222862
583325
773669
45938
68598
143174
109757
256491
909481
581768
422135
198363
640090
128820
368459
969623
850377
37809
969820
340566
762720
642581
161519
964999
713563
6962
251950
411905
172352
90712
457810
753166
437819
920751
425381
935753
620919
497970
181800
592253
627353
106236
990676
728973
958877
172467
626250
699398
624609
73419
120151
457657
873953
232527
913907
786375
862249
819904
279399
523924
150880
508815
302956
820774
995934
70648
494935
305913
744139
256826
907248
979880
358004
880322
489114
58659
202057
957807
827043
596358
315719
5251
709097
356596
835991
921747
16480
494675
967905
796262
182410
999815
538628
332539
153770
224512
914095
956923
673938
864528
365309
619039
927845
680288
595276
511059
309614
383591
254394
641842
357581
629836
214557
187611
70848
885253
452232
430969
737015
558522
621312
992190
648237
687262
412760
459760
565650
301127
667778
270999
336300
826512
448425
170702
94816
399490
522175
91722
195270
269940
686067
764144
643164
786780
981562
429744
985239
33600
520169
892807
154271
802098
524432
814187
169057
947693
25209
892288
722808
613790
423617
667806
804341
907566
998032
406166
325450
876573
863818
258183
885053
23633
657047
266160
991277
133440
848587
985956
842928
998916
977858
532962
662118
474053
458374
579584
707175
284321
71366
113129
332293
677634
454996
995958
181176
47884
63972
306929
999333
606050
875697
410981
729668
605043
981721
925875
259112
185280
780212
668710
226492
412849
670306
50537
135070
68630
724238
807100
109320
137647
959606
82035
118033
19085
646961
634904
338208
988237
56047
980514
785820
151729
14368
395651
150514
743865
557623
772083
569495
832030
477911
946072
404848
418330
620677
215586
223738
890569
598656
80218
835043
103507
80285
973954
199486
169955
4219
832081
581111
999144
690162
718302
9339
341835
120568
808648
999416
83579
27808
47445
57752
53297
284767
20675
923048
250997
475236
325628
82766
211902
979409
936806
669487
257919
22882
514914
32301
970946
105845
783759
544028
534963
704256
917270
153478
903091
355082
148036
749478
728260
389440
863389
356375
289491
463610
191755
89200
390629
571167
607842
432006
731429
611897
762453
723527
475068
690665
359482
871274
538460
232056
825814
525070
104600
355745
796666
102559
450316
317019
929744
2903
498717
968250
836529
575581
440447
771064
540469
611322
479165
800148
91787
853096
754627
164489
287726
87510
844875
418251
105228
149880
682090
206407
983110
927308
11731
870923
695337
801830
375516
26697
523893
655998
511744
982400
359371
676489
343414
19685
739677
863072
180103
981590
856400
527432
392273
635173
728946
977198
291063
105078
986064
284060
444606
130171
203757
866838
122657
23061
207732
510513
968124
904640
417848
198870
136110
145688
595951
218605
324335
506453
177958
315370
203169
739997
562995
34373
147980
198202
509273
911995
545721
241162
922677
869279
579369
128844
922188
238156
171791
167494
293047
154040
113154
471556
155881
438655
414201
254675
331174
317977
253248
784467
448845
211100
922942
543960
20389
696350
798124
384772
947961
873731
835700
908067
980422
79714
105789
986738
780102
314289
609551
889187
202086
815741
992486
350111
254599
270431
200513
953513
209054
471989
465407
987282
10041
945747
839044
163475
233987
748192
529191
474552
906130
405337
668365
564461
713681
976735
824721
408061
629927
758999
841223
754800
797234
57811
821429
901780
328772
452945
444782
803107
845127
802498
54903
485307
658505
491520
774560
580385
499248
96187
923717
15677
626644
985091
849912
970345
997338
740245
797835
654015
536334
562317
681960
520330
242076
415480
594349
791261
554632
974166
596929
784121
578104
180645
280089
74134
615582
347760
343541
943207
790165
982775
533523
538532
391001
212037
522472
208147
952060
207056
281287
143544
778609
59625
465853
743533
519734
559936
63572
922969
511364
112510
762797
279508
261989
162875
83942
31345
984566
471287
473162
916840
812086
899018
897897
704113
720797
88842
554603
40684
64088
305310
262924
193200
523346
216242
763285
959211
967448
595381
863464
447212
746147
26159
762986
261851
851892
461028
145867
215575
208237
458691
537640
429164
878612
830269
706179
312812
547629
640857
478730
274499
827619
620921
571915
593038
129445
893550
288321
885723
409863
916709
296691
750790
149011
730383
182055
830342
18777
813431
982988
306665
339108
884537
254175
815490
666771
226347
919686
118753
674713
339846
221777
426009
844729
562059
183968
325866
98981
548737
202717
457564
259463
264897
804000
436705
670712
872600
578408
718926
927319
936916
962707
975496
678205
110880
216779
25418
67749
525865
183215
113469
992526
50662
940020
172412
340524
576632
260599
241066
414116
588836
450510
202033
540285
905589
159719
400663
758825
973415
270835
44473
457285
80523
658833
954288
97126
704710
433107
911813
215638
525435
98370
323639
841230
40225
734948
221659
573798
854398
69043
268646
714873
496146
276440
989388
977700
333742
942978
79993
347943
111062
331957
419887
242587
808891
509397
610009
730162
109874
48243
828507
976477
372974
177053
975867
897801
808915
85396
129294
929432
61864
627992
591788
263417
226171
993088
848131
582124
65986
917703
339763
518892
694313
494558
852129
316303
943528
681222
72197
523311
287525
632452
345641
27877
354930
398796
900241
117768
122191
394881
647886
932532
417027
494449
705011
175995
449963
684026
608689
722196
757283
67253
674061
143117
572783
47784
177971
149952
75431
371135
883475
656229
102226
534890
661560
111903
533175
889465
17411
147595
343375
721357
927427
463955
604774
486469
741908
424760
444424
193532
3863
827917
560842
825943
667206
744010
74069
353467
975439
977098
326210
169898
687588
373914
708394
963908
666287
805800
37559
794800
136053
723703
578857
196630
580477
432508
956702
474643
988146
172377
684808
702270
184271
461441
137363
294993
126250
996775
286247
103824
410293
14233
194143
290843
589042
326157
751227
489278
690747
460927
815776
919004
322006
489343
742107
403122
788775
486165
375981
928999
968853
276984
770024
418444
61889
597297
905451
441745
875616
41993
92
818265
537947
762788
514675
875784
527379
293172
896951
482023
714004
558790
852432
342270
198986
189825
723212
168997
682046
331145
432528
547669
180070
385429
596162
599575
311776
432623
937014
778927
317193
42784
697495
512419
184519
921075
241187
563086
774042
155863
871830
596092
196729
739909
193701
802881
882294
60505
836774
35382
810860
928060
610121
661539
748787
569547
370812
100287
284235
35086
253612
592691
161563
909919
826488
896602
823563
583791
781893
945978
723100
24484
251642
171942
149699
683341
71291
5625
4421
233663
450449
38378
618582
756357
200249
199500
606056
53202
562115
869512
343036
716237
180364
68373
540090
488782
220210
2410
476154
467036
448768
665245
565228
760999
746923
605714
179019
976332
710234
457419
143643
892429
132599
907344
532414
351819
464997
331184
817493
256424
367306
241153
26968
511651
384917
830273
135554
144434
46628
999930
562698
841700
531030
146226
550678
786151
749198
856854
100102
788841
598157
270806
645274
357732
228001
478881
800552
620333
244873
216575
354355
283014
361406
997879
853500
305114
946689
681673
563851
603204
988817
911
603035
378542
510865
491658
29503
798800
590142
388187
159011
963545
686563
857324
466555
562611
488771
533705
905545
805896
850411
56186
357808
374646
365893
801150
31538
831035
62331
464024
978345
298759
724598
271507
765460
748729
319814
557772
762307
781768
826727
248640
148627
651898
708301
681295
492457
111726
207593
23610
626921
521276
911461
337314
338097
588385
500008
720973
896068
450958
400146
449504
401844
331052
833502
597901
864079
369560
594777
523597
680686
902183
376149
412131
872529
688050
947350
894629
32277
402252
557754
51296
305763
559907
721026
103712
302034
927249
855816
993459
865819
5969
176750
463549
723540
723587
76187
449247
900035
473075
786724
925935
224465
126974
945623
705494
953303
53226
394237
305008
931808
822246
378212
593606
697717
69950
975630
761524
369573
330946
224904
353776
68000
94879
349233
462537
253742
664437
229736
765328
661222
988632
101150
939578
746241
560634
455580
124374
949517
293445
563457
609351
242712
456600
809656
673721
717269
980404
755550
401659
242614
825320
790157
113204
372561
339209
892127
32572
674022
579327
921595
906116
199091
2123
413128
409567
521313
588380
653515
799330
565226
773635
805122
884090
251755
104359
383037
876683
868515
257081
654030
128883
708146
472110
537749
829178
779661
520176
580983
855426
409752
886889
550229
358228
553177
429574
321511
334973
636447
84236
784662
364163
840864
210708
482411
255522
455520
920074
711106
449997
18779
239405
714426
659054
674075
296943
852107
461145
36255
705807
989900
815350
75725
61281
742042
909114
848089
781200
921281
37738
147592
193736
536812
115899
439758
715384
42682
357141
389908
965478
651076
471816
753988
468797
225995
107029
443894
29496
187127
425314
574962
802584
783279
586827
588797
806730
300840
373155
626120
513422
757211
869976
848945
859558
456289
105412
126048
866900
676973
968443
35861
61849
916649
979269
565993
314907
307382
923631
412156
913507
971950
686067
791766
846323
864560
287172
948513
521842
933411
744176
606015
676215
549925
841648
825702
964003
998583
46356
155609
21227
442447
277941
855924
419895
450104
246673
489127
94143
592829
273417
192753
644227
923235
339611
328243
763275
132513
806467
238651
521831
11227
523151
640599
923946
699469
493512
561884
883256
82037
294296
938934
370120
975
207399
479456
576428
250845
775223
376130
279002
750316
720911
926329
532738
524547
586188
629792
603609
656069
711842
97565
43766
832051
930349
532830
70946
133686
554674
709280
635851
705068
333794
425926
285879
126669
416111
146591
668425
867131
471599
389543
397217
324597
146205
6512
231485
570164
118148
109814
119776
57128
739819
774465
355449
305656
764020
853784
843913
58987
444760
976248
56852
90078
375742
207369
254055
180000
89608
262767
162915
755335
443842
640914
468958
535275
735779
171495
225635
578855
965106
949623
387830
286248
602597
181973
817330
55357
918543
108869
652967
336077
17799
266179
147124
231869
68696
992914
460802
368831
268720
964814
481247
965732
745061
841399
712697
724268
627131
65682
898043
667460
412711
578540
452994
102780
174688
549658
238140
901916
186374
5512
345860
804304
573711
821554
495102
888763
629458
827244
687386
321438
613183
278718
441109
255574
321717
400
826945
197715
391746
749960
919852
102774
742211
857137
289717
21236
807130
24476
583121
404009
949224
365396
684007
478166
965582
674275
161042
501875
699077
54338
617694
451180
589850
340167
142377
265372
430013
63367
710255
88166
265207
673299
282384
783534
913809
957178
939318
16155
477223
799163
43964
254070
904272
293177
77304
654481
599617
510718
155950
463743
834542
643699
235167
471515
506471
271432
802213
90863
236090
310056
41889
83705
212399
805481
19385
88153
471916
239874
100784
574824
968101
719727
281287
624373
515304
838476
46137
627664
218706
253894
522772
495318
216896
993302
619708
191524
925565
608766
64810
38482
793559
295439
179352
647969
181330
992586
805863
168649
965254
724660
396279
293036
794543
610858
999048
188658
45983
480951
705736
136226
158084
625918
778466
634339
559739
559744
681512
207112
695603
194386
920189
161965
803249
401121
250690
592426
225208
827312
459244
339455
114755
904677
824784
480639
560028
959653
606631
787964
671239
723545
836584
395554
489297
766901
527196
771862
834341
894174
244339
782410
333952
979765
473220
465289
322687
708530
534632
829788
452926
515907
509389
710899
951573
908027
939306
705627
20449
342678
750064
982013
837963
63669
737287
224659
949823
989463
828123
737659
621394
516802
28498
684476
341506
707645
424459
147811
831434
2576
59895
959390
373891
707109
23991
943364
689018
161275
173656
761255
914874
628831
580097
689113
839765
372590
95234
562093
994011
464692
705563
579713
859520
238521
90408
547922
334622
635375
118682
593472
515905
983617
544947
288546
435885
985722
343055
717839
498894
204302
223829
635663
223461
550162
956506
836634
219031
357466
247315
700844
78533
341025
959315
744945
830920
704472
987891
657269
662660
206624
933763
208893
747057
727764
543963
227050
630370
570171
315471
721420
876777
626925
121593
408986
527919
519338
862892
917487
787926
94810
619989
579269
404827
953641
471051
532296
142635
178497
242227
536807
241535
344031
398202
661691
656807
710070
641104
868739
565270
635861
230372
691796
743837
269144
104170
579101
488920
669427
402939
389373
727803
597304
194418
178726
90846
914164
482964
323197
785314
175608
80471
120507
835745
410169
412437
872170
576442
186521
610812
919648
921605
184516
778638
335848
256480
833693
762798
781365
304730
135137
138731
668437
809948
804899
721643
697201
394177
14413
906128
367976
582059
457030
174991
955659
160496
490242
987182
46860
374204
571462
975149
410446
706551
793182
758320
574337
973691
737337
844445
868717
994922
744388
902442
242414
882896
849156
161110
322813
390501
404499
583690
456401
792162
528562
14986
938501
667229
89797
143737
552345
136755
816927
135115
590991
61071
677127
453815
50169
804845
546832
785308
495421
270976
412938
192620
47512
313653
759533
745177
981629
571281
304786
302210
402833
251661
179815
73958
163721
605675
600672
35458
751354
111528
889866
952550
898523
468786
458290
955000
778605
412724
475286
953878
878003
541964
35912
957820
657270
854326
134095
873599
878666
430088
467867
563880
759396
975979
283906
203285
10361
183385
616865
433948
901806
139145
170993
287091
368973
482805
15267
951704
581396
716177
234722
301937
829530
984281
521177
198757
348684
706170
189540
813628
337931
229811
80010
456284
495407
370847
63888
775322
674690
851632
85953
401443
831574
570771
85667
121100
712080
603298
147614
70417
594871
273690
288071
622948
962563
786550
448196
142128
437497
906760
772373
729922
768302
943867
260215
147344
488835
712389
538284
670642
196590
350405
159653
209765
433380
379771
966788
835319
144407
844828
801113
465389
502163
425605
973656
492332
475130
27582
773975
874195
988695
825436
165134
190213
568569
497977
414933
368480
305503
244900
650139
690701
101974
154065
812875
999282
302619
819693
145794
580779
699175
10823
818298
697309
993324
478081
579726
784005
715621
857259
287108
972139
824682
531653
465577
869606
692025
621066
538072
944499
296618
22453
51967
205848
593621
934591
749199
201879
259715
465496
535809
504130
467642
696328
73230
374652
499563
892879
856676
52519
596507
990234
376669
585744
938373
868706
514730
256444
796965
245691
955018
364004
748926
38594
418472
68329
414610
25044
43353
917339
906889
421571
452453
938925
772491
429986
289357
264624
884511
49109
953832
279656
241689
143632
289830
202199
893928
468906
719711
172601
749829
825730
320270
417169
406672
714783
432249
252290
947394
121045
702515
943846
271645
476320
949323
941253
613030
350555
814610
710171
163414
235879
881500
612475
134828
718769
407194
642593
146356
879490
882
556170
905720
702762
592682
54192
259513
87818
175233
558783
657173
971407
780532
881194
376071
339140
935185
481259
596711
556302
408050
437168
361378
46430
842136
457955
975988
357087
810283
442732
642179
620431
789229
636023
41335
80540
809096
570514
197152
290009
931019
735162
211936
191522
683891
989543
40719
443404
103140
403805
68344
323273
756574
73503
324248
175507
962469
39407
874110
885821
551324
312050
785742
456687
960667
996344
456678
431490
393530
234000
626888
524687
180704
498812
732011
439612
627737
472572
799102
219736
703662
144115
837419
876248
401009
125112
974155
857433
300184
856776
141222
985106
204855
185357
74060
847313
781905
829715
322919
219702
660966
200064
240292
326312
28406
263737
172409
426249
492702
982513
509712
255277
641240
206281
370672
140569
479430
797341
627405
878975
915792
687789
225519
275575
120936
739571
178356
681049
896115
558342
583370
637990
618302
118596
808088
783398
630019
700115
793530
52831
502383
911119
309759
199120
934742
829594
921104
936974
316444
915333
935836
616845
687924
728815
6624
70233
541533
416148
694070
726062
910056
478563
808190
679416
433314
506745
861106
881183
573767
804428
749507
616649
691607
701246
587822
292080
990669
412798
254971
868579
835638
575892
434613
344664
193339
400214
419491
699761
104068
361807
487113
705148
718620
289665
667581
750407
530141
676377
554979
615700
257380
964633
226795
743543
767269
483599
104336
341036
101036
911892
841496
39858
592317
675235
473909
746857
448998
552623
783375
119679
187300
457093
615188
387439
703411
130770
239911
87373
865493
409833
598509
890583
677234
614951
326332
360692
413827
264001
110792
573428
216220
649251
201103
935341
687439
530275
375103
527033
168797
240274
822862
700903
621755
967556
520869
746312
290132
708472
4579
582965
780061
854677
926966
87129
545966
659113
449060
62421
332189
211185
783707
249185
269449
859882
717661
855669
984535
574685
584065
140207
829540
604176
241963
729032
282469
436464
884397
283052
573585
673012
379927
116243
405812
20238
825803
847711
650349
876761
288688
401813
625657
244212
803287
620249
510802
566955
800407
526378
909184
796878
638578
434304
43908
797604
588109
106392
905861
264158
215364
407630
500702
857251
811566
29423
583165
482858
227280
939305
790622
8916
34976
542593
438420
221530
435282
329222
977894
460508
746290
57676
300387
950027
708524
957311
168358
416782
356820
606794
849227
817570
617528
979549
343687
36416
387152
143059
22959
62754
889046
457290
532899
709087
69926
781848
473045
534735
198968
252465
128256
583597
54420
748938
882533
18626
703636
241333
147892
111576
815920
774473
471998
297842
204821
740868
88181
542220
267386
145603
377140
91263
384536
32898
437961
121408
902354
571274
421606
856228
164559
255813
439645
659178
911385
503346
872432
693873
634983
536538
179680
842832
331406
786214
63660
639178
36350
99584
182285
500641
23352
9999
161590
536519
282670
246904
963595
261838
877340
274382
641037
653353
297083
337686
749978
20753
483287
744426
811259
66613
634357
397215
984692
661318
98115
518518
633025
939786
575903
928334
163795
997093
713553
241568
626123
650992
728325
394483
348319
921480
923667
731963
176722
364920
114673
331941
359552
682143
651974
807337
117031
764256
548948
472356
429730
646853
657917
489037
629602
538494
686601
765871
252521
489843
347352
978905
634031
42613
212065
70760
754870
427485
168887
739541
202183
24068
47978
260436
286049
241159
430766
442154
657091
243247
451174
864383
244043
253944
540986
510644
665835
441836
943518
758197
664893
530487
51289
642549
124624
624735
11078
159584
338451
319583
231649
492508
539365
629717
410035
801444
202704
91626
58817
253025
846217
504798
986111
979844
148889
270798
868962
120576
635434
431265
799071
513735
235825
477581
269102
750831
765068
609081
289251
769796
850295
545511
154718
658719
581052
63324
66344
631311
680072
800740
360327
9769
651641
38613
528099
479790
780253
551245
429114
626754
167198
27597
155111
926381
564238
418096
43453
686183
305588
43007
552669
743533
675125
900403
861272
813895
471007
226660
38541
120438
422991
642102
629619
299388
378063
277149
126399
325127
622515
578446
297141
371689
666211
713129
447276
156690
363945
480915
904747
867399
934295
272328
107862
709513
582237
563967
230452
343780
369924
524957
334759
731671
223003
811683
984414
340519
850848
550084
255913
681423
722580
382548
134994
718463
945408
888144
790571
991365
21557
769935
92564
343503
758206
62712
248039
271743
527926
734754
187265
659853
989661
802556
472002
558206
633138
353507
701534
931814
780812
781689
350665
623811
324973
896159
641788
874085
563029
350924
500622
364953
689928
776800
252753
704281
909832
455613
132478
818974
763748
73752
64271
61047
329164
730244
342091
902243
332342
280521
814587
801080
911635
228926
147114
216846
525976
934450
831586
488230
770882
652265
871152
575465
911403
800315
647158
728132
903605
890311
438000
71057
946271
696470
758585
414878
38140
85671
14380
266992
824554
333128
35481
338821
734197
744353
658630
318558
848537
248230
520896
999058
415309
911642
871716
81235
126342
548827
661388
898770
414323
843426
578752
718518
159404
984918
417621
630528
258915
84663
696888
314269
74611
238231
337634
922378
563860
346823
275077
93043
28228
243302
169589
357015
558297
891183
136097
562188
602054
131113
469930
429726
348353
442905
591638
332017
443032
514954
347058
643462
965290
783881
493241
383089
561044
836428
807645
351606
478697
44969
819447
839147
442861
572674
797725
352893
965577
679261
180242
5192
219398
828823
916801
912299
89144
486363
862650
229406
572260
870028
851377
840888
10013
401779
514048
400750
663239
410548
470552
502766
590554
103661
418960
177908
327852
159228
758589
334328
260930
743973
421305
692692
846409
211211
904678
156130
407914
441964
992758
862621
704515
137423
924357
967254
160371
325343
711544
703696
507612
74745
300505
96861
556441
366180
825814
937850
218356
783635
599157
469689
299807
911642
896409
501755
478850
618790
419632
772151
668820
733466
466491
991943
887440
34542
871620
727853
230855
174977
713299
35545
879788
149225
467172
319125
544196
192030
1727
223639
190118
927682
151078
778959
227650
89619
212737
787351
443657
343623
734812
497260
623792
973996
350931
121306
456759
310777
166069
555069
958381
463502
241683
668001
249593
5789
888183
611358
28434
423253
241420
718380
907515
449108
706381
475644
294716
615811
101336
533034
616288
889319
880823
827412
587140
63504
200470
982306
14625
325363
15889
55646
298000
987363
705089
479
649335
208784
995706
411778
454025
3104
34559
794031
737290
166393
345145
35443
815505
373348
638488
249432
287868
478917
228320
308466
746639
229918
737260
654947
534182
572137
119559
14400
673602
676286
907983
870929
737136
769139
77458
494119
959197
626624
181073
412002
405447
133395
5927
689867
767440
531276
876661
35807
458507
594207
505100
213801
787540
115619
709761
355357
87616
663191
666356
695078
741559
360894
685010
954254
56983
923886
471925
198344
535085
819558
664441
394937
116948
296648
475136
793886
731325
791092
905338
404476
288200
309012
531983
278320
185551
373196
652033
661046
464348
854222
841131
113738
297369
950035
492977
333341
842094
655081
410106
750960
679399
773046
876924
391831
232399
240111
814965
935196
697053
971130
543735
393840
956508
753950
180795
368222
26349
307308
688973
707071
757293
477113
485911
925349
306642
880407
614216
600871
504287
142511
527498
903288
874418
888324
654818
493861
573676
539042
634665
4295
936582
292525
814225
692950
938642
725426
241411
46277
290927
746091
166977
468774
255424
510652
454559
167216
336378
621089
739812
19001
599128
833829
589260
644418
187008
356488
91895
922666
696183
803690
311131
758201
135088
427175
394387
784855
600242
88474
850413
688697
340990
555789
800983
175317
43279
466950
751373
352626
974919
17111
886031
990628
692878
729313
607614
214730
69969
666901
232748
22132
510712
43738
284896
674448
73510
865938
291298
350374
729042
368856
437001
741165
127381
138122
240633
400105
52804
346222
821071
34727
937555
201053
23239
74308
864973
637027
696161
992465
171829
510820
251448
389106
854609
651736
559298
435387
838459
831088
405876
834380
7490
659895
664825
319966
27430
159393
706519
835000
439285
854968
566128
712368
694936
872417
88505
877904
841552
530445
511674
425565
262842
24578
